date,AED,ALL,ARS,AUD,BDT,BGN,BHD,BOB,BRL,CAD,CHF,CLP,CNY,COP,CZK,EGP,ETB,EUR,GBP,HKD,HUF,IDR,INR,ISK,JMD,JPY,KES,KHR,KRW,KWD,KZT,LAK,LKR,MAD,MMK,MNT,MXN,MYR,NGN,NOK,NZD,OMR,PEN,PHP,PLN,PYG,QAR,RON,RUB,SAR,SGD,THB,TRY,TTD,TWD,TZS,UAH,UGX,VND,ZAR
1/2/2001,3.67246,144.950653,1.000922,1.788552,54.834766,2.072782,0.37649,6.450175,1.942145,1.495249,1.607756,577.646042,8.274961,2229.491643,37.345011,3.891815,8.299692,1.055751,0.66885,7.799924,280.030244,9401.683042,46.797607,84.633344,45.506527,114.690472,78.210151,3869.574446,1278.005998,0.305982,146.904383,7668.5026,82.968153,10.560809,6.585164,1105.911069,9.725061,3.79999,112.860023,8.795995,2.261237,0.384497,3.540015,50.872891,4.099013,3581.56638,3.64,2.605978,28.665765,3.749765,1.736788,43.820063,0.671478,6.2505,33.014842,817.214263,5.484241,1730.361881,14698.82203,7.568182
1/9/2001,3.67246,142.778428,1.001631,1.778438,54.651633,2.073093,0.376415,6.46644,1.946426,1.496551,1.618069,576.333562,8.274697,2233.608692,37.253622,3.823114,8.287523,1.061513,0.671132,7.799956,280.8661,9414.15108,46.688211,84.682481,45.354537,116.314926,79.018747,3856.579087,1267.989161,0.306048,146.28231,7642.708223,83.129183,10.597543,6.488671,1081.055207,9.759083,3.800792,112.668865,8.773272,2.241356,0.384497,3.528145,51.043775,4.133284,3579.619189,3.64,2.603768,28.496756,3.75047,1.732632,43.145865,0.672513,6.2505,32.693357,812.475269,5.466121,1835.017551,14656.63227,7.700316
1/16/2001,3.67246,143.000425,0.999828,1.800304,54.36581,2.075751,0.37656,6.441351,1.952476,1.504329,1.635917,572.22404,8.274529,2257.432494,37.59348,3.802585,8.245644,1.063909,0.680627,7.799814,280.587133,9384.215289,46.53015,85.019125,45.168721,117.694133,78.837352,3836.527837,1283.007823,0.30587,145.110497,7603.144921,85.003393,10.595835,6.521249,1098.363791,9.953286,3.800798,112.452189,8.737224,2.245352,0.384497,3.520446,52.917776,4.09541,3563.079048,3.64,2.629264,28.384934,3.75047,1.734137,43.185272,0.668632,6.2505,32.678287,807.240756,5.435402,1865.61836,14585.63536,7.817119
1/23/2001,3.67246,142.29191,0.999095,1.806353,54.159668,2.068079,0.376735,6.4199,1.958444,1.507741,1.631005,566.58905,8.275209,2239.037098,37.437192,3.848964,8.208781,1.064924,0.6797,7.79978,282.699435,9308.947663,46.335384,85.553311,45.010418,117.072527,78.624019,3823.067928,1273.252649,0.306555,144.612523,7576.506857,85.213854,10.581163,6.524397,1095.439566,9.764385,3.799913,112.082492,8.802098,2.238509,0.384497,3.520283,49.383637,4.096099,3568.555331,3.64,2.640672,28.365366,3.75047,1.741836,43.03955,0.674173,6.2505,32.566942,804.422239,5.413947,1844.041671,14548.42139,7.853407
1/30/2001,3.67246,145.482222,1.00231,1.830324,54.777862,2.125432,0.37613,6.490269,1.974688,1.501438,1.648429,565.789121,8.275216,2241.061069,37.733534,3.869409,8.307926,1.080467,0.684233,7.799581,287.653973,9381.564416,46.514836,86.289007,45.507992,116.157655,78.854707,3865.423508,1265.553601,0.30677,146.334674,7660.345765,90.252327,10.742634,6.617484,1107.730782,9.673941,3.799985,112.200718,8.888059,2.281534,0.384497,3.551415,49.712733,4.12341,3623.224965,3.64,2.648566,28.532402,3.749765,1.746689,42.730638,0.68136,6.2505,32.354267,820.379472,5.47298,1819.180167,14711.42764,7.833006
2/6/2001,3.67246,143.109848,0.999069,1.822712,54.204033,2.102829,0.37659,6.450225,1.997719,1.510252,1.653487,562.887072,8.274526,2228.103147,37.18335,3.871702,8.228706,1.074631,0.684495,7.799912,284.90744,9711.475542,46.34037,85.239219,45.082815,114.808315,78.140472,3825.123364,1257.001288,0.304793,144.829436,7580.229564,87.182987,10.615963,6.503862,1096.084531,9.707583,3.801343,114.698563,8.773444,2.260074,0.384497,3.525125,48.695728,4.070908,3600.289637,3.64,2.652208,28.463688,3.75047,1.743168,42.425735,0.678894,6.2505,32.268194,815.80133,5.453229,1835.346492,14562.86205,7.79172
2/13/2001,3.67246,142.653369,0.998175,1.868239,53.992453,2.107235,0.376745,6.437736,1.979856,1.522902,1.664434,554.544886,8.274494,2223.283592,37.253518,3.873605,8.196442,1.085078,0.688301,7.799944,286.215634,9705.401618,46.521893,85.606469,44.907062,116.940577,78.115113,3810.134771,1254.159479,0.305432,144.680323,7550.716981,87.211995,10.664852,6.556119,1092.420485,9.702076,3.800258,113.746631,8.87764,2.297693,0.384497,3.51912,47.607782,4.074501,3660.754717,3.64,2.676872,28.615688,3.75047,1.744726,42.45069,0.679171,6.2505,32.315567,812.61779,5.39407,1827.849057,14506.95418,7.880067
2/20/2001,3.67246,146.023153,1.001116,1.910005,54.659978,2.154853,0.376425,6.507828,2.007648,1.538456,1.68864,565.345848,8.274552,2245.036113,38.039158,3.89895,8.296803,1.099455,0.693437,7.799941,293.262048,9749.120728,46.664147,86.957001,45.462955,115.615332,78.664969,3857.24366,1233.720886,0.307229,146.148842,7644.200662,85.644212,10.812569,6.628335,1105.336273,9.694593,3.799898,119.614112,9.059142,2.339082,0.384497,3.534021,47.716259,4.11301,3731.201764,3.64,2.681336,28.7914,3.75047,1.739797,42.773969,0.691282,6.2505,32.315191,825.697905,5.460639,1759.933848,14695.4796,7.776427
2/27/2001,3.67246,145.050748,1.000237,1.904043,54.448325,2.125202,0.376315,6.480192,2.03632,1.528361,1.678729,569.024338,8.275028,2269.131298,37.796665,3.869161,8.265524,1.092304,0.693189,7.799921,291.514789,9912.782386,46.685406,86.598276,45.60406,116.208667,78.265691,3842.387864,1248.160846,0.306644,145.789589,7614.907781,87.080269,10.75974,6.63298,1100.109135,9.680072,3.799847,118.216741,8.987846,2.309883,0.384497,3.528714,48.32252,4.093092,3761.977518,3.64,2.699247,28.786642,3.75047,1.741266,42.868725,1.024315,6.2505,32.381728,828.522318,5.438721,1778.194914,14646.07661,7.730517
3/6/2001,3.67246,144.7656,1.001786,1.930509,54.752452,2.109125,0.376315,6.528505,2.024664,1.540408,1.653218,590.104282,8.274923,2276.249409,37.480819,3.870068,7.653842,1.073102,0.681682,7.800107,286.616093,9933.88835,46.58322,86.022201,45.843087,118.721524,78.260739,3863.864641,1265.501281,0.30672,146.835866,7657.279879,85.416204,10.688706,6.488846,1107.360707,9.657145,3.789006,119.37601,8.850429,2.326796,0.384497,3.528459,47.747553,3.982541,3795.98017,3.64,2.715504,28.795075,3.75047,1.754771,43.51373,0.881112,6.2505,32.426419,838.22718,5.462873,1722.707188,14718.61192,7.865056
3/13/2001,3.67246,143.485112,0.998302,1.987479,54.043686,2.119662,0.376315,6.452619,2.061557,1.547913,1.678948,587.909728,8.275102,2269.763993,37.56135,3.872222,8.20376,1.092433,0.689439,7.799898,288.530834,10223.07922,46.656792,86.687677,45.247338,119.919802,77.342803,3788.871984,1276.511262,0.305831,144.676157,7558.052597,84.361183,10.709955,6.541078,1092.903717,9.617159,3.800891,120.323843,8.953076,2.403586,0.384497,3.50713,47.994507,4.068681,3747.674419,3.64,2.712336,28.619214,3.75047,1.760413,43.578885,0.940663,6.2505,32.511166,827.30276,5.391002,1730.167355,14524.55988,7.803225
3/20/2001,3.67246,146.491131,0.999571,2.000329,54.161419,2.166005,0.37652,6.467295,2.119236,1.563078,1.695084,587.349907,8.27475,2275.543246,38.395596,3.876963,8.23969,1.103401,0.699163,7.79953,295.062118,10308.36197,46.675494,87.804878,45.347118,122.485298,77.941416,3822.10643,1296.785773,0.308272,145.104213,7574.445676,85.401996,10.873892,6.685477,1095.329268,9.519217,3.79964,122.074279,9.0025,2.395527,0.384497,3.516507,48.399856,4.112306,3755.986696,3.64,2.736206,28.609313,3.75047,1.77502,43.954091,0.975896,6.2505,32.764414,835.101996,5.407982,1793.691796,14550.55432,7.988247
3/27/2001,3.67246,147.331323,0.999224,2.009797,54.258266,2.175091,0.376435,6.487936,2.125656,1.565406,1.717061,590.910502,8.274778,2312.857794,38.264338,3.883631,8.254133,1.120036,0.698174,7.800018,296.862188,10310.89701,46.602318,89.845845,45.428731,122.693628,77.9341,3829.166667,1311.937649,0.307726,145.306077,7588.025022,86.028776,10.908233,6.702748,1095.268097,9.527033,3.799839,123.03731,9.058654,2.422645,0.384497,3.51743,49.382667,4.113047,3808.634942,3.64,2.738849,28.759719,3.75047,1.793899,44.413156,0.961885,6.2505,32.662919,858.551162,5.410076,1816.934763,14573.50313,7.982755
4/3/2001,3.67246,149.035613,1.001785,2.060351,55.10017,2.202786,0.376305,6.601696,2.177229,1.579355,1.714533,600.645619,8.274731,2336.532997,39.181977,3.898639,8.380893,1.119545,0.699867,7.799096,301.927728,10368.21651,46.728805,92.187677,46.132617,125.91443,78.247179,3888.298474,1347.723807,0.310224,147.516111,7705.799887,88.106134,11.030582,6.80701,1114.29169,9.431547,3.799484,127.230073,9.138133,2.488602,0.384497,3.548577,49.96441,4.07134,3870.966648,3.64,2.762778,29.080328,3.75047,1.812379,45.244793,1.24172,6.2505,32.973395,890.062182,5.50017,1841.718485,14796.60825,8.122483
4/10/2001,3.67246,144.959195,0.997824,2.019625,53.960313,2.170373,0.376475,6.459475,2.145252,1.557519,1.713898,592.840962,8.274642,2398.250419,38.81573,3.872685,8.208608,1.124547,0.695524,7.799828,297.280112,10757.99863,46.510705,92.621576,45.178312,124.47854,77.122664,3807.937395,1333.389734,0.313805,144.574623,7546.361096,87.485243,10.894746,6.666406,1085.274455,9.308098,3.800047,113.676914,9.07468,2.484589,0.384497,3.533617,49.927265,4.022023,3782.694243,3.64,2.778576,28.77099,3.75047,1.813458,45.547851,1.284902,6.2505,32.933159,886.626048,5.379542,1797.138066,14502.51537,8.052357
4/17/2001,3.67246,147.053805,1.000545,1.981852,54.556933,2.207652,0.376475,6.548743,2.19515,1.559756,1.731907,600.692847,8.274829,2325.058999,39.07753,3.894098,8.305654,1.134663,0.698865,7.799836,303.530297,10938.43077,46.946838,93.720851,45.677284,123.560344,77.651802,3865.066545,1323.216071,0.307877,146.083494,7629.723581,87.66588,11.007394,6.744511,1096.266636,9.287581,3.800171,115.668297,9.145037,2.472256,0.384497,3.565806,50.367701,4.038448,3829.951086,3.64,2.801557,28.988056,3.75047,1.808556,45.578485,1.214168,6.2505,32.967148,895.406666,5.440337,1837.015129,14666.70458,8.130911
4/24/2001,3.67246,145.310376,0.998549,1.985132,54.168506,2.172279,0.37649,6.521007,2.257701,1.548281,1.709266,601.566476,8.274651,2328.855632,38.342554,3.87892,8.244511,1.117489,0.695807,7.799284,296.841014,11995.29979,46.796826,94.015379,45.592333,121.934351,77.26499,3822.489691,1305.365517,0.305903,145.022846,7575.337122,88.751182,10.86621,6.652179,1088.453137,9.292945,3.799623,114.813329,9.088927,2.452345,0.384497,3.586399,50.215189,4.038003,3802.273487,3.64,2.800748,28.821855,3.749765,1.813099,45.492404,1.246532,6.2505,32.882162,893.00234,5.399755,1853.783573,14567.14588,8.105181
5/1/2001,3.67246,146.560388,1.002279,1.936475,54.663362,2.202827,0.37632,6.569964,2.201017,1.535781,1.728033,603.435006,8.2737,2341.976214,38.904331,3.899339,8.347454,1.121204,0.69741,7.799452,302.101,11217.9599,46.907182,96.665164,45.716314,122.303005,77.778223,3857.447048,1318.322865,0.307735,146.661785,7644.535827,90.96103,11.571992,6.718229,1097.401983,9.280923,3.799848,115.784137,9.081116,2.396843,0.384497,3.595799,51.656555,3.971834,3836.964849,3.64,2.825895,29.068274,3.75047,1.814896,45.708276,1.148524,6.2505,32.968486,900.171248,5.451893,1870.617395,14702.11807,8.017075
5/8/2001,3.67246,145.192872,0.998608,1.930756,54.196707,2.195981,0.3765,6.513648,2.226417,1.544301,1.74177,601.504294,8.275171,2368.115491,38.861759,3.882765,8.277916,1.130689,0.699199,7.799737,292.184951,10984.70035,46.778021,100.033837,45.326641,121.746784,78.126904,3824.475524,1302.616995,0.307113,145.896684,7579.415746,90.323523,11.555944,6.661065,1088.32619,9.195797,3.800169,116.568915,9.083639,2.371592,0.384497,3.603348,50.446333,3.947891,3834.141665,3.64,2.830865,28.945127,3.75047,1.824695,45.618064,1.148189,6.2505,32.882903,892.465599,5.401647,1819.783442,14588.76607,8.005623
5/15/2001,3.67246,147.799954,1.000253,1.927141,54.46339,2.222607,0.3767,6.555429,2.330196,1.549809,1.745167,606.707883,8.272643,2382.258814,39.282244,3.892117,8.337477,1.138655,0.70345,7.800029,294.432128,11378.99248,47.042148,99.692062,45.549156,123.457484,78.536684,3843.407847,1302.767566,0.308589,146.458714,7616.583029,90.5448,11.668283,6.759352,1094.390967,9.172451,3.801214,114.646442,9.134949,2.393477,0.384497,3.605062,50.290119,4.01437,3847.981296,3.64,2.836234,29.093123,3.749765,1.818897,45.55666,1.133577,6.2505,32.952256,896.872719,5.42062,1833.827555,14675.63869,7.989205
5/22/2001,3.67246,146.985607,0.999751,1.908979,54.161428,2.250742,0.376015,6.540357,2.307282,1.539813,1.765807,604.531745,8.27481,2316.256516,39.388552,3.872105,8.292458,1.154831,0.699947,7.800037,296.69867,11336.13707,46.984642,100.736903,45.295452,122.897997,78.851363,3821.945884,1301.450215,0.308478,145.628094,7574.323546,90.492185,11.722222,6.716062,1089.28958,8.958244,3.799169,115.190558,9.144668,2.355661,0.384497,3.582158,50.52989,3.992516,3811.790443,3.64,2.853968,29.035464,3.75047,1.810574,45.59535,1.105114,6.2505,33.438,891.88601,5.392746,1823.73057,14612.55037,7.918753
5/29/2001,3.67246,149.077409,0.9994,1.937243,57.840154,2.276714,0.376395,6.562442,2.339326,1.538479,1.782817,607.46611,8.274604,2328.319302,39.969807,3.881716,8.303906,1.169014,0.704327,7.799925,296.284324,11188.37185,46.986192,103.180543,45.403414,120.165757,78.766546,3831.407858,1288.424978,0.307542,146.154116,7592.984097,91.303274,11.885699,6.774556,1093.987371,9.08744,3.800109,115.38225,9.232425,2.370066,0.384497,3.601929,50.517604,4.037535,3876.028999,3.64,2.879365,29.089862,3.75047,1.807291,45.447993,1.119573,6.2505,34.051442,895.1029,5.411015,1823.117399,14673.99439,7.928378
6/5/2001,3.67246,151.695216,1.001965,1.966361,58.439693,2.296937,0.37632,6.63544,2.390283,1.533147,1.783093,609.190376,8.275791,2299.901743,40.164816,3.906148,8.396692,1.175219,0.708583,7.799867,298.684332,11228.56342,47.080407,105.398701,45.877614,120.130097,78.555632,3870.998228,1285.923883,0.309421,148.349675,7671.352628,90.844921,11.963615,6.849025,1105.36326,9.179079,3.799977,114.352038,9.396586,2.434697,0.384497,3.57179,50.745784,3.984643,3926.154755,3.64,2.882511,29.32912,3.75047,1.811425,45.171742,1.169223,6.2505,34.111058,903.356172,5.460012,1841.878323,14876.9049,8.048953
6/12/2001,3.67246,150.906302,1.001521,1.907128,58.251003,2.290862,0.376365,6.62379,2.3917,1.524726,1.793532,612.37982,8.275872,2323.269883,40.048126,3.891153,8.367949,1.176411,0.72661,7.799091,293.732387,11227.09339,47.085403,104.779325,45.730352,121.713217,78.617275,3858.567383,1289.010905,0.311201,147.422705,7646.849186,90.322752,11.947664,6.853906,1101.753599,9.093204,3.79993,113.786641,9.420952,2.389702,0.384497,3.532192,51.385801,3.945362,3913.488317,3.64,2.901559,29.253482,3.75047,1.816496,45.326628,1.189084,6.2505,34.1092,901.437338,5.432735,1831.083314,14883.7621,8.09778
6/19/2001,3.67246,148.170034,0.998853,1.918428,57.770758,2.268628,0.376555,6.575733,2.466939,1.533629,1.785099,621.257928,8.276285,2311.208381,39.575748,3.882183,8.313909,1.169588,0.714955,7.79982,287.126926,11312.62835,46.978655,105.780684,45.352096,123.06618,78.681595,3807.497372,1303.453018,0.307471,146.174238,7588.718907,89.997916,11.852681,6.745416,1092.643933,9.065732,3.799688,112.744249,9.211385,2.415261,0.384497,3.520081,52.217786,3.967885,3881.233213,3.64,2.886955,29.106212,3.75047,1.817384,45.233636,1.218401,6.2505,34.421691,893.984585,5.378255,1815.84725,14813.61672,8.062948
6/26/2001,3.67246,149.141795,1.000603,1.923168,58.073975,2.262111,0.376405,6.625131,2.313006,1.516912,1.766027,623.599868,8.275724,2292.686953,39.30774,3.892216,8.355824,1.159263,0.706795,7.800005,283.381307,11319.90999,47.057405,103.274881,45.590291,123.833881,79.184587,3827.755197,1299.867201,0.305891,147.030542,7628.707467,90.786387,11.816688,6.645221,1100.416909,9.063201,3.800216,113.340843,9.207825,2.401057,0.384497,3.527879,52.369664,3.953896,4006.991058,3.64,2.921114,29.182325,3.75047,1.820199,45.253427,1.274978,6.2505,34.446335,898.708628,5.386947,1780.397166,14924.97968,8.022518
7/3/2001,3.67246,149.546899,0.979331,1.932995,57.941391,2.284051,0.37638,6.624809,2.338431,1.511195,1.795315,634.580911,8.275696,2316.080167,39.765091,3.949556,8.336236,1.179034,0.710119,7.799958,285.54532,11272.13467,47.159799,103.589502,45.487584,124.296922,79.282472,3818.736024,1294.3685,0.307923,147.061316,7611.156879,90.797502,11.927857,6.497705,1096.881252,9.037105,3.799836,112.578322,9.354839,2.449682,0.384497,3.515536,52.985604,3.981288,4032.929269,3.64,2.90658,29.209898,3.75047,1.822745,45.422819,1.26849,6.2505,34.420235,894.628692,5.380134,1756.255149,14920.5602,8.019564
7/10/2001,3.67246,149.57285,0.999887,1.960469,58.004564,2.270193,0.376455,6.646226,2.473604,1.519955,1.7813,646.896665,8.275835,2318.156481,39.755998,3.955494,8.350731,1.169029,0.708703,7.79996,297.071209,11302.80416,47.195517,102.34055,45.536337,125.469324,79.084482,3842.270334,1298.531354,0.307826,147.091867,7619.555295,90.331437,11.902516,6.881568,1098.081919,9.138487,3.800288,113.603511,9.29249,2.458732,0.384497,3.512665,52.99141,4.319836,4127.466355,3.64,2.937323,29.298772,3.75047,1.834411,45.510323,1.315534,6.2505,34.662898,891.606788,5.38069,1763.206554,14953.89116,8.232295
7/17/2001,3.67246,150.980507,1.001873,1.970591,58.435533,2.276417,0.376455,6.703147,2.538276,1.538557,1.766799,666.443961,8.275786,2298.012307,39.644516,3.971479,8.413809,1.167712,0.714133,7.800005,295.948976,11304.18695,47.214972,102.912165,45.97581,125.088068,79.434763,3870.972287,1314.963496,0.309657,148.182245,7676.17426,90.768706,11.920503,6.883396,1107.209958,9.192445,3.799593,114.449507,9.36377,2.464966,0.384497,3.51974,54.04719,4.217943,4380.248943,3.64,2.927817,29.374119,3.75047,1.833723,45.796767,1.495925,6.2505,35.108064,902.242837,5.356388,1786.308126,15088.42179,8.247689
7/24/2001,3.67246,149.607258,1.001013,1.968802,58.306844,2.225848,0.376455,6.703606,2.437826,1.539024,1.724013,664.255132,8.275979,2322.132755,38.902524,3.966998,7.726229,1.143338,0.70359,7.799905,284.396534,10136.27699,47.181624,101.550299,45.876321,124.003568,79.139518,3862.34497,1312.63272,0.307267,147.756086,7654.225999,90.641238,11.740411,6.66169,1104.820854,9.119149,3.799883,113.140675,9.178897,2.438063,0.384497,3.507667,53.605808,4.211874,4340.342214,3.64,2.957534,29.400723,3.75047,1.820005,45.78047,1.311944,6.2505,34.944799,902.305926,5.400666,1772.393202,15075.44786,8.188037
7/31/2001,3.67246,146.043404,0.999541,1.969683,57.920274,2.223367,0.376455,6.667961,2.436486,1.530024,1.72711,668.647451,8.275828,2283.222583,38.799003,3.9539,8.253341,1.142725,0.701624,7.79978,283.664438,9402.019128,47.145659,100.342661,45.569503,124.966104,78.986658,3836.756139,1299.784119,0.307127,147.255283,7603.403769,90.165563,11.661794,6.752599,1098.490006,9.167925,3.799556,113.238492,9.125933,2.431252,0.384497,3.492259,53.540916,4.237921,4301.439178,3.64,2.946591,29.355854,3.75047,1.803274,45.721906,1.322676,6.2505,34.769066,898.328955,5.354426,1775.545403,15000.11422,8.258148
8/7/2001,3.67246,144.966925,0.999659,1.9402,57.970689,2.210064,0.376455,6.678148,2.456012,1.532316,1.717204,678.995479,8.275943,2284.23089,38.623996,4.091247,8.347628,1.139944,0.706026,7.799463,281.057696,9296.84625,47.135376,98.699818,45.608006,123.769284,79.000367,3839.917883,1286.324619,0.306956,147.453239,7609.831204,90.153764,11.655452,6.746008,1099.413777,9.127228,3.800187,113.33474,9.087641,2.390816,0.384497,3.501955,53.307567,4.242359,4285.150547,3.64,2.969722,29.357265,3.75047,1.78247,45.503702,1.351493,6.2505,34.702985,896.074361,5.350137,1792.096259,15030.90785,8.292534
8/14/2001,3.67246,144.758029,1.001111,1.927431,58.32616,2.179939,0.376455,6.745205,2.517346,1.538598,1.684124,693.373516,8.275945,2290.768195,37.76804,4.240803,8.396855,1.10917,0.701444,7.799751,275.677716,8468.603343,47.199492,99.475914,45.931088,122.068939,79.253554,3863.648528,1287.593662,0.307492,148.363069,7656.690455,90.279505,11.483385,6.746989,1107.197814,9.130067,3.800404,114.062221,8.987071,2.336273,0.384497,3.504177,51.345017,4.256021,4295.272079,3.64,2.982424,29.469057,3.75047,1.758991,45.028907,1.452099,6.2505,34.641913,903.545941,5.399086,1813.191347,15143.62177,8.277574
8/21/2001,3.67246,143.32603,0.999349,1.880481,58.173532,2.133934,0.376455,6.738716,2.534847,1.547287,1.662469,673.5032,8.275717,2285.18595,37.328467,4.252943,8.370727,1.096249,0.690465,7.799887,279.983444,8505.512505,47.206601,98.269062,45.768514,119.834188,79.073839,3853.297546,1281.174554,0.306436,147.928352,7687.237073,90.161733,11.308228,6.714505,1103.286591,9.13827,3.800541,112.829755,8.892656,2.289859,0.384497,3.505254,51.277945,4.272239,4360.418493,3.64,2.982978,29.444512,3.75047,1.753345,44.761357,1.434818,6.2505,34.637717,901.051709,5.368975,1798.400526,15108.89571,8.341676
8/28/2001,3.67246,145.201283,1.001603,1.892389,58.371046,2.162827,0.376455,6.780248,2.561883,1.541457,1.669694,660.775491,8.275747,2297.201955,37.72096,4.285233,8.466047,1.09937,0.691352,7.800019,280.194277,9076.957554,47.236515,99.568679,45.925348,120.276063,79.284634,3866.644548,1278.675654,0.307117,148.561159,7667.662022,90.366512,11.403119,6.683145,1107.918602,9.147407,3.800097,114.166114,8.898278,2.285472,0.384497,3.502555,51.288834,4.25094,4405.596107,3.64,2.987034,29.494636,3.75047,1.750849,44.368787,1.402597,6.2505,34.671031,904.235789,5.383543,1809.643884,15165.45012,8.38438
9/4/2001,3.67246,143.6767,0.996688,1.919973,56.876031,2.169272,0.376455,6.64214,2.560196,1.554537,1.70058,662.808262,8.275745,2305.995898,37.948665,4.248955,8.323077,1.126062,0.692163,7.799845,280.280563,9005.204999,47.136381,99.531773,45.140245,119.448536,78.60349,3800.535117,1278.674097,0.305228,146.3233,7927.926421,89.939158,11.449889,6.569788,1090.090301,9.177802,3.801125,112.118172,8.898183,2.312216,0.384497,3.465543,51.062739,4.256745,4340.111483,3.64,2.993751,29.350781,3.75047,1.746191,44.118048,1.432774,6.2505,34.536211,890.823857,5.301449,1783.61204,14911.03679,8.460129
9/11/2001,3.67246,148.583222,1.004739,1.93295,58.385319,2.166272,0.3765,6.866577,2.640781,1.562741,1.664492,691.291589,8.275223,2362.154893,37.873093,4.312051,8.577755,1.098742,0.682193,7.799894,280.687319,9139.162481,47.672565,100.189647,46.498215,120.597672,79.857711,3914.770192,1292.509136,0.305592,150.807675,8069.522535,92.272311,11.495092,6.815149,1122.869255,9.51478,3.782352,115.500892,8.834412,2.332509,0.384497,3.529835,51.596334,4.22133,4521.709058,3.64,3.023083,29.783021,3.75047,1.753788,44.829935,1.433486,6.2505,34.87551,917.622713,5.447233,1796.407854,15361.78046,8.561269
9/18/2001,3.67246,139.993518,1.000494,2.017071,56.85901,2.104958,0.376455,6.731958,2.672953,1.571188,1.599401,677.982826,8.275737,2335.559785,37.110772,4.255617,8.426318,1.081242,0.68158,7.7997,277.955139,9678.343777,48.027452,99.492221,45.677398,117.249635,78.998629,3846.056612,1297.07273,0.306158,148.098531,7621.283492,90.244034,11.184799,6.691876,1102.07433,9.458778,3.799005,112.478392,8.639032,2.436186,0.384497,3.505454,51.37626,4.237035,4382.260156,3.64,3.026018,29.48871,3.749765,1.734907,44.13276,1.490837,6.2505,34.497301,892.493518,5.324546,1764.974071,15038.13742,8.666276
9/25/2001,3.67246,150.722537,1.001321,2.026449,59.489756,2.127131,0.376455,7.045772,2.717594,1.569431,1.590927,705.07278,8.275942,2371.754371,37.283958,4.278162,8.826504,1.084935,0.681673,7.799878,283.800521,9451.966616,48.273565,101.536617,45.812772,117.498183,79.460848,4057.541412,1306.796713,0.307598,155.144943,8002.157803,90.396927,11.280896,6.715562,1105.340017,9.477152,3.800617,117.731037,8.739062,2.450278,0.384497,3.576499,51.368573,4.223845,4632.301656,3.64,3.04562,29.526373,3.75047,1.77138,44.50665,1.54846,6.2505,34.906748,931.351351,5.371731,1769.125981,15760.46208,8.773402
10/2/2001,3.67246,148.740886,0.999779,2.022793,59.126456,2.119418,0.376585,7.027751,2.703461,1.569232,1.616793,706.756456,8.275721,2368.455152,36.622618,4.270093,8.788116,1.08994,0.679629,7.799209,280.005983,10062.95571,48.026738,100.707368,49.273914,120.692659,79.49192,4020.111002,1316.633857,0.30564,154.508652,7926.629666,90.22238,11.297747,6.676461,1099.521167,9.516643,3.799804,117.523125,8.81522,2.467224,0.384497,3.550487,51.630993,4.211231,4609.239308,3.64,3.071254,29.482588,3.749765,1.777843,44.67251,1.57018,6.2505,34.86616,925.771031,5.342475,1759.832408,15690.82599,9.171807
10/9/2001,3.67246,147.099967,0.997224,1.991985,58.820298,2.125245,0.376585,6.990101,2.786048,1.562626,1.618065,726.907943,8.275767,2360.054993,36.57133,4.257033,8.744697,1.093043,0.683435,7.799888,278.93536,10023.24051,48.093019,102.349614,48.971065,120.263967,78.914512,3999.010116,1303.117643,0.310469,153.694115,7885.43457,90.015352,11.245459,6.637877,1092.787991,9.509979,3.799666,116.378766,8.733736,2.41382,0.384497,3.537207,51.665207,4.164038,4664.701403,3.64,3.075695,29.442946,3.75047,1.80271,44.773177,1.629461,6.2505,34.817135,921.407593,5.307408,1749.048189,15646.03503,9.267021
10/16/2001,3.67246,147.502209,1.000383,1.950001,59.355612,2.150861,0.376585,7.083738,2.775365,1.551538,1.633458,727.287605,8.275668,2362.133457,36.906048,4.275915,8.825784,1.100995,0.691132,7.800052,279.944885,10016.99624,48.08951,101.447194,49.434158,121.405656,79.363528,4036.036235,1298.535205,0.306518,155.159081,7957.578436,91.222636,11.390356,6.702276,1103.126381,9.246412,3.800097,116.283694,8.795421,2.386248,0.384497,3.532181,51.843889,4.082523,4749.116217,3.64,3.068388,29.561257,3.749765,1.81888,44.654996,1.630843,6.2505,34.866371,931.186478,5.358816,1765.598763,15798.16615,9.209745
10/23/2001,3.67246,147.653876,1.000622,1.967678,59.311354,2.192549,0.37628,7.070552,2.735193,1.573465,1.662928,722.062947,8.275745,2362.166263,37.445552,4.280671,8.835603,1.123746,0.703075,7.800018,283.634604,10137.26792,48.062635,104.388433,49.379656,122.72923,79.097823,4037.256667,1301.865166,0.306704,155.179476,7959.232587,91.811028,11.564251,6.687296,1101.888151,9.226754,3.799988,117.290424,8.939688,2.393981,0.384497,3.533308,51.976941,4.128502,4745.245865,3.64,3.095959,29.614381,3.75047,1.826149,44.84047,1.605958,6.2505,34.586017,938.570946,5.217734,1763.643524,15776.64004,9.490769
10/30/2001,3.67246,146.393425,0.999537,1.97487,59.045786,2.142194,0.37662,7.052295,2.73898,1.577192,1.623273,726.521747,8.275743,2354.284592,37.076449,4.256068,8.816196,1.104327,0.687834,7.800019,281.552784,10301.98864,48.010243,103.839365,49.164718,121.970988,79.109617,4014.905119,1295.61953,0.306334,154.442851,7916.019417,91.829855,11.377152,6.664828,1096.966019,9.268241,3.799707,116.839144,8.804799,2.407738,0.384497,3.518736,51.91434,4.105031,4720.995146,3.64,3.097336,29.672496,3.749765,1.822575,44.686948,1.597961,6.2505,34.513407,933.936452,5.287842,1756.023831,15722.08738,9.386718
11/6/2001,3.67246,146.29394,0.99879,1.949662,59.162705,2.17855,0.376615,7.067292,2.611734,1.593023,1.640381,719.845066,8.275676,2356.731179,37.330534,4.276131,8.806048,1.114628,0.685761,7.800041,282.468077,10906.75897,48.027772,106.215824,49.238701,121.074022,79.092033,4023.356768,1292.842157,0.306518,155.240487,7932.262024,92.347299,11.481085,6.674813,1098.751255,9.209936,3.799757,117.09519,8.85101,2.384808,0.384497,3.516213,52.002587,4.094186,4758.520254,3.64,3.122102,29.734125,3.755405,1.819341,44.664639,1.544399,6.2505,34.521726,939.464345,5.35409,1758.587211,15737.52929,9.467519
11/13/2001,3.67246,140.816557,0.996844,1.924199,56.918684,2.209184,0.376615,6.756288,2.524881,1.596023,1.66436,700.998669,8.275575,2314.317574,37.505623,4.266317,8.388498,1.134155,0.692906,7.800108,281.076426,10780.95867,48.036311,107.27211,47.224044,121.377717,78.968407,3813.752545,1286.511146,0.305957,147.636281,7557.701877,92.198519,11.556209,6.67392,1077.393124,9.2463,3.799046,114.634698,8.918388,2.366422,0.384497,3.444857,52.052274,4.090477,4608.561411,3.64,3.121438,29.697976,3.749765,1.82575,44.440896,1.557562,6.2505,34.488871,898.906356,5.285591,1736.394481,15039.43678,9.698831
11/20/2001,3.67246,141.043744,0.998712,1.923036,56.927471,2.205662,0.376615,6.767441,2.536417,1.593126,1.650403,675.042076,8.275791,2318.445802,37.628659,4.262697,8.390696,1.132697,0.705144,7.799344,283.815245,10399.48153,48.009995,108.125567,46.974161,122.754714,78.946078,3814.9932,1280.343465,0.306265,147.812783,7557.842248,93.046102,11.579839,6.74252,1077.411605,9.180018,3.800004,118.439483,8.960946,2.409777,0.384497,3.43577,52.074266,4.097008,4682.196283,3.64,3.142986,29.87466,3.749765,1.836486,44.400752,1.460888,6.2505,34.486682,904.893472,5.271974,1739.097915,15048.99139,9.751006
11/27/2001,3.67246,139.633591,0.999515,1.913976,56.942421,2.210678,0.376615,6.789144,2.462816,1.594179,1.661671,671.505832,8.275823,2274.408886,37.687358,4.272606,8.391659,1.134616,0.708059,7.79908,286.195869,10311.94242,48.020673,110.298134,46.992945,124.051708,79.004354,3815.350478,1262.638263,0.306534,147.807237,7560.844333,93.071302,11.598259,6.743832,1077.835685,9.231267,3.799694,119.379836,9.02943,2.411537,0.384497,3.463571,52.049594,4.081702,4669.287665,3.64,3.135467,29.943673,3.749765,1.834669,44.080992,1.483057,6.2505,34.464051,909.368457,5.269629,1735.116067,15060.6964,9.958714
12/4/2001,3.67246,139.423725,1.007202,1.937968,56.437093,2.178218,0.37593,6.79217,2.430494,1.572562,1.654037,679.992819,8.275889,2313.144623,37.128436,4.268109,8.383386,1.123513,0.703354,7.799458,279.591039,10355.56055,47.900467,107.739834,47.018647,124.164714,78.905874,3836.18288,1270.168324,0.306116,148.653112,7564.895529,93.2429,11.462818,6.71749,1078.421703,9.225704,3.8004,120.542575,8.965148,2.422184,0.384497,3.435233,52.036334,4.027522,4716.861379,3.64,3.152004,29.961301,3.749765,1.835913,44.080813,1.482361,6.2505,34.469246,911.804089,5.297619,1722.197259,15072.96113,10.468133
12/11/2001,3.67246,137.85586,0.999608,1.943069,56.947351,2.185868,0.37593,6.780344,2.350986,1.577096,1.657685,667.215857,8.275751,2318.078152,36.925403,4.265538,8.380097,1.122021,0.696207,7.799671,278.119229,10121.84273,47.818547,105.927256,47.050853,126.145347,78.762461,3815.929502,1276.27611,0.306099,149.214189,7562.034127,93.071969,11.516446,6.737797,1077.961383,9.146386,3.799434,120.003368,8.98309,2.398806,0.384497,3.429219,51.973151,4.058487,4719.914683,3.64,3.166555,30.088011,3.749765,1.831316,43.79113,1.442781,6.2505,34.457862,907.376515,5.297822,1712.393354,15066.71531,11.112252
12/18/2001,3.67246,136.942965,1.000198,1.938708,56.92632,2.162833,0.37593,6.787428,2.335038,1.57176,1.634953,666.229021,8.275721,2321.157393,35.256617,4.551497,8.385386,1.1085,0.686659,7.799519,271.703717,10114.57224,47.828133,101.886374,47.028628,127.870293,78.658479,3814.136707,1290.081773,0.305891,149.439636,7558.688415,93.05425,11.393864,6.692299,1079.492898,9.108411,3.799765,119.459609,8.871735,2.395342,0.384497,3.43294,51.540282,3.977253,4690.434976,3.64,3.130222,30.309698,3.75047,1.838872,43.872008,1.444264,6.2505,34.711786,907.035064,4.997725,1704.2166,15054.38305,12.241654
12/25/2001,3.67273,137.04592,1.00045,1.966195,56.945669,2.215896,0.37643,6.780746,2.341359,1.594066,1.685406,663.900319,8.27335,2288.028796,36.366936,4.532446,8.404035,1.138109,0.693443,7.797057,279.304501,10077.61991,47.962154,102.182314,47.028757,130.309504,78.545454,3815.51489,1309.89517,0.306816,149.844283,7558.445101,92.967834,11.53569,6.739679,1079.015685,9.095699,3.799985,119.887474,9.028159,2.403097,0.384497,3.438147,51.153479,4.000341,4650.920664,3.64,3.141064,30.163105,3.750185,1.838784,43.986943,1.476419,6.2505,35.017676,906.34576,5.28561,1707.956354,15059.78632,12.012317
1/1/2002,3.67266,137.694315,1.000337,1.960294,57.238284,2.215896,0.37643,6.813684,2.327096,1.593625,1.665585,660.572665,8.27335,2293.699399,36.099664,4.575141,8.451242,1.125715,0.687932,7.797896,277.605478,10233.28038,48.362175,103.801203,47.291161,131.390612,78.839611,3835.141269,1316.892786,0.307689,150.756836,7600.669466,93.514354,11.610008,6.810609,1085.479405,9.196366,3.79977,120.610462,9.004404,2.40381,0.384497,3.449273,51.694762,3.966073,4658.708726,3.64,3.141064,30.345058,3.750115,1.850606,44.333315,1.476419,6.2505,35.077866,911.983434,5.329536,1731.113128,15155.08907,11.817213
1/8/2002,3.67246,137.233135,1.400927,1.912948,57.030082,2.184248,0.376555,6.85399,2.353162,1.597204,1.653459,658.762262,8.275658,2289.096836,36.115977,4.575438,8.478819,1.120809,0.694058,7.799179,272.767364,10320.53541,48.289312,102.435739,47.115838,132.674242,78.649292,3840.363677,1308.048771,0.307511,151.675833,7610.48378,93.240027,11.500786,6.78405,1103.513301,9.179842,3.799779,115.268829,8.936976,2.324639,0.384497,3.446937,51.643838,3.936469,4766.539454,3.64,3.204085,30.598721,3.749765,1.848752,44.051556,1.396206,6.2505,35.065631,918.260186,5.318341,1732.405433,15108.71029,11.554868
1/15/2002,3.67246,139.06187,1.616661,1.927788,56.562766,2.180719,0.376555,6.777572,2.363541,1.590466,1.662805,664.876161,8.276769,2250.06573,36.161602,4.576181,8.348162,1.125977,0.69253,7.798956,272.544027,10258.45943,48.184734,102.555481,46.483188,131.172784,78.186377,3858.058731,1314.216486,0.305307,148.857879,7508.350146,92.962856,11.477079,6.673728,1088.704326,9.173851,3.799614,113.619144,8.905942,2.363298,0.384497,3.382927,51.100607,4.039117,4727.14638,3.64,3.214814,30.351435,3.749765,1.825494,43.775886,1.37109,6.2505,34.920292,889.125757,5.247445,1723.81753,14830.49765,11.654145
1/22/2002,3.67246,141.234428,1.837469,1.926518,57.406342,2.209467,0.37657,6.888584,2.369256,1.608519,1.662536,671.755063,8.275687,2269.274178,36.533487,4.597411,8.472899,1.130351,0.699912,7.799602,276.480117,10305.68516,48.316083,102.276331,47.276104,134.049436,78.78281,3845.402039,1327.853863,0.308205,152.315968,7612.684032,93.636971,11.583635,6.823431,1104.992072,9.159268,3.800125,114.81427,8.94851,2.329164,0.384497,3.46604,51.392709,4.137599,4833.080408,3.64,3.192302,30.624859,3.749765,1.840818,44.169968,1.342672,6.2505,35.094061,928.517554,5.333862,1747.225368,15152.00453,11.589398
1/29/2002,3.67246,142.714518,1.771559,1.950645,57.35865,2.271108,0.37657,6.916628,2.424291,1.590766,1.70403,678.599055,8.275639,2264.650983,36.91526,4.613783,8.395107,1.157068,0.707804,7.799526,282.800906,10230.7311,48.421634,103.536642,47.231679,133.376376,78.799465,3842.323748,1311.466853,0.308078,152.170686,7613.276902,93.603978,11.798934,6.872577,1103.93205,9.178169,3.799272,114.650162,9.087441,2.368074,0.384497,3.468583,51.136886,4.103896,4838.439239,3.64,3.233845,30.708488,3.749765,1.834405,44.057257,1.324214,6.2505,34.993903,936.58743,5.330404,1747.959184,15146.41698,11.431584
2/5/2002,3.67246,142.38512,2.022247,1.962707,57.095244,2.248717,0.376105,6.890833,2.419135,1.598502,1.698375,685.264878,8.275576,2265.85806,36.692349,4.616691,8.357584,1.152765,0.705564,7.799674,280.494771,10204.10285,48.619321,101.934815,47.185305,133.625791,78.326777,3824.657376,1314.13391,0.307,151.709087,7580.099044,93.404342,11.711793,6.81321,1099.110906,9.139608,3.799691,113.984798,9.048502,2.396112,0.384497,3.478242,51.220547,4.188644,4837.49856,3.64,3.212899,30.699413,3.749765,1.834567,43.945113,1.310624,6.2505,34.971914,934.574456,5.307877,1721.639986,15090.98238,11.602444
2/12/2002,3.67246,140.67177,2.010038,1.965888,57.104536,2.229262,0.376105,6.923032,2.455362,1.591582,1.686412,680.235638,8.275749,2232.98766,36.280066,4.596696,8.339072,1.140969,0.69895,7.799905,278.635149,10104.0072,48.651772,101.530904,47.180967,133.018041,78.147337,3825.317034,1319.4643,0.307112,151.71941,7581.0008,93.371347,11.636982,6.805998,1100.273049,9.090303,3.800416,115.225637,8.93832,2.391553,0.384497,3.410545,51.286668,4.170799,4882.863018,3.64,3.216431,30.820805,3.749765,1.830089,43.805989,1.370709,6.2505,35.054044,944.658974,5.307129,1733.679881,15089.48932,11.490036
2/19/2002,3.67246,142.283709,2.022823,1.932523,57.592039,2.237965,0.37631,6.989979,2.428811,1.588654,1.693188,675.846374,8.275845,2288.192914,36.595901,4.624796,8.408537,1.142785,0.699898,7.79953,279.180407,10154.09572,48.666399,100.632766,47.628854,133.661678,78.537401,3857.374597,1319.629271,0.308298,152.978601,7644.213069,93.845157,11.718995,6.879832,1109.414404,9.091521,3.80008,119.188909,8.900393,2.377615,0.384497,3.477857,51.364663,4.158997,4980.625863,3.64,3.217691,30.987575,3.749765,1.830759,43.770351,1.364877,6.2505,35.12795,970.075932,5.351047,1755.085136,15215.45099,11.526809
2/26/2002,3.67246,140.530984,2.123391,1.945714,56.771596,2.238997,0.376565,6.942122,2.395966,1.608477,1.703107,673.732815,8.275687,2315.750918,36.57312,4.614545,8.326641,1.154712,0.703644,7.799472,280.294477,10123.09376,48.69992,100.829302,47.063465,134.343982,77.985519,3819.695923,1323.601118,0.306999,151.495047,7569.960839,93.489144,11.719535,6.813741,1098.640866,9.078562,3.799914,117.891039,8.909434,2.390052,0.384497,3.466871,51.267961,4.188551,4905.459572,3.64,3.219588,30.887008,3.75047,1.833134,43.79973,1.391268,6.2505,35.066639,958.188205,5.29924,1736.926975,15070.96291,11.418568
3/5/2002,3.67246,140.542502,2.068047,1.921286,57.447247,2.246563,0.376565,7.013937,2.33022,1.589301,1.697599,668.21874,8.275753,2286.09297,36.334231,4.618091,8.439046,1.148732,0.703147,7.799687,280.15626,9995.985948,48.726778,100.495278,47.424096,132.088543,78.233906,3829.048606,1316.299114,0.308031,151.905091,7588.40129,94.388068,11.733299,6.85569,1085.700299,9.087332,3.799568,118.157107,8.848072,2.351795,0.384497,3.468888,51.205332,4.158604,4912.059433,3.64,3.264543,31.08103,3.749765,1.825661,43.616453,1.390144,6.2505,35.079706,969.869846,5.346694,1761.149505,15198.77908,10.979851
3/12/2002,3.67246,140.751174,2.320036,1.922089,57,2.231806,0.37658,6.99408,2.346756,1.584638,1.678432,661.635959,8.275682,2273.384142,36.12077,4.636142,8.4101,1.142112,0.706876,7.799881,279.767356,9978.515402,48.739669,100.927516,47.450704,128.708449,78.052481,3815.779228,1318.0505,0.307265,151.413031,7561.937479,94.555832,11.682297,6.799943,1081.918012,9.08821,3.799845,116.696439,8.835332,2.335804,0.384497,3.454162,50.928762,4.148632,4839.963357,3.64,3.26516,31.091721,3.749765,1.82166,43.244082,1.365004,6.2505,34.954758,959.963357,5.321321,1756.472232,15152.87988,11.502528
3/19/2002,3.67246,139.714577,2.401146,1.909012,57.125382,2.20531,0.376455,6.9854,2.341354,1.583801,1.660244,656.865579,8.276097,2271.333631,35.564314,4.627534,8.393159,1.133764,0.7017,7.799614,277.845734,9950.529505,48.721977,100.838147,47.470835,131.841761,78.023454,3808.086986,1327.691648,0.306519,151.126968,7545.882886,94.832119,11.591064,6.771933,1079.657945,9.072626,3.799929,116.614566,8.770094,2.304536,0.384497,3.452328,51.048086,4.103862,4895.458149,3.64,3.283074,31.102447,3.749765,1.828459,43.379595,1.362866,6.2505,35.045482,966.222675,5.312164,1765.878073,15132.50651,11.704927
3/26/2002,3.67246,142.50887,3.490016,1.892575,57.297356,2.225138,0.376455,7.02597,2.350708,1.593022,1.670035,669.527201,8.275878,2265.813113,35.579223,4.631199,8.415017,1.141209,0.701496,7.799417,278.984331,9702.492275,48.770723,100.560833,47.608447,132.940869,78.088775,3819.011102,1329.972566,0.30734,151.581779,7566.372897,95.593139,11.668822,6.829472,1082.545496,9.034613,3.800066,116.576628,8.812254,2.290229,0.384497,3.451031,51.071258,4.12819,4910.335355,3.64,3.281642,31.153657,3.749765,1.848634,43.351107,1.348151,6.2505,35.03629,976.463317,5.321678,1768.928065,15192.77784,11.548478
4/2/2002,3.67246,141.692465,2.982639,1.871152,57.356818,2.211628,0.376455,7.043137,2.302164,1.595771,1.664668,658.14665,8.275944,2267.492714,34.921202,4.636554,8.425837,1.138155,0.695907,7.799702,277.286464,9839.261325,48.84778,99.54473,47.645231,133.396931,78.166367,3823.002504,1326.473082,0.307164,152.186433,7575.483724,95.891902,11.632313,6.820977,1083.849306,9.015843,3.79964,114.407011,8.75902,2.263241,0.384497,3.454629,51.112433,4.114273,4906.237196,3.64,3.290386,31.228375,3.749765,1.847041,43.734199,1.330572,6.2505,34.995572,983.677441,5.333132,1770.993285,15227.09993,11.243915
4/9/2002,3.67246,143.294534,2.774958,1.892937,57.450531,2.229619,0.376455,7.075682,2.29068,1.596481,1.669207,649.969745,8.27577,2269.388865,34.667248,4.622708,8.439324,1.137189,0.697434,7.799848,277.172961,9736.802465,48.893898,98.813192,47.812735,131.2269,78.308851,3831.530298,1330.223096,0.307558,152.448933,7590.768002,96.006659,11.646411,6.827308,1086.056145,9.04651,3.800568,114.631975,8.703447,2.296863,0.384497,3.448862,51.053402,4.101678,4897.774735,3.64,3.295552,31.278044,3.749765,1.836763,43.547193,1.30574,6.2505,34.994772,983.611777,5.358599,1789.172059,15270.10156,11.240862
4/16/2002,3.67246,143.931614,2.892214,1.87996,57.720095,2.204591,0.37647,7.118017,2.322556,1.583292,1.666232,650.048493,8.275917,2277.826783,34.238288,4.638429,8.478462,1.133835,0.695191,7.799749,275.496357,9371.443642,49.003983,97.421334,48.066455,131.265155,78.602242,3847.143019,1324.091167,0.308089,153.127343,7623.253436,96.350514,11.610133,6.847154,1090.684994,9.17089,3.799467,115.134613,8.666959,2.276081,0.384497,3.450693,51.07738,4.060661,4919.527434,3.64,3.304785,31.287289,3.749765,1.834669,43.492162,1.294794,6.2505,35.010321,990.958764,5.3802,1789.683631,15342.2924,11.206151
4/23/2002,3.67246,144.314698,3.174103,1.857019,57.122746,2.195825,0.37647,7.074572,2.347608,1.573812,1.652062,654.468157,8.276,2270.273699,33.922444,4.639707,8.428269,1.125222,0.690864,7.799513,271.087065,9323.924884,49.013646,96.291704,47.793057,130.074048,78.351832,3823.985573,1302.531655,0.307085,152.205816,7578.482867,96.226804,11.547171,6.774493,1100.807033,9.27097,3.800139,114.447701,8.551298,2.240901,0.384497,3.43579,50.992,4.041028,4850.383228,3.64,3.34529,31.209761,3.749765,1.818838,43.323755,1.32926,6.2505,34.818767,983.082732,5.366377,1788.137962,15253.7083,10.942676
4/30/2002,3.67246,143.904307,2.946809,1.860313,56.853575,2.156611,0.37647,7.034725,2.361556,1.56805,1.619567,648.749482,8.275975,2272.137402,33.985232,4.624045,8.3379,1.110467,0.686563,7.799375,270.012614,9276.609955,48.980061,93.738899,47.674956,128.448205,78.231029,3824.966696,1292.282882,0.306658,152.545515,7580.228686,96.200411,11.399201,6.727664,1101.131217,9.390057,3.800069,113.907638,8.405713,2.237149,0.384497,3.426358,50.501957,4.000555,4807.460036,3.64,3.354542,31.154974,3.749765,1.812284,43.237033,1.341311,6.2505,34.706377,960.434059,5.310646,1790.136546,15165.46403,10.65531
5/7/2002,3.67246,143.271233,3.182776,1.850185,56.756164,2.139254,0.37647,7.02149,2.416588,1.569402,1.593908,653.910643,8.276064,2275.021179,33.297703,4.625531,8.372964,1.093404,0.68192,7.799523,266.049749,9232.228665,48.939278,90.673973,47.710137,128.007018,78.095287,3799.309589,1277.424527,0.305525,151.583562,7528.734247,95.97585,11.290795,6.645567,1093.621918,9.503908,3.800446,113.70411,8.343552,2.230102,0.384497,3.424385,49.71099,3.956712,4848.482192,3.64,3.329079,31.18,3.749765,1.808192,42.913998,1.367089,6.2505,34.547296,971.260274,5.298137,1785.093151,15162.71781,10.202899
5/14/2002,3.67246,143.757449,3.243919,1.829612,56.787464,2.147704,0.37664,7.032211,2.518375,1.558699,1.611717,655.05583,8.275827,2280.084678,33.622186,4.621546,8.478173,1.107479,0.689716,7.799344,270.022874,9209.402422,48.968296,91.745751,47.850364,128.444835,78.198634,3801.578018,1277.258181,0.305646,151.61002,7533.778415,96.037713,11.358089,6.676584,1093.300596,9.515205,3.799913,113.760759,8.343909,2.19517,0.384497,3.443443,49.539364,4.108144,4951.103509,3.64,3.350916,31.203432,3.749765,1.806669,42.843646,1.394907,6.2505,34.552012,985.211874,5.306996,1789.344215,15189.03112,10.128716
5/21/2002,3.67246,149.852383,3.48047,1.798686,59.362857,2.127169,0.37664,7.334961,2.489801,1.53839,1.577465,664.087637,8.275783,2387.90917,33.321929,4.673017,8.871703,1.086957,0.685836,7.801241,267.714097,9062.133569,48.976942,91.750787,49.2033,124.258183,78.498475,4016.444155,1247.166678,0.305807,147.159449,7919.298817,96.384739,11.247911,6.694236,1096.450668,9.496825,3.799522,120.738087,8.185091,2.140976,0.384497,3.534298,49.397952,4.097254,5126.506024,3.64,3.348609,31.256649,3.749765,1.79055,42.612722,1.425012,6.2505,34.363554,985.138391,5.328916,1788.872653,15247.08564,10.090105
5/28/2002,3.67246,145.789303,3.513087,1.781095,57.462993,2.101677,0.376405,7.12604,2.526128,1.531354,1.576203,659.033795,8.275646,2328.166243,33.008291,4.649823,8.514392,1.077238,0.685026,7.799998,262.888341,8928.089262,49.036659,92.393301,48.411669,124.496167,78.446058,3859.427337,1230.34397,0.305721,153.268504,7610.081037,96.590168,11.181362,6.669941,1104.462453,9.568495,3.799934,114.908698,7.982935,2.101446,0.384497,3.470764,50.11691,4.059103,5051.917882,3.64,3.362055,31.311021,3.749765,1.793594,42.652016,1.406022,6.2505,34.288057,973.094543,5.384117,1799.264993,15343.94381,9.932182
6/4/2002,3.67246,142.314785,3.623834,1.740991,56.714149,2.073898,0.376405,7.053937,2.566702,1.528786,1.559194,657.305066,8.275716,2318.900998,32.228135,4.586301,8.402851,1.061625,0.684416,7.799946,256.972197,8626.049447,48.978642,90.492846,47.775199,123.744276,78.069268,3789.941706,1213.335713,0.303543,151.2761,7510.9062,95.985864,11.007896,6.542639,1090.174881,9.711906,3.800534,115.627981,7.891361,2.035533,0.384497,3.458762,50.487418,4.021092,5234.923158,3.64,3.349399,31.284102,3.749765,1.785212,42.324361,1.435665,6.2505,34.008778,944.791733,5.321971,1787.902094,15156.44939,9.691461
6/11/2002,3.67246,143.814378,3.506443,1.762432,57.420622,2.07635,0.376405,7.159924,2.663108,1.53955,1.561549,664.67685,8.275751,2337.963331,32.291979,4.640994,8.431677,1.057699,0.681057,7.79988,256.1701,8854.080168,49.013534,89.943719,48.485611,125.426897,78.906739,3830.21132,1217.837306,0.305031,152.923436,7590.793246,96.606961,11.038654,6.614431,1101.614102,9.701915,3.800443,117.539556,7.877178,2.053525,0.384497,3.473161,50.454209,4.043432,5340.0446,3.64,3.320702,31.503823,3.749765,1.791698,42.380396,1.503882,6.2505,34.085766,971.678879,5.349804,1797.151827,15314.48444,10.039791
6/18/2002,3.67246,143.183256,3.569573,1.774966,57.639709,2.048631,0.376405,7.185734,2.686393,1.544096,1.554582,669.560148,8.276081,2389.579949,32.169853,4.653848,8.464551,1.052782,0.672392,7.800208,256.220867,8585.37641,49.043342,89.223956,48.671341,124.476195,78.605978,3845.097005,1227.427135,0.305342,153.435259,7619.759595,96.670169,10.974431,6.619918,1105.862505,9.648555,3.800454,119.965205,7.817334,2.053004,0.384497,3.478444,50.230994,4.036272,5481.558414,3.64,3.35833,31.573862,3.749765,1.79276,42.241266,1.586044,6.2505,34.103725,966.290595,5.380546,1801.315268,15384.62674,10.305483
6/25/2002,3.67246,142.236409,3.853893,1.753944,58.400741,2.005368,0.376345,7.304047,2.81021,1.519644,1.508659,703.286378,8.275876,2410.533856,30.813038,4.679627,8.474495,1.026978,0.665366,7.799987,250.49423,8594.497519,49.024719,88.436985,49.231466,121.666818,79.338585,3915.424217,1212.901417,0.305557,155.522035,7720.737232,97.255023,10.805756,6.62571,1122.549423,9.865602,3.799569,122.11182,7.572455,2.044259,0.384497,3.535094,50.537306,4.023476,5860.492175,3.64,3.35502,31.684463,3.749765,1.77157,42.007298,1.578023,6.2505,33.74845,953.491557,5.439364,1813.368153,15584.99794,10.362797
7/2/2002,3.657745,137.414109,3.834503,1.780447,56.844989,1.983291,0.37638,7.121498,2.885469,1.526783,1.490078,692.296573,8.275779,2389.861233,29.74703,4.616757,8.296605,1.016491,0.653242,7.800031,247.23298,8894.553378,48.750484,86.836755,48.130616,120.282092,78.394018,3791.725961,1203.946491,0.301267,151.654808,7513.681643,95.933844,10.656841,6.404666,1093.443789,9.970875,3.799207,119.234601,7.475671,2.053118,0.384497,3.504955,50.644996,4.019211,5753.008742,3.64,3.33429,31.300316,3.749765,1.772381,41.488132,1.61378,6.2505,33.475359,928.094125,5.293556,1789.328319,15198.27201,10.101017
7/9/2002,3.67246,137.318228,3.561304,1.761423,56.949648,1.950505,0.37645,7.113394,2.853979,1.516107,1.482229,696.777752,8.275646,2447.66427,29.419908,4.620489,8.263172,1.006199,0.646405,7.799901,255.643348,8932.576238,48.774848,85.971803,48.183283,117.980701,78.4943,3799.103726,1179.626467,0.300666,152.678751,7527.915408,96.027774,10.596828,6.377221,1096.374622,9.888738,3.799965,119.98993,7.359337,2.031394,0.384497,3.52813,50.199976,4.216818,6211.601208,3.64,3.295834,31.456395,3.749765,1.755782,41.231968,1.661318,6.2505,33.267183,925.670695,5.329899,1795.107548,15224.46123,10.012073
7/16/2002,3.67246,136.780883,3.57214,1.790383,56.855238,1.925953,0.37645,7.146618,2.859662,1.536176,1.452747,695.534136,8.275761,2450.143182,29.16118,4.629501,8.29919,0.991189,0.636396,7.799973,244.309767,9008.846087,48.738025,83.914289,48.055594,115.835088,78.137794,3792.771798,1165.909364,0.299613,152.96534,7516.332576,95.876582,10.419325,6.288565,1094.805964,9.695988,3.799484,120.266614,7.29768,2.057706,0.384497,3.500593,50.270602,4.172015,6232.131925,3.64,3.318487,31.462576,3.749765,1.736534,40.411902,1.692554,6.2505,32.977784,944.384319,5.296722,1795.712946,15202.62664,10.104534
7/23/2002,3.67246,135.485368,3.634477,1.844377,57.230575,1.972551,0.37645,7.218184,2.90769,1.58062,1.469268,696.253512,8.275864,2513.158426,30.370686,4.652282,8.303512,1.010744,0.639911,7.800001,246.197608,9038.050202,48.702507,86.165489,48.419374,117.525947,78.354226,3817.78002,1167.030704,0.300959,153.135217,7565.146317,96.178118,10.606761,6.393592,1104.863774,9.628379,3.799528,132.348133,7.615035,2.097565,0.384497,3.527496,50.573513,4.093845,6402.391524,3.64,3.318306,31.53996,3.749765,1.743899,40.929575,1.680154,6.2505,33.237069,930.342079,5.366993,1797.821897,15312.71443,10.097268
7/30/2002,3.67246,135.762074,3.671333,1.837021,56.888663,1.981164,0.37645,7.183752,3.261341,1.573436,1.480272,697.450055,8.275623,2621.127509,30.802724,4.604691,8.253991,1.014946,0.637437,7.800001,248.875186,9082.887438,48.673935,85.480427,48.235791,119.879148,78.172821,3795.099136,1185.963285,0.300626,152.55516,7521.291307,95.881088,10.657092,6.384179,1098.505338,9.741793,3.800407,132.284698,7.605855,2.124336,0.384497,3.517264,51.08431,4.148653,5937.864769,3.64,3.293842,31.435791,3.749765,1.763162,42.00917,1.687439,6.2505,33.67488,924.992374,5.299278,1795.169039,15230.56431,10.1597
8/6/2002,3.67246,136.522861,3.625675,1.891672,57.233461,2.01312,0.3765,7.247373,3.174134,1.592291,1.507448,699.809819,8.275738,2647.572896,31.219915,4.640067,8.305202,1.035955,0.649639,7.800041,251.435902,9078.396095,48.710722,85.808649,48.630199,120.974628,78.194144,3818.051398,1205.805494,0.30195,153.666013,7566.818041,96.227035,10.792807,6.474745,1105.191454,9.746192,3.800029,130.082568,7.765525,2.218814,0.384497,3.556481,51.762404,4.190835,5774.89937,3.64,3.318679,31.583033,3.749765,1.772658,42.469899,1.641548,6.2505,33.914981,960.667768,5.333161,1802.866421,15329.34255,10.657215
8/13/2002,3.67246,136.644556,3.623969,1.858952,57.446576,1.983952,0.3765,7.259751,3.160901,1.570934,1.492914,702.221541,8.275672,2618.427455,31.938389,4.623275,8.348944,1.020222,0.65235,7.799991,250.103322,8906.582791,48.629578,86.110828,48.493928,118.952196,78.520965,3838.310032,1201.886531,0.3024,154.358608,7606.63333,96.38059,10.707981,6.47759,1111.960404,9.964394,3.800572,129.106031,7.60095,2.167674,0.384497,3.530847,51.930559,4.185631,6004.888254,3.64,3.310937,31.664915,3.75047,1.75955,42.140048,1.639527,6.2505,33.783924,964.791305,5.359751,1799.469206,15411.5522,10.588401
8/20/2002,3.67246,135.069444,3.625207,1.830804,57.188521,1.996102,0.3755,7.239481,3.085913,1.569643,1.500918,699.090209,8.27572,2619.149316,31.331935,4.579549,8.269312,1.021858,0.654786,7.800021,250.643378,8897.926438,48.518202,85.610703,48.420445,118.759405,78.107435,3801.542075,1191.747054,0.301393,152.882966,7533.986928,96.032863,10.695874,6.423192,1106.270425,9.773572,3.799572,127.36826,7.51375,2.132071,0.384497,3.568063,51.835746,4.156761,6028.390523,3.64,3.314423,31.399714,3.75047,1.749306,41.92221,1.627855,6.2505,33.892936,966.348039,5.308517,1796.638072,15263.69485,10.670726
8/27/2002,3.67246,139.505832,3.627385,1.805956,57.700225,1.994992,0.37645,7.321199,3.078252,1.552051,1.497768,708.620753,8.27567,2695.857152,31.412894,4.634153,8.342736,1.018701,0.653186,7.800157,251.304476,8948.394883,48.538409,87.374667,48.820749,118.16912,78.586288,3837.446286,1198.137825,0.30241,154.676693,7600.961735,96.479661,10.729436,6.476918,1116.11418,9.872336,3.800028,127.646818,7.543056,2.119777,0.384497,3.61557,52.126368,4.166462,6231.767956,3.64,3.307895,31.654543,3.75047,1.749745,42.24565,1.628975,6.2505,34.252652,962.94557,5.355361,1804.617864,15410.56886,10.597893
9/3/2002,3.67246,137.783047,3.625598,1.823204,57.800505,1.956977,0.37645,7.317891,3.084063,1.552904,1.476518,713.838482,8.275831,2696.956769,30.713702,4.60989,8.328446,1.008065,0.640749,7.800001,248.05499,8893.648083,48.498351,88.15338,49.087689,117.171591,78.495295,3845.509586,1198.719638,0.301611,154.220989,7587.810293,96.296595,10.612109,6.410383,1114.187689,9.998569,3.799797,127.423814,7.493898,2.133199,0.384497,3.646108,51.700347,4.126438,6020.383451,3.64,3.296194,31.624773,3.75047,1.746581,42.211208,1.622782,6.2505,34.323334,967.282543,5.437941,1804.057495,15380.06055,10.718811
9/10/2002,3.67246,138.226434,3.637477,1.823842,57.518135,1.993192,0.37645,7.292766,3.123008,1.571261,1.49648,719.45764,8.27585,2704.942509,30.624,4.602335,8.421906,1.025459,0.643289,7.800154,249.423663,8927.19707,48.473289,86.885246,49.003893,119.646739,78.242367,3810.430328,1192.947058,0.301642,153.527664,7550.379098,95.916906,10.725102,6.432941,1108.760246,9.959817,3.800069,126.765369,7.574523,2.125958,0.384497,3.607483,51.967887,4.149898,6090.881148,3.64,3.299536,31.512551,3.75047,1.755309,42.442478,1.67758,6.2505,34.282847,972.554303,5.441885,1803.91541,15305.07172,10.582793
9/17/2002,3.67246,139.651777,3.645715,1.828158,58.053581,2.018045,0.3765,7.38007,3.23325,1.579096,1.52005,730.187541,8.275791,2783.769214,31.450836,4.624907,8.536543,1.031841,0.651471,7.799649,251.589539,9067.70864,48.459813,88.351124,49.283138,122.655783,79.043103,3845.797492,1218.800154,0.30374,154.845062,7621.307908,96.457112,10.832988,6.548958,1119.162608,9.980181,3.800444,130.228003,7.607486,2.132423,0.384497,3.607123,52.479175,4.174526,6268.960514,3.64,3.312858,31.753913,3.749765,1.779794,43.123096,1.66362,6.2505,34.794109,975.658617,5.371002,1814.369909,15445.62131,10.612701
9/24/2002,3.67246,136.975987,3.656778,1.838612,57.254681,1.981297,0.3765,7.295391,3.599723,1.587738,1.490485,741.377625,8.274171,2780.453832,30.904769,4.624711,8.450336,1.018735,0.641993,7.799881,248.336381,9020.898337,48.301522,86.660562,48.647029,123.24731,78.261269,3792.816443,1223.167786,0.301305,153.070818,7516.778592,95.992391,10.651709,6.422578,1104.77208,10.267625,3.798359,126.739927,7.449233,2.126024,0.384497,3.624658,52.250457,4.143061,6163.024013,3.64,3.312567,31.545381,3.749765,1.779514,43.351194,1.656421,6.2505,34.782194,966.195564,5.296836,1803.645357,15246.53032,10.67827
10/1/2002,3.67246,137.578339,3.739998,1.842353,57.456749,1.978767,0.3765,7.324795,3.70753,1.583404,1.480341,744.80557,8.274267,2866.975348,30.802287,4.608128,8.441862,1.014879,0.637247,7.799591,245.999949,9018.290625,48.329808,86.238718,49.041578,122.541531,78.768113,3807.544874,1226.266182,0.301471,153.422574,7543.697394,96.221651,10.639692,6.410709,1108.731366,10.147792,3.799736,125.689078,7.420456,2.125712,0.384497,3.624435,52.432936,4.138627,5936.071392,3.64,3.3228,31.675489,3.749765,1.787281,43.425142,1.659484,6.2505,34.907283,964.729743,5.318223,1804.896005,15305.08062,10.458745
10/8/2002,3.67246,137.467347,3.747464,1.826662,57.673776,1.989056,0.3765,7.383092,3.708533,1.592907,1.497728,746.022095,8.274297,2845.173576,30.933908,4.629184,8.360878,1.02152,0.641725,7.799848,250.015301,9022.155867,48.353248,87.408163,49.397143,124.273307,79.306775,3820.795918,1244.761312,0.302386,153.854082,7572.387755,96.404847,10.696786,6.465388,1113.938776,10.16156,3.79932,126.568367,7.41948,2.07385,0.384497,3.613261,52.727335,4.163571,6378.94898,3.64,3.295187,31.577449,3.749765,1.789187,43.751217,1.641005,6.2505,35.079922,971.365306,5.336612,1808.760204,15368.56122,10.495088
10/15/2002,3.67246,137.022426,3.687331,1.829473,57.664628,1.974803,0.3765,7.381865,3.861519,1.584566,1.496032,746.220477,8.275704,2859.336061,31.365277,4.627687,8.493456,1.01963,0.64376,7.799848,250.015286,9216.46073,48.491767,87.808359,49.158818,124.791189,78.897399,3820.519878,1258.473007,0.302454,153.608563,7571.314985,96.381346,10.689755,6.468206,1114.780836,10.081417,3.799015,127.155963,7.439422,2.086039,0.384497,3.624222,52.795018,4.133537,6392.864424,3.64,3.309308,31.686493,3.749765,1.805353,44.037569,1.642834,6.2505,35.1144,971.126402,5.338338,1811.547401,15369.90826,10.448313
10/22/2002,3.67246,137.985258,3.619256,1.808635,57.632269,1.9904,0.3765,7.377201,3.94139,1.566638,1.501912,735.860108,8.275876,2760.177818,31.314417,4.631185,8.488124,1.022343,0.646427,7.799271,248.50276,9245.070661,48.345996,88.503276,49.21079,125.149016,78.969179,3817.997543,1241.075603,0.30238,153.698812,7566.564292,96.316861,10.738381,6.488432,1115.069615,9.980045,3.799851,127.170352,7.602008,2.066807,0.384497,3.618696,53.172207,4.125717,6463.902539,3.64,3.336998,31.749744,3.749765,1.784399,43.617894,1.656815,6.2505,34.887006,975.592752,5.332299,1816.794636,15362.27478,10.209305
10/29/2002,3.67246,137.546843,3.577756,1.795271,57.620265,1.974791,0.3765,7.397179,3.824203,1.563373,1.488801,732.595883,8.275962,2776.89808,31.475179,4.616756,8.486589,1.01581,0.641847,7.799544,245.405346,9159.219149,48.348363,88.299389,49.10998,122.941837,79.418233,3817.199593,1207.600873,0.301672,153.779022,7564.989817,96.308911,10.68498,6.446955,1115.845214,10.068039,3.799186,127.149695,7.520647,2.055205,0.384497,3.602046,53.121015,4.047658,6402.800407,3.64,3.358299,31.630092,3.749765,1.768868,43.321448,1.671706,6.2505,34.802497,978.421589,5.335774,1824.552699,15367.72912,10.060004
11/5/2002,3.67246,134.97506,3.54011,1.779434,57.495112,1.953771,0.3765,7.342408,3.562429,1.556487,1.461364,717.172346,8.275878,2763.080855,30.847735,4.619232,8.424691,1.000068,0.6399,7.799276,241.397598,9160.466721,48.258181,86.931365,49.062051,121.762093,78.773362,3789.445331,1221.751636,0.300578,152.628691,7510.105746,96.021179,10.50843,6.351656,1108.72905,10.204351,3.799459,126.717877,7.357849,2.012728,0.384497,3.591676,52.778465,3.976157,6604.598962,3.64,3.343938,31.706505,3.749765,1.756843,43.161997,1.634753,6.2505,34.555768,973.32103,5.298184,1816.434364,15261.10335,9.910748
11/12/2002,3.67246,133.944053,3.5352,1.782064,57.521873,1.934129,0.37645,7.404047,3.568955,1.571675,1.44736,707.637403,8.275869,2703.330291,30.428366,4.623801,8.471967,0.989441,0.629986,7.799763,236.976447,9063.125073,48.266846,85.408194,49.451245,119.622494,78.963226,3820.503918,1203.970585,0.300658,153.411368,7551.473068,96.370274,10.479516,6.340542,1114.790199,10.332334,3.799905,126.928876,7.242894,2.023901,0.384497,3.594662,53.175365,3.914592,6490.695368,3.64,3.36547,31.804881,3.749765,1.764353,43.131286,1.632985,6.2505,34.553679,984.536256,5.323033,1821.030144,15341.00784,9.841661
11/19/2002,3.67246,133.506173,3.521927,1.785853,56.98716,1.915994,0.3765,7.334133,3.543086,1.586747,1.455828,695.181224,8.275912,2676.832802,30.225452,4.607456,8.392928,0.9929,0.630831,7.79954,233.413609,8972.297666,48.084581,84.82963,49.097284,121.677978,79.056861,3775.259259,1202.468656,0.299665,151.777778,7481.738272,95.78984,10.433975,6.294321,1105.530864,10.14888,3.799536,126.439506,7.254253,2.011491,0.384497,3.566051,53.341825,3.885136,6569.530864,3.64,3.354834,31.867405,3.749765,1.765263,43.29605,1.579985,6.2505,34.700263,974.528395,5.391605,1815.036883,15209.84691,9.581637
11/26/2002,3.67246,137.112008,3.507951,1.786292,57.738749,1.964784,0.3765,7.42441,3.586778,1.572904,1.486569,709.111943,8.275864,2711.931542,31.079817,4.635653,8.496458,1.008225,0.643296,7.798861,238.169121,9018.554742,48.205635,86.427851,49.755802,121.843624,79.912359,3821.634712,1200.468578,0.30192,153.691221,10787.02321,96.441801,10.61221,6.427154,1119.152371,10.158738,3.799764,128.614531,7.334382,2.012949,0.384497,3.56139,53.602361,4.000706,6810.74672,3.64,3.368311,31.877851,3.749765,1.76525,43.41263,1.552138,6.2505,34.745789,984.618567,5.45891,1831.752523,15405.30777,9.193005
12/3/2002,3.67246,135.456005,3.577858,1.789731,57.921942,1.964967,0.3765,7.477576,3.672399,1.557464,1.477265,703.7835,8.275921,2837.596317,31.076632,4.643918,8.522956,1.003812,0.639132,7.804983,237.963414,9020.685558,48.288805,85.407495,50.084579,124.616111,79.709379,3833.550717,1218.548152,0.302526,154.92124,10840.55383,96.800369,10.567121,6.4545,1122.624661,10.156281,3.799912,128.412762,7.293659,2.005829,0.384497,3.544024,53.586704,3.991221,6882.000602,3.64,3.361058,31.931123,3.749765,1.771962,43.695659,1.537424,6.2505,34.873095,987.598074,5.464593,1837.542909,15459.8776,9.268796
12/10/2002,3.67246,134.679062,3.528137,1.78286,57.625853,1.926321,0.3765,7.450054,3.764666,1.560295,1.459671,704.565939,8.275875,2779.196501,30.786463,4.630389,8.393354,0.991216,0.635762,7.799135,233.574705,9008.23318,48.187684,84.472357,49.907131,123.532097,79.46095,3813.460587,1213.583786,0.300913,155.135991,10777.39096,96.564766,10.445258,6.375383,1116.061715,10.188007,3.800235,126.850954,7.256839,1.982663,0.384497,3.518932,53.290332,3.947681,7041.598259,3.64,3.382536,31.845268,3.749765,1.765226,43.390063,1.551982,6.2505,34.812503,975.778855,5.383266,1833.357828,15368.6579,8.993104
12/17/2002,3.67246,133.015426,3.539184,1.76548,57.299602,1.887933,0.37645,7.41855,3.589236,1.552801,1.429344,692.456537,8.276082,2783.552736,30.43921,4.635765,8.348889,0.972547,0.625708,7.798877,229.234422,8909.707018,48.106433,82.48763,49.347046,121.039518,79.537445,3811.487339,1194.996834,0.300041,154.712331,10737.92568,96.591358,10.30392,6.306704,1116.251091,10.211089,3.800105,129.81954,7.089805,1.930258,0.384497,3.483378,53.72147,3.879402,6958.329291,3.64,3.397843,31.849229,3.749765,1.74634,43.074107,1.581441,6.2505,34.754848,966.195789,5.326099,1834.012953,15374.81323,8.872809
12/24/2002,3.67246,131.160645,3.453172,1.774317,57.663656,1.889042,0.37645,7.481634,3.505637,1.549339,1.410153,708.317676,8.276117,2842.640106,30.411141,4.619732,8.351981,0.970659,0.627233,7.799048,228.445516,8940.328791,48.018804,82.255245,50.242813,120.25516,79.500819,3816.511267,1201.452874,0.300372,154.898019,10664.86985,96.74427,10.298709,6.313083,1118.288656,10.201456,3.799581,125.018454,7.061083,1.936392,0.384497,3.502616,53.417815,3.864899,6906.721057,3.64,3.34573,31.816677,3.749765,1.73927,42.992941,1.686191,6.2505,34.822412,975.398213,5.343192,1840.17871,15412.99534,8.851489
12/31/2002,3.67246,131.093735,3.372193,1.77826,57.624774,1.871273,0.37645,7.496129,3.539602,1.577803,1.383259,719.734182,8.276837,2854.918441,30.11308,4.62272,8.344922,0.952955,0.620721,7.798813,225.80598,8984.463254,47.947893,80.804806,50.261371,118.690677,77.085932,3813.426147,1186.846891,0.29926,154.961381,10672.94746,96.639995,10.152475,6.277324,1118.632593,10.435891,3.800102,124.761133,6.938773,1.906938,0.384497,3.514794,53.558195,3.834271,7144.826929,3.64,3.338277,31.875989,3.749765,1.735094,43.170335,1.664161,6.2505,34.709127,962.248498,5.329913,1842.577263,15389.86364,8.586564
1/7/2003,3.67246,138.778897,3.313927,1.741144,59.824748,1.880272,0.3765,7.74964,3.3769,1.560022,1.398496,705.356794,8.275692,2880.984005,29.987868,4.604175,8.679233,0.959885,0.623138,7.799635,226.105955,8966.513866,47.980733,80.661871,51.744556,120.122022,77.720697,3998.618705,1184.913899,0.299491,161.643165,10739.46283,96.755456,10.240624,6.445372,1119.270983,10.35807,3.800346,130.167866,6.939861,1.883647,0.384497,3.567461,53.526827,3.833094,7399.990408,3.64,3.365233,31.881967,3.749765,1.742312,42.861506,1.695688,6.2505,34.630411,997.007194,5.507818,1852.376499,16009.4964,8.592146
1/14/2003,3.67246,132.891179,3.306213,1.714262,58.006145,1.844222,0.3765,7.527758,3.273327,1.540254,1.383622,710.244321,8.276805,2920.971162,30.05352,4.619629,8.300435,0.946087,0.622479,7.799298,222.148164,8928.158892,47.912371,79.502695,50.903943,118.055107,76.611402,3912.262456,1173.57999,0.299227,156.218209,10600.88872,96.65234,10.093363,6.255753,1126.056538,10.527659,3.800195,128.7123,6.93026,1.855742,0.384497,3.484171,53.405148,3.798052,7080.003782,3.64,3.364944,31.831569,3.749765,1.732603,42.640764,1.666566,6.2505,34.489979,988.021178,5.331568,1863.267255,15409.01012,8.793315
1/21/2003,3.67246,132.862105,3.164924,1.701879,57.993335,1.842878,0.3765,7.523496,3.44054,1.533977,1.367859,725.290783,8.27587,2937.714886,29.282941,4.63222,8.299474,0.935126,0.620343,7.799444,231.851166,8936.563773,47.924415,79.442411,50.200038,118.47018,77.801885,3909.546607,1178.794848,0.298806,156.20858,10600.53506,96.735211,10.028302,6.219243,1126.086548,10.666738,3.799948,129.217122,6.912872,1.831447,0.384497,3.492919,53.74554,3.82174,7120.557589,3.64,3.326219,31.82343,3.749765,1.735469,42.835464,1.659919,6.2505,34.653863,988.09725,5.33307,1861.092885,15422.20032,8.985747
1/28/2003,3.67246,128.044041,3.32602,1.698648,57.943653,1.806312,0.37645,7.534169,3.628769,1.53029,1.35806,737.492399,8.275689,2932.727411,29.068281,4.603101,8.298788,0.924059,0.610086,7.799668,226.289873,8913.824167,47.887042,78.478905,51.846688,118.589799,77.641491,3815.220207,1173.047907,0.298571,154.337528,10599.19504,96.825063,9.924547,6.163203,1120.281273,10.90727,3.800318,128.985011,6.906454,1.829617,0.384497,3.498814,53.740176,3.847705,6969.448557,3.64,3.313058,31.805792,3.749765,1.733463,42.712864,1.656748,6.2505,34.65002,1013.073649,5.334373,1866.271465,15414.77609,8.751128
2/4/2003,3.67246,130.104417,3.178497,1.693583,57.929218,1.815928,0.37645,7.540704,3.542876,1.515793,1.351105,735.609549,8.276826,2940.256524,29.240221,5.353673,8.297274,0.920211,0.606842,7.799839,225.9944,8923.25862,47.793894,76.982074,52.524395,119.872361,77.005155,3814.599889,1177.161532,0.298364,155.061911,10596.84901,96.847196,9.930281,6.209841,1125.753096,10.948743,3.799911,127.66679,6.915299,1.823031,0.384497,3.433012,53.965624,3.829052,6948.475328,3.64,3.307227,31.837554,3.749765,1.738429,42.694127,1.635056,6.2505,34.711936,1013.823692,5.335529,1872.337928,15422.61135,8.373378
2/11/2003,3.67246,131.177844,3.136286,1.695722,58.408369,1.817243,0.37645,7.613254,3.578445,1.529005,1.36795,744.737071,8.276097,2959.290852,29.675779,5.561234,8.537054,0.931625,0.617504,7.799568,228.478936,8988.748685,47.744193,77.386512,54.02111,121.264897,76.912149,3846.020923,1205.329844,0.300416,156.336634,10683.8315,97.237266,10.015178,6.238745,1134.915001,10.953721,3.799593,129.252755,6.966558,1.822399,0.384497,3.502174,53.998982,3.866523,7005.006538,3.64,3.291213,31.904587,3.749765,1.75552,43.119914,1.645352,6.2505,34.813079,1022.959088,5.373389,1879.311087,15550.10275,8.439374
2/18/2003,3.67246,131.079895,3.143149,1.693707,58.364756,1.81516,0.3765,7.60757,3.593745,1.518728,1.374611,744.457536,8.27594,2958.179258,29.441319,5.547017,8.530679,0.934688,0.627649,7.799743,228.826773,8944.999556,47.743941,79.270114,53.980773,118.866446,76.883219,3843.149151,1200.544559,0.300604,156.219899,10675.85402,97.195833,10,6.234086,1134.067575,10.827359,3.800079,129.156244,7.019564,1.816635,0.384497,3.497826,54.214488,3.866436,6999.775994,3.64,3.27414,31.798535,3.749765,1.749872,43.073241,1.620664,6.2505,34.772428,1022.195259,5.369377,1880.35841,15538.49169,8.398065
2/25/2003,3.67246,130.349916,3.161476,1.65127,58.039725,1.812149,0.3765,7.565203,3.59108,1.491786,1.356886,747.943749,8.276204,2949.894919,29.313465,5.54203,8.483172,0.928292,0.635224,7.799119,227.061363,8934.466204,47.695117,78.383145,53.680156,117.171313,76.667615,3821.746798,1185.146442,0.299565,155.349916,10616.40059,96.934314,9.947744,6.199369,1127.751996,11.030393,3.799181,128.436978,7.07629,1.768108,0.384497,3.487433,54.268248,3.880731,6960.794505,3.64,3.290408,31.731298,3.749765,1.733098,42.736472,1.623528,6.2505,34.718996,1016.502692,5.339475,1887.621589,15451.95842,8.08626
3/4/2003,3.67246,128.618921,3.16944,1.63198,57.268981,1.796911,0.3765,7.46474,3.561826,1.480578,1.338787,740.198174,8.27603,2930.250312,29.219914,5.534268,8.370519,0.918478,0.632133,7.799181,225.315759,8889.787008,47.599822,76.99423,52.967305,117.801141,75.867205,3770.995512,1192.412242,0.297425,153.286931,10475.41899,96.295462,9.827045,6.117044,1112.775895,11.080967,3.799495,126.731386,7.129309,1.780722,0.384497,3.46241,54.244155,3.958421,6868.357908,3.64,3.279302,31.505541,3.749765,1.735743,42.611484,1.624471,6.2505,34.577895,1003.003938,5.268569,1881.203545,15246.76252,7.989815
3/11/2003,3.67246,126.020758,3.124273,1.648441,57.533303,1.769761,0.3765,7.520298,3.500838,1.469215,1.327875,755.179116,8.275829,2939.645114,28.683457,5.646835,8.240523,0.905972,0.623215,7.799165,221.699511,8928.760688,47.624736,76.814079,53.207852,116.983981,75.788989,3841.101083,1229.113117,0.298141,150.398917,10625.26173,96.837365,9.710876,6.131841,1117.770758,10.953006,3.799567,128.388989,7.166545,1.799286,0.384497,3.472263,54.844453,3.955505,6755.424188,3.64,3.250688,31.470804,3.749765,1.737112,42.405519,1.625818,6.2505,34.591264,1031.371841,5.307563,1955.234657,15393.61011,7.90081
3/18/2003,3.67246,131.901568,3.123432,1.689478,60.218118,1.845378,0.3765,7.871236,3.470784,1.478644,1.386044,764.326056,8.275923,3008.199251,29.781661,5.79117,8.625071,0.941465,0.639353,7.799222,231.894967,9113.403661,48.016992,79.614585,55.690818,118.956435,77.847234,4020.347629,1253.498734,0.306092,157.417344,11121.0939,99.089214,10.113688,6.417986,1169.931986,10.866896,3.800251,134.380314,7.430796,1.830792,0.384497,3.553666,55.573004,4.083412,7070.668808,3.64,3.350468,32.186142,3.749765,1.768558,43.126667,1.650539,6.2505,34.952871,1079.501228,5.555243,1978.011053,16111.95919,8.223184
3/25/2003,3.67246,130.606117,3.025547,1.676907,59.626695,1.831104,0.3765,7.793929,3.426385,1.476029,1.379921,755.050022,8.275871,2993.097843,29.769768,5.780095,8.540361,0.937631,0.635688,7.799327,230.826843,9019.135489,47.881158,78.290151,55.143859,120.051284,77.45753,3980.862408,1250.532099,0.30456,155.871294,11011.8698,98.582066,10.024226,6.354953,1158.44168,10.782429,3.799125,133.060518,7.325826,1.810911,0.384497,3.534048,54.898689,4.051539,7001.22533,3.64,3.379997,31.986812,3.749765,1.765576,43.015928,1.727364,6.2505,34.914386,1068.899074,5.500683,1986.787368,15953.71808,8.050457
4/1/2003,3.67246,128.207694,3.012737,1.655724,58.531723,1.787005,0.3765,7.650803,3.377046,1.471443,1.354742,750.570121,8.276006,2965.138802,29.345196,5.737984,8.383528,0.917099,0.63409,7.799573,227.642719,8974.871267,47.59661,77.192177,54.131209,118.176515,76.736024,3907.7587,1257.275641,0.301176,153.008906,10809.65017,97.651635,9.86195,6.238252,1137.168304,10.767957,3.799966,130.617023,7.244768,1.806521,0.384497,3.499283,53.887236,4.067395,6872.656322,3.64,3.335305,31.651226,3.749765,1.770902,42.881106,1.697656,6.2505,34.823712,1049.270039,5.399669,1972.071894,15660.74741,7.882309
4/8/2003,3.67246,130.739718,2.902544,1.665642,58.199317,1.831206,0.3765,7.599916,3.152094,1.471598,1.390451,715.486122,8.275972,2941.16328,29.61094,5.74929,8.399841,0.935152,0.644234,7.79959,229.001581,8936.340473,47.415595,78.517824,55.200299,119.908473,75.903962,3815.7582,1252.864603,0.300501,151.551022,10660.05708,96.93351,10.001794,6.282272,1132.279044,10.766429,3.799367,130.546952,7.287545,1.837768,0.384497,3.467762,52.834089,4.057692,6889.832967,3.64,3.407847,31.256093,3.749765,1.78282,43.095129,1.640964,6.2505,34.815489,1027.866935,5.33533,1967.474735,15455.05077,8.040618
4/15/2003,3.67246,133.000092,2.952074,1.650656,58.708869,1.80913,0.3765,7.556848,3.132892,1.45186,1.390623,718.909975,8.275961,2930.345029,29.25622,5.845003,8.510635,0.925477,0.63624,7.799584,227.292963,8905.764324,47.338275,77.021513,55.960048,120.236874,75.222257,3814.71377,1218.644592,0.300178,151.784889,10658.67012,97.040589,9.946349,6.234505,1135.290854,10.688852,3.799769,130.385647,7.290642,1.81919,0.384497,3.46203,52.410284,3.931287,6800.249699,3.64,3.376051,31.514388,3.749765,1.780713,42.926924,1.611769,6.2505,34.8064,1036.74281,5.389957,1958.049455,15640.97845,7.711296
4/22/2003,3.67246,130.374551,2.897916,1.60995,57.650025,1.778566,0.37645,7.505439,3.062367,1.44839,1.371548,712.711538,8.275834,2921.996802,28.925222,5.919853,8.354808,0.911728,0.634199,7.799779,225.152886,8832.163835,47.360047,75.808951,55.089064,119.786619,75.57346,3814.171938,1221.083864,0.299679,152.072089,10656.83339,96.754646,9.795513,6.221863,1114.695308,10.629454,3.801575,129.823875,7.152285,1.782881,0.384497,3.448166,52.554015,3.891168,6833.486552,3.64,3.338379,31.041038,3.749765,1.775406,42.744063,1.608102,6.2505,34.827193,1027.979793,5.307059,1968.095231,15355.76389,7.557939
4/29/2003,3.67246,130.651474,2.85392,1.613236,57.690146,1.780773,0.3765,7.562004,2.935669,1.44787,1.369034,707.760099,8.275839,2869.650604,28.694039,5.92598,8.362229,0.907814,0.628246,7.799496,223.737375,8605.65988,47.326958,75.794085,55.903406,120.122927,74.081181,3814.730005,1218.333999,0.299501,151.024057,10646.72986,96.832962,9.809282,6.168256,1115.488126,10.44116,3.801365,128.728344,7.080762,1.798363,0.384497,3.452622,52.722331,3.888007,6775.71091,3.64,3.331389,31.101604,3.749765,1.778143,42.939144,1.592648,6.2505,34.888573,1028.846943,5.456032,1978.181443,15368.61504,7.175471
5/6/2003,3.67246,123.111562,2.803026,1.565237,57.600989,1.719954,0.3765,7.557953,3.029765,1.401847,1.330643,704.66529,8.275825,2852.164313,27.640188,5.914413,8.448678,0.877964,0.619995,7.809095,216.400452,8508.88931,47.194415,73.748237,56.872544,117.84348,73.011118,3816.069931,1205.586426,0.298435,150.908128,10680.27019,96.82392,9.554823,6.111183,1120.144806,10.358571,3.800216,129.921858,6.933992,1.757859,0.384497,3.459805,52.269756,3.767807,6775.365326,3.64,3.313771,31.036656,3.75047,1.745521,42.591254,1.525612,6.2505,34.695941,1024.828926,5.304419,1983.300738,15099.4923,7.328178
5/13/2003,3.67246,120.00156,2.757596,1.54567,57.563347,1.694014,0.3765,7.56417,2.861573,1.388538,1.315788,694.144134,8.275819,2840.457563,27.309038,5.92951,8.448464,0.868717,0.621723,7.799367,212.516026,8412.154114,47.153178,72.946692,59.848262,117.124617,67.744324,3819.655794,1199.21811,0.29848,150.256508,10627.20545,96.90657,9.410205,6.037376,1120.342126,10.295264,3.800668,128.948144,6.8404,1.736476,0.384497,3.46426,52.115519,3.765584,6417.978093,3.64,3.256857,30.987491,3.749765,1.733203,42.373086,1.500258,6.2505,34.701167,1022.860411,5.508077,1998.249827,14878.74796,7.359931
5/20/2003,3.67246,120.163968,2.876478,1.52218,57.608856,1.675726,0.3765,7.572844,3.005959,1.351329,1.294556,710.967809,8.275722,2876.287449,27.008642,5.936911,8.258977,0.855883,0.610653,7.799228,209.960775,8387.580945,46.772903,73.651666,65.470082,116.876086,70.779848,3815.724164,1201.46989,0.298282,150.523739,10627.07528,96.981896,9.342931,5.999452,1079.459487,10.272172,3.799807,128.641358,6.80196,1.7102,0.384497,3.47282,52.727628,3.716335,6118.936775,3.64,3.239303,30.806896,3.749765,1.72661,42.044076,1.464428,6.2505,34.658771,1042.763496,5.306002,2001.876746,14700.69832,7.788098
5/27/2003,3.67246,117.64696,2.868787,1.519507,57.616114,1.639329,0.3765,7.081368,3.032942,1.375229,1.284928,705.112805,8.275745,2849.27116,26.409574,5.975379,8.032662,0.843617,0.609249,7.798988,206.998881,8193.275915,46.86455,71.649441,65.477735,117.018445,69.698852,3837.121148,1197.293996,0.298162,150.453025,10598.18622,96.993606,9.195337,5.990679,1056.934896,10.332327,3.79968,127.310091,6.618809,1.712184,0.384497,3.365021,52.83071,3.676246,6377.456336,3.64,3.170837,30.693773,3.749765,1.721349,41.637744,1.456038,6.2505,34.675728,1036.821933,5.521844,1926.268621,14391.82874,8.047335
6/3/2003,3.67246,117.083853,2.847383,1.516148,58.730855,1.664348,0.3765,7.647677,2.969697,1.368816,1.310519,713.123679,8.275776,2868.631637,26.680073,5.974251,8.483352,0.852633,0.613331,7.798919,216.688949,8247.990868,46.964767,72.617931,59.078321,119.078775,71.951521,3815.39092,1202.028294,0.29923,152.737478,10547.84264,97.733713,9.303605,6.02031,1131.789233,10.252786,3.800086,136.331893,6.819726,1.725389,0.384497,3.511603,53.154572,3.748699,6463.469189,3.64,3.254721,30.749047,3.749765,1.726834,41.673414,1.440664,6.2505,34.692591,1050.68554,5.334984,2003.131448,15678.48789,8.034739
6/10/2003,3.67246,117.087146,2.837802,1.520885,58.737706,1.667805,0.3765,7.649252,2.881435,1.361221,1.317436,719.043046,8.275744,2833.979995,26.753516,5.983964,8.485821,0.855687,0.604831,7.798917,221.851823,8228.39887,46.749535,73.211386,59.10006,117.86845,74.037634,3851.817327,1193.754339,0.299148,153.050812,10540.96468,97.776138,9.321908,6.011793,1132.155991,10.683093,3.800163,136.379885,7.023936,1.740052,0.384497,3.510286,53.473302,3.814856,6465.43231,3.64,3.256969,30.572383,3.749765,1.73051,41.764309,1.429201,6.2505,34.729446,1050.82528,5.335354,2006.207945,15679.74857,7.988049
6/17/2003,3.67246,116.311225,2.829924,1.491957,58.345096,1.653823,0.3765,7.598118,2.880683,1.341722,1.306238,708.928902,8.27574,2843.584148,27.047102,5.969982,8.42709,0.847314,0.594174,7.799099,222.568358,8202.444607,46.663229,73.255913,58.697225,118.151011,73.241749,3825.481353,1185.410666,0.298815,148.644907,10541.23033,97.376552,9.254856,5.963012,1124.306741,10.488298,3.799627,135.406528,6.950148,1.712226,0.384497,3.490082,53.424949,3.728575,6419.666896,3.64,3.246132,30.375805,3.749765,1.7279,41.549134,1.42005,6.2505,34.515854,1043.536236,5.335754,1998.465325,15570.46398,7.810548
6/24/2003,3.67246,117.969548,2.773187,1.506559,57.938316,1.686957,0.3765,7.602699,2.86071,1.358651,1.327485,702.274882,8.276031,2782.67298,27.278071,5.990679,8.262644,0.868446,0.600975,7.798917,225.780572,8237.649393,46.541915,75.512322,57.927589,117.923642,74.088034,3850.37633,1192.330988,0.299606,147.903798,10573.14647,96.917468,9.399195,6.037702,1120.598668,10.488365,3.799841,129.228307,7.087144,1.707821,0.384497,3.454177,53.41661,3.858193,6110.623756,3.64,3.27479,30.290125,3.749765,1.740501,41.534942,1.445364,6.2505,34.56946,1031.931828,5.30603,1986.556147,15911.22935,7.832725
7/1/2003,3.67246,115.747997,2.773964,1.478788,57.720117,1.690258,0.3765,7.59265,2.838026,1.349147,1.344816,696.053419,8.276055,2783.824241,27.376666,6.020743,8.307634,0.864649,0.601982,7.798765,230.081405,8241.963214,46.406209,76.305986,57.66914,119.556629,73.743003,3776.909873,1190.794981,0.299045,147.496272,10570.4737,96.618313,9.41515,6.073985,1107.977598,10.450991,3.800233,128.681902,7.178738,1.682466,0.384497,3.458139,53.28774,3.832539,6152.711794,3.64,3.285373,30.219666,3.749765,1.756938,41.968752,1.405528,6.2505,34.54404,1028.626417,5.429448,1992.349239,15334.27541,7.461425
7/8/2003,3.67246,118.576144,2.790902,1.509883,59.133631,1.722599,0.3765,7.658977,2.884264,1.363616,1.371617,701.462172,8.276008,2845.442652,27.895052,6.067148,8.513494,0.885163,0.611249,7.798944,231.998356,8189.82142,46.210471,77.670846,58.444207,118.264516,74.032631,3869.67841,1179.609768,0.300166,147.280959,10567.39798,97.825005,9.544651,6.067963,1135.440201,10.544292,3.800169,131.888944,7.318928,1.69496,0.384497,3.46805,53.3653,3.942257,6162.533536,3.64,3.282841,30.341675,3.749765,1.757223,41.624551,1.401917,6.2505,34.319479,1054.257272,5.334881,1994.846018,15719.56192,7.639766
7/15/2003,3.67246,118.149321,2.757733,1.528526,57.860164,1.723664,0.3765,7.633988,2.849467,1.384463,1.378563,698.032034,8.275906,2855.738004,28.162731,6.091987,8.481967,0.891265,0.625076,7.799788,231.111971,8240.548327,46.117815,77.241806,59.090676,117.498198,73.946864,3855.323931,1177.462828,0.300226,147.096923,10548.33743,97.614709,9.564615,6.094542,1130.979136,10.416962,3.799745,128.836115,7.412017,1.705746,0.384497,3.461878,53.478663,3.929764,6358.615442,3.64,3.257221,30.456145,3.749765,1.755424,41.513879,1.37524,6.2505,34.336209,1050.098214,5.335009,1985.554682,15655.79819,7.67663
7/22/2003,3.673135,117.947113,2.789504,1.534563,58.807757,1.720193,0.3765,7.669749,2.877155,1.411067,1.361436,704.513287,8.275833,2849.021072,28.407882,6.141875,8.464416,0.882229,0.625563,7.799448,234.230517,8402.252873,46.163412,77.598519,59.10877,119.181511,74.911218,3847.483473,1181.860234,0.300714,147.141472,10551.57338,97.508892,9.54152,6.11316,1128.541208,10.427016,3.800063,131.070956,7.362465,1.735903,0.384497,3.485619,53.796775,3.917306,5871.079771,3.64,3.247681,30.378126,3.749765,1.757598,41.833488,1.38775,6.2505,34.491424,1047.642133,5.335143,2006.142574,15618.69546,7.579557
7/29/2003,3.67246,116.839949,2.812431,1.50497,57.831975,1.702247,0.3765,7.640202,2.912807,1.3851,1.350387,697.632843,8.276117,2856.224156,27.883566,6.118749,8.463811,0.872316,0.616055,7.799379,228.69264,8593.417643,46.056759,76.443902,59.082923,119.766737,75.068603,3808.035209,1178.277854,0.298926,147.077433,10546.95194,97.036807,9.470278,6.073912,1117.530176,10.474944,3.800172,127.237788,7.193783,1.693857,0.384497,3.464398,54.557351,3.821061,5819.713277,3.64,3.241314,30.336452,3.749765,1.754582,42.015026,1.441358,6.2505,34.328096,1036.663907,5.335004,1988.549719,15470.39958,7.3514
8/5/2003,3.67246,118.419634,2.932224,1.549082,57.929934,1.721711,0.37645,7.63326,3.040071,1.405051,1.351471,710.462343,8.276076,2873.238396,28.392531,6.144556,8.466589,0.881388,0.621542,7.799471,231.560077,8536.321745,46.11258,77.605224,59.096605,120.12147,75.027371,3807.204532,1188.255657,0.299488,147.111382,10549.39859,96.878153,9.564248,6.113521,1120.352449,10.707572,3.800298,125.870739,7.251647,1.724217,0.384497,3.466906,54.786196,3.852996,6054.66147,3.64,3.280498,30.354518,3.749765,1.764834,42.049653,1.407777,6.2505,34.459798,1040.291292,5.335021,1992.103473,15457.0618,7.452471
8/12/2003,3.67246,117.289691,2.902625,1.519476,57.964877,1.724642,0.3765,7.653746,3.011306,1.383532,1.365043,701.865143,8.275821,2854.074338,28.454598,6.122886,8.574245,0.884206,0.624036,7.799505,228.299798,8482.446462,45.863703,79.561528,59.094556,118.49304,75.374966,3809.603514,1178.403925,0.299124,146.582888,10639.01804,96.85375,9.583736,6.114093,1119.849093,10.743012,3.798761,128.129511,7.290967,1.702352,0.384497,3.474062,54.890087,3.862977,6148.037939,3.64,3.29539,30.396461,3.749765,1.754508,41.813658,1.40318,6.2505,34.349747,1041.145266,5.335016,1990.091904,15469.48644,7.377736
8/19/2003,3.67246,117.8544,2.907248,1.526311,57.931474,1.763231,0.3765,7.675007,2.996839,1.398849,1.393705,702.190377,8.275683,2852.28825,29.173626,6.155644,8.3595,0.899401,0.630503,7.799007,234.194664,8435.511843,45.803304,80.298238,57.97864,119.047003,75.356628,3887.090799,1178.720334,0.299869,146.427765,10757.43408,96.683387,9.747881,6.139302,1142.455703,10.807163,3.799838,130.755469,7.517105,1.712162,0.384497,3.472912,55.104354,3.947131,6069.76408,3.64,3.345052,30.324052,3.749765,1.752362,41.63022,1.412308,6.2505,34.330998,1028.850759,5.305034,1992.248909,15784.90689,7.33875
8/26/2003,3.67246,120.919627,2.915069,1.551802,58.220592,1.803823,0.3765,7.686002,2.995287,1.396315,1.413678,696.574298,8.275732,2846.769835,29.894733,6.169966,8.983239,0.919696,0.637488,7.799399,237.419985,8504.201275,45.797081,82.183802,58.077866,117.404453,76.2539,3991.323572,1168.723573,0.29997,146.519716,11005.08581,96.411016,9.922872,6.189716,1173.445319,10.919441,3.799843,130.552498,7.683567,1.737026,0.384497,3.473526,55.3184,4.029216,6199.419105,3.64,3.388062,30.308903,3.749765,1.75493,41.354644,1.388366,6.2505,34.18146,1049.209594,5.306431,1993.276566,15654.7836,7.411035
9/2/2003,3.67246,124.850065,2.949509,1.56325,58.622348,1.798659,0.3765,7.685878,2.986043,1.389856,1.415889,696.589014,8.275861,2836.892355,29.814184,6.131676,8.355938,0.922403,0.637139,7.7996,236.206638,8500.738994,45.906986,81.740253,59.203663,116.4747,76.496222,3815.950694,1177.472168,0.299842,147.43383,10971.61103,96.439374,9.893478,6.176513,1120.362608,11.029679,3.799954,129.448994,7.580722,1.757986,0.384497,3.472834,54.79486,4.015117,6171.934738,3.64,3.440864,30.59193,3.749765,1.756803,41.02813,1.385754,6.2505,34.122195,1044.846933,5.332934,1992.231693,15560.20894,7.314775
9/9/2003,3.67246,118.561301,2.939687,1.522587,57.946064,1.752282,0.3765,7.691357,2.936758,1.367998,1.382669,682.283332,8.275822,2794.390242,29.478848,6.116398,8.356397,0.892922,0.629599,7.799616,230.716994,8498.190689,45.663627,80.601706,58.397695,116.523861,76.833452,3814.983702,1168.297788,0.298696,146.579149,10689.80764,95.974539,9.666573,6.132434,1120.19736,11.029025,3.799569,130.129495,7.404546,1.717921,0.384497,3.473289,55.106671,3.974585,6187.946421,3.64,3.373358,30.632905,3.749765,1.755935,40.531732,1.381868,6.2505,34.097041,1036.675513,5.305989,1987.547381,15518.97009,7.479515
9/16/2003,3.67246,119.159232,2.892736,1.509229,57.996074,1.736685,0.3765,7.646993,2.892979,1.368676,1.389759,671.755607,8.276031,2831.147998,29.099516,6.11705,8.500429,0.894536,0.629184,7.799384,226.971723,8486.336128,45.812458,79.234535,59.19231,116.485309,78.024496,3793.00927,1168.729481,0.297097,146.654522,10594.66027,94.559768,9.603727,6.083202,1113.945341,10.914459,3.800136,130.300808,7.370455,1.707338,0.384497,3.462263,54.90654,4.00267,6066.166751,3.64,3.388818,30.618165,3.75047,1.750863,40.520835,1.378726,6.2505,34.06665,1051.298851,5.302601,1983.83244,15440.48919,7.517484
9/23/2003,3.67246,118.585383,2.900567,1.476063,58.371795,1.702342,0.3765,7.741898,2.911651,1.354333,1.354777,656.704638,8.27598,2863.152034,27.768718,6.141952,8.553654,0.871673,0.60474,7.74606,222.185879,8423.926053,45.783563,77.145848,59.522414,111.793257,78.38733,3817.338217,1151.486153,0.29522,148.258329,10383.02583,94.733996,9.467554,6.009498,1120.617478,10.775239,3.800067,131.078842,7.079962,1.681023,0.384497,3.478177,54.960445,3.919487,6316.387581,3.64,3.329841,30.460838,3.749765,1.731641,40.061655,1.357314,6.2505,33.737947,1057.003314,5.333107,1984.00096,15548.93599,7.169528
9/30/2003,3.67246,119.089539,2.899825,1.469622,58.387511,1.675562,0.3765,7.689354,2.924501,1.350075,1.321215,656.697064,8.275878,2862.012482,27.365043,6.135469,8.356349,0.858489,0.600805,7.745386,218.456991,8387.628426,45.736978,76.450395,58.7041,111.079433,77.988564,3817.95917,1150.043831,0.29436,148.849935,10215.50018,94.505125,9.33624,6.019799,1120.589847,10.993452,3.800224,131.041481,7.031695,1.678969,0.384497,3.474467,54.899929,3.967302,6168.681921,3.64,3.284981,30.555238,3.749765,1.728571,40.003914,1.402153,6.2505,33.733834,1040.68473,5.336216,1981.050216,15604.11386,6.96683
10/7/2003,3.67246,118.338428,2.869368,1.448761,57.939633,1.658536,0.3765,7.713118,2.864151,1.332406,1.315397,655.933686,8.275841,2852.378633,27.136781,6.131342,8.302352,0.849132,0.600453,7.712552,216.202005,8354.413161,44.993243,76.138681,58.700628,110.041593,78.086401,3793.267108,1150.097734,0.293487,148.314654,10114.80354,94.230199,9.254368,5.97829,1113.355408,11.296375,3.800057,130.343012,6.972622,1.673067,0.384497,3.471746,54.9033,3.87483,6168.712854,3.64,3.266953,30.300978,3.749765,1.722184,39.397258,1.382308,6.2505,33.747028,1033.995585,5.334259,1983.071489,15501.97827,6.83878
10/14/2003,3.67246,115.666638,2.835151,1.453916,57.95351,1.67708,0.3765,7.716438,2.839258,1.325937,1.322523,644.29435,8.275694,2862.120968,27.565013,6.107007,8.358082,0.854047,0.599863,7.750896,219.046124,8399.424358,45.657662,76.388173,59.087179,109.342433,78.30284,3815.525036,1172.496687,0.293508,146.546106,10231.30549,94.503027,9.326373,5.95705,1120.464045,11.212598,3.799262,131.94916,7.069793,1.68091,0.384497,3.470436,54.673953,3.892814,6119.713384,3.64,3.339769,30.148877,3.749765,1.741128,39.894162,1.404762,6.2505,33.95526,1050.422247,5.308991,1980.248273,15559.98465,6.986984
10/21/2003,3.67246,116.230088,2.844099,1.435163,58.047326,1.678711,0.3765,7.721814,2.866401,1.318827,1.333246,645.734034,8.275596,2860.102193,27.353486,6.165134,8.364615,0.857856,0.597994,7.753162,221.03564,8458.945546,45.29166,76.632539,59.707069,109.858654,76.544202,3815.658473,1181.027411,0.293659,147.684359,10240.98839,94.183253,9.360971,5.95119,1120.44253,11.124892,3.800575,137.397006,7.107834,1.667312,0.384497,3.472587,54.770804,3.953971,6150.71409,3.64,3.343342,29.898618,3.749765,1.744283,39.987455,1.446057,6.2505,34.023055,1051.290854,5.309556,1979.447199,15543.25735,7.127231
10/28/2003,3.67246,114.740196,2.83792,1.419564,57.921057,1.67212,0.3765,7.710892,2.868111,1.312092,1.328519,635.38728,8.275621,2865.3081,27.425002,6.137976,8.357969,0.855732,0.590093,7.757663,218.958465,8513.628466,45.282062,76.407093,59.633979,108.382831,76.185269,3815.867468,1183.911549,0.29349,148.061537,10197.12226,94.362047,9.321975,5.915232,1120.376557,11.068344,3.800287,133.305922,7.048631,1.634965,0.384497,3.471877,55.292789,3.974985,6119.545665,3.64,3.327691,29.892708,3.749765,1.745799,39.95507,1.525909,6.2505,33.953639,1052.78306,5.310317,1982.588015,15584.73386,6.938319
11/4/2003,3.67246,114.89854,2.846327,1.425045,58.291047,1.701748,0.3765,7.768307,2.857931,1.332816,1.361196,624.847027,8.275694,2861.941689,27.966569,6.143657,8.549817,0.87011,0.595443,7.767737,227.13777,8460.839836,45.292496,76.360307,59.96199,109.866434,77.379263,3815.457811,1186.321025,0.29463,147.907733,10379.40426,95.006079,9.447995,5.95364,1120.421672,10.982484,3.799974,138.455785,7.178297,1.636675,0.384497,3.472553,55.318981,4.032787,6260.309121,3.64,3.45408,29.862619,3.749765,1.744481,39.929254,1.469113,6.2505,34.006008,1057.275313,5.337085,1983.747478,15641.95319,6.925087
11/11/2003,3.67246,115.913727,2.843161,1.40006,58.299006,1.697021,0.3765,7.722866,2.89236,1.312834,1.363544,621.470161,8.27524,2850.005376,27.832275,6.137702,8.549468,0.869267,0.600241,7.755918,223.605919,8472.003898,45.223151,76.811342,59.335503,108.74433,76.680001,3970.012585,1177.280644,0.294667,147.61012,10353.22329,95.420735,9.437427,5.976297,1120.314195,10.959129,3.799474,136.113353,7.140185,1.599197,0.384497,3.470762,55.153018,3.970427,6178.692011,3.64,3.466477,29.72005,3.749765,1.734456,39.891086,1.488861,6.2505,34.018176,1056.997787,5.422983,1977.248384,15653.8298,6.934679
11/18/2003,3.67246,115.902242,2.859341,1.387601,58.125653,1.656746,0.3765,7.722422,2.94176,1.303848,1.307395,625.132321,8.275697,2848.355748,27.224578,6.149841,8.551116,0.840164,0.589392,7.758258,218.127753,8444.065165,45.616705,75.700458,59.61401,108.351995,76.000623,3970.03421,1179.993866,0.294532,146.308605,10491.91433,96.584695,9.26365,5.913125,1120.482848,11.17338,3.800057,136.134668,6.932275,1.579677,0.384497,3.469956,55.371219,3.903294,6119.574537,3.64,3.402713,29.799815,3.749765,1.720558,39.895042,1.472306,6.2505,34.01388,1054.362866,5.4179,1964.354951,15648.89942,6.669985
11/25/2003,3.67246,115.388136,2.889089,1.392416,58.183644,1.658818,0.3765,7.733246,2.925082,1.313982,1.318999,620.709414,8.275828,2851.613908,27.103345,6.191373,8.514407,0.848759,0.589274,7.768486,222.625929,8469.701388,45.876248,75.590685,59.795339,109.718549,76.619974,3796.847458,1203.252314,0.294413,146.705085,10491.90678,96.292373,9.264003,5.911924,1119.432203,11.315462,3.800074,142.831356,6.926949,1.570293,0.384497,3.469716,55.472135,3.95113,6105.254237,3.64,3.398568,29.742682,3.749765,1.72203,39.906007,1.463219,6.2505,34.078221,1045.279661,5.418195,1973.978814,15596.63559,6.574197
12/2/2003,3.67246,113.747558,2.96268,1.369384,58.265734,1.632163,0.3765,7.785045,2.932911,1.301407,1.292126,620.224618,8.275931,2845.444145,27.084106,6.145555,8.569973,0.82896,0.579409,7.762639,228.375597,8453.358829,45.671609,74.655532,59.930536,108.943365,76.017577,3989.254763,1194.612074,0.294384,146.174462,10492.80311,96.539837,9.155494,5.86548,1125.411191,11.35817,3.799954,144.86366,6.797998,1.550504,0.384497,3.474699,55.51772,3.901628,6047.347504,3.64,3.340301,29.692015,3.749765,1.721179,39.91852,1.465772,6.2505,34.134555,1051.689014,5.440012,1960.105282,15699.45898,6.362836
12/9/2003,3.67246,111.14524,2.952887,1.349306,57.155239,1.593462,0.3765,7.619299,2.934864,1.305154,1.263942,605.16696,8.275871,2795.400585,26.219613,6.156992,8.363137,0.817162,0.573369,7.763868,217.832897,8451.276726,45.508054,73.274596,60.370146,107.201832,75.026881,3885.296256,1187.097314,0.294549,145.190383,10490.40527,95.467089,8.985226,5.816708,1096.225012,11.17918,3.799887,141.100881,6.625004,1.544282,0.384497,3.442181,55.260323,3.809104,5966.555293,3.64,3.310341,29.533654,3.749765,1.712745,39.788245,1.425457,6.2505,34.004727,1024.556617,5.341946,1931.225842,15295.24308,6.399198
12/16/2003,3.67246,110.646931,2.936804,1.34421,56.891616,1.583852,0.3765,7.583909,2.933471,1.321501,1.258986,601.386457,8.275886,2770.786698,26.137797,6.179605,8.324813,0.811041,0.571091,7.763135,213.871043,8512.113877,45.500487,73.093444,60.533077,107.535524,74.850704,3867.173045,1190.571384,0.294657,145.491284,10497.38696,95.063694,8.931711,5.818045,1090.9777,11.306776,3.800352,140.435615,6.667084,1.535725,0.384497,3.429658,55.530336,3.767971,5937.579122,3.64,3.292631,29.263308,3.749765,1.706099,39.627657,1.428514,6.2505,34.013235,1019.605934,5.335971,1927.510225,15219.58484,6.338077
12/23/2003,3.67246,110.134094,2.953864,1.359779,58.244676,1.578087,0.3765,7.756283,2.918027,1.323789,1.258949,595.533449,8.275795,2792.458587,26.244944,6.158499,8.549554,0.806602,0.566868,7.763593,212.14283,8457.380553,45.49275,72.336992,59.898885,107.444161,75.51548,3969.173581,1194.981239,0.294743,144.236677,10495.94814,95.987304,8.904124,5.765218,1120.26577,11.278689,3.799963,143.069902,6.753207,1.558437,0.384497,3.45213,55.561967,3.749919,5869.783981,3.64,3.254725,29.24013,3.75047,1.708052,39.621119,1.423574,6.2505,34.030642,1062.951047,5.33568,1935.258761,15494.98859,6.881407
12/30/2003,3.67246,113.840886,2.935043,1.337424,58.585829,1.565193,0.3755,7.801771,2.878823,1.302694,1.245246,597.955493,8.275673,2777.025756,26.052671,6.166837,8.550547,0.798122,0.562551,7.763804,209.147588,8441.995677,45.538183,71.726953,60.00224,107.029639,75.954867,3970.166091,1196.189599,0.294352,143.960413,10496.30376,96.439271,8.809406,5.747968,1120.343702,11.208463,3.799957,139.542531,6.73298,1.530994,0.384497,3.46902,55.531763,3.751761,5974.9984,3.64,3.290108,29.343261,3.749065,1.703074,39.639859,1.4021,6.2505,34.021341,1063.324053,5.335477,1945.79496,15652.40175,6.593229
1/6/2004,3.67246,113.797148,2.874157,1.297485,58.381419,1.533251,0.3765,7.718623,2.852685,1.282331,1.228198,578.899353,8.275873,2771.348101,25.431962,6.165728,8.460624,0.783346,0.548357,7.763308,204.024876,8294.100819,45.534069,69.692694,60.43465,106.189575,75.560579,3928.551323,1187.219693,0.294637,143.57603,10496.54407,97.014342,8.681663,5.702735,1108.955714,10.949919,3.800139,138.648589,6.707537,1.486131,0.384497,3.446612,55.112647,3.678504,5976.105586,3.64,3.241965,29.241599,3.749065,1.697878,39.148215,1.376499,6.2505,33.802421,1043.527554,5.334233,1928.530681,15487.50547,6.460823
1/13/2004,3.67246,113.842173,2.875798,1.284861,58.488925,1.533936,0.3765,7.733169,2.804942,1.273331,1.225246,574.5956,8.275721,2765.814706,25.534935,6.17637,8.475283,0.784691,0.541885,7.763805,210.968571,8302.696179,45.412666,69.778022,60.577443,106.289386,75.622489,3935.834411,1179.520765,0.294808,142.033792,10443.89823,97.033739,8.689435,5.657078,1110.776589,10.824016,3.800416,138.876475,6.718257,1.462792,0.384497,3.447577,55.265787,3.694329,5985.910855,3.64,3.239313,28.870039,3.749765,1.693782,38.916555,1.334862,6.2505,33.680313,1045.254616,5.334972,1933.86888,15512.2349,6.944616
1/20/2004,3.67246,113.3936,2.882812,1.303526,59.57984,1.560159,0.3765,7.877072,2.840999,1.290498,1.250146,570.831925,8.275854,2753.78332,26.199713,6.165151,8.63232,0.795678,0.550343,7.769574,211.256264,8404.070048,45.435303,69.065093,60.70552,107.185829,76.31655,4008.72,1189.080643,0.294265,140.396,10446.408,98.2738,8.817356,5.728784,1131.168,10.847254,3.800063,141.4272,6.861391,1.501752,0.384497,3.475002,55.631828,3.773612,6096.016,3.64,3.264654,28.780391,3.749765,1.707633,39.06788,1.33976,6.2505,33.681276,1064.176,5.334568,1939.948,15794.056,7.190459
1/27/2004,3.67246,113.833479,2.902686,1.286631,58.653347,1.562567,0.3765,7.860447,2.856573,1.307411,1.244777,579.889369,8.275911,2773.916377,26.320281,6.169313,8.550983,0.792616,0.549101,7.764249,210.567459,8394.488943,45.329055,69.281777,60.128154,105.683587,76.518135,3970.325559,1177.911404,0.294755,139.427685,10399.40301,97.952022,8.810511,5.710332,1120.472817,10.903683,3.800095,139.412561,6.851416,1.479237,0.384497,3.465386,55.728948,3.773588,6250.258696,3.64,3.271783,28.501429,3.749765,1.696936,39.161111,1.316118,6.2505,33.494748,1087.749741,5.336209,1940.750498,15669.0281,7.101399
2/3/2004,3.67246,113.353567,2.910033,1.306586,58.662174,1.554044,0.3765,7.861135,2.923121,1.334371,1.247611,590.578204,8.275932,2758.539682,26.559385,6.178316,8.600277,0.796642,0.543725,7.775165,212.071109,8423.453644,45.67462,68.8677,60.101727,105.490032,76.544052,3970.493579,1169.821378,0.294779,139.618583,10398.29685,97.925204,8.745481,5.727878,1120.359749,11.0556,3.800216,139.397922,6.918755,1.472927,0.384497,3.486229,56.126816,3.81319,6219.927986,3.64,3.215341,28.578249,3.749765,1.692825,39.120809,1.336241,6.2505,33.256734,1088.551126,5.336217,1931.251793,15705.04732,6.919159
2/10/2004,3.67246,113.333438,2.916433,1.27911,58.651768,1.532173,0.3765,7.860238,2.915408,1.327769,1.232314,585.68243,8.275943,2719.340355,26.017238,6.162014,8.600328,0.785983,0.534576,7.768823,207.348135,8407.45056,45.208374,68.199624,60.112333,105.49295,76.129988,3986.119864,1162.189885,0.29476,139.215717,10398.70337,98.551617,8.679278,5.656297,1170.082871,11.123724,3.799214,139.409503,6.916651,1.429026,0.384497,3.480651,55.844328,3.781416,6220.199458,3.64,3.211012,28.445166,3.749765,1.674459,38.954042,1.339781,6.2505,33.189156,1086.085203,5.334423,1858.004128,15709.06069,6.874855
2/17/2004,3.67246,113.481746,2.90076,1.25398,56.758243,1.52105,0.3765,7.585577,2.8991,1.310647,1.226207,575.072515,8.275842,2710.333568,25.469341,6.167989,8.293517,0.778446,0.525067,7.770271,205.81058,8381.997019,45.269045,67.467724,60.7505,105.669641,74.812059,3851.91734,1158.913192,0.289477,138.96371,10413.38672,98.959941,8.593503,5.657294,1125.446912,10.923762,3.800303,132.277362,6.836298,1.413242,0.384497,3.428247,55.973415,3.789236,5996.035239,3.64,3.170594,28.488135,3.749765,1.674635,38.989938,1.326728,6.2505,33.094995,1085.503307,5.334894,1812.242426,15125.71954,6.597184
2/24/2004,3.67246,113.33831,2.919813,1.285452,58.804984,1.549357,0.3765,7.856666,2.96134,1.331544,1.244024,588.892627,8.275888,2658.903873,25.926815,6.171245,8.600415,0.789067,0.530563,7.777639,206.221875,8420.21199,45.279695,68.876538,60.18289,108.206187,76.51975,3986.340859,1177.434788,0.294658,138.926169,10411.34662,99.099694,8.774938,5.716104,1170.096011,11.077371,3.80056,136.311079,6.961768,1.45227,0.384497,3.479058,56.25211,3.877173,6220.499829,3.64,3.205469,28.497855,3.749765,1.691897,39.241221,1.319876,6.2505,33.318102,1088.466761,5.338985,1933.746476,15742.38225,6.611795
3/2/2004,3.671785,113.319561,2.914363,1.30583,58.989695,1.573751,0.3765,7.878077,2.911561,1.341681,1.288607,590.480356,8.275724,2665.974626,26.278262,6.230229,8.68386,0.816542,0.541461,7.785811,205.803911,8451.533119,45.202673,70.343493,60.841571,109.952727,76.407654,3994.286775,1174.18809,0.294573,139.177554,10410.73086,98.170965,8.909429,5.730776,1175.600978,10.963313,3.800178,136.169234,7.047722,1.459698,0.384497,3.474686,56.232493,3.931463,6048.667318,3.64,3.221445,28.541277,3.74766,1.706567,39.29566,1.320184,6.2505,33.304098,1110.883371,5.334474,1939.535831,15716.00914,6.677241
3/9/2004,3.67246,113.344433,2.94292,1.314193,59.081489,1.578323,0.3765,7.892921,2.870644,1.323571,1.277823,596.133462,8.27575,2703.309743,26.706174,6.197381,8.694573,0.809189,0.545215,7.790155,206.106061,8477.291741,45.236929,70.075237,60.864357,111.326854,76.78213,4001.915585,1174.555172,0.295416,139.011655,10441.58678,97.867186,8.903741,5.773436,1177.704854,10.970052,3.800578,136.351659,6.971933,1.469938,0.384497,3.47513,56.204226,3.861176,6058.380886,3.64,3.242076,28.543423,3.749765,1.706133,39.421826,1.313126,6.2505,33.35585,1112.680041,5.339948,1932.668455,15742.82666,6.604275
3/16/2004,3.67246,113.291155,2.916672,1.348833,59.227579,1.579769,0.3765,7.909902,2.899622,1.332736,1.275677,602.325527,8.275985,2671.402952,26.917487,6.188772,8.719976,0.814267,0.551212,7.792323,205.878708,8508.119871,45.210774,70.121457,60.92488,109.006359,76.861328,4010.56358,1171.788281,0.294678,139.323412,10439.70902,98.37864,8.916511,5.797275,1180.528665,11.030154,3.799682,136.735173,6.873364,1.537321,0.384497,3.477102,56.325832,3.831984,6074.115179,3.64,3.229199,28.515003,3.749765,1.701229,39.491431,1.314614,6.2505,33.365719,1115.559408,5.336722,1939.390375,15782.67703,6.695678
3/23/2004,3.67246,113.328015,2.902079,1.33008,59.53986,1.589332,0.3765,7.951878,2.919284,1.332614,1.261356,605.792143,8.276021,2714.078623,26.961144,6.207683,8.764387,0.812257,0.541588,7.79494,204.918258,8518.554152,45.007847,72.059303,60.82887,106.759485,77.360794,4031.867094,1156.479321,0.294809,138.837156,10437.91004,98.642902,8.98879,5.748726,1186.595471,10.971241,3.800012,137.440376,6.863247,1.514225,0.384497,3.484234,56.41203,3.827794,6105.81666,3.64,3.247351,28.490681,3.749765,1.688241,39.464007,1.315988,6.2505,33.354148,1121.184495,5.332305,1950.680971,15864.43258,6.534139
3/30/2004,3.67246,113.240797,2.866393,1.327426,60.071591,1.600899,0.3764,8.022586,2.925074,1.307189,1.279764,618.010841,8.275872,2685.262635,27.073132,6.24376,8.842077,0.820439,0.547648,7.795893,204.780562,8539.206668,44.119212,72.577337,60.875998,105.700437,77.697779,4067.827762,1152.913514,0.294526,138.420722,10448.60305,98.982287,8.982634,5.786898,1196.894943,11.184515,3.800484,138.628956,6.901129,1.52212,0.384497,3.458337,56.279145,3.881021,6157.841866,3.64,3.328415,28.486801,3.749765,1.683787,39.521538,1.316618,6.2505,33.1201,1130.965088,5.327086,1949.987098,15998.95893,6.284251
4/6/2004,3.671785,113.338179,2.856812,1.314731,59.606957,1.61366,0.3764,7.987859,2.871106,1.307919,1.293053,614.385268,8.268479,2669.185091,27.059607,6.205345,8.744559,0.827069,0.544161,7.794958,205.730971,8539.571898,43.772356,72.464847,60.755279,105.897705,78.06181,3889.545015,1150.11199,0.296405,138.360271,10470.66014,98.241607,9.063671,5.782617,1189.806823,11.159158,3.800119,135.077345,6.928475,1.526494,0.384497,3.47759,56.377382,3.903557,6056.160752,3.64,3.384898,28.537486,3.749765,1.682113,39.10034,1.3105,6.2505,33.037718,1119.407669,5.334123,1936.965608,15870.41732,6.397282
4/13/2004,3.67246,109.058308,2.857688,1.321963,60.241896,1.629199,0.3765,8.073122,2.892162,1.335701,1.298292,614.219943,8.303706,2683.689455,26.864272,6.164688,8.838365,0.837508,0.549154,7.795567,207.126879,8571.880158,43.781921,72.80167,61.672322,106.494029,78.188224,3931.193391,1140.436809,0.298013,137.912341,10423.00313,98.807288,9.213124,5.784121,1202.766676,11.246431,3.800399,129.989359,6.942562,1.527858,0.384497,3.499145,56.234873,3.949478,6121.685142,3.64,3.41981,28.607525,3.749765,1.668467,39.206763,1.359016,6.2505,32.93475,1131.714551,5.329647,1945.788992,16044.84328,6.483627
4/20/2004,3.67246,109.589099,2.827585,1.35689,58.848955,1.635934,0.3765,8.115357,2.911368,1.354084,1.307827,595.32679,8.274797,2628.67851,27.241905,6.198697,8.884912,0.840753,0.558098,7.799107,209.460068,8545.695285,43.94583,73.033708,60.567499,108.2903,78.151855,3951.29,1152.296188,0.294768,139.210046,10425.94786,99.125407,9.173036,5.815267,1208.760743,11.292178,3.799373,137.24828,6.948252,1.574394,0.384497,3.466397,55.631914,3.995891,6151.918408,3.64,3.421523,28.847721,3.749765,1.678931,39.368466,1.371477,6.2505,32.918604,1137.266762,5.330754,1943.121369,16122.10265,6.517609
4/27/2004,3.67273,110.327706,2.830143,1.362799,59.086227,1.641427,0.3765,7.913327,2.910442,1.351673,1.299151,613.338784,8.267402,2625.422844,27.320913,6.175501,8.527511,0.838685,0.55827,7.79953,210.50873,8550.563427,44.194418,73.4584,60.45251,109.568109,78.218356,3977.757393,1151.928443,0.294789,138.664939,10435.69589,98.462568,9.184633,5.868977,1171.13258,11.289221,3.799514,133.01466,6.913535,1.589639,0.384497,3.484027,55.620285,4.017414,6220.700857,3.64,3.413908,28.858165,3.749975,1.696683,39.648245,1.413657,6.2505,33.006244,1087.99421,5.33029,1912.460199,15723.93247,6.674167
5/4/2004,3.67273,106.064492,2.836176,1.373696,58.99507,1.617665,0.3765,7.850079,2.958099,1.369393,1.284434,623.869991,8.251178,2691.536953,26.894369,6.192077,8.571027,0.827828,0.558614,7.799649,209.010755,8623.202304,44.672098,73.260924,60.500397,109.849802,78.327072,3960.813673,1169.715108,0.294715,137.89997,10472.26267,98.054335,9.047638,5.866244,1161.609477,11.425425,3.800205,133.130108,6.814286,1.584482,0.384497,3.486571,55.708795,3.957052,5982.081996,3.64,3.335607,29.010619,3.750045,1.695888,39.959816,1.439015,6.2505,33.227906,1110.237914,5.328472,1899.210773,15568.57814,6.892485
5/11/2004,3.67273,108.326357,2.913605,1.43775,59.578355,1.6528,0.3765,8.015822,3.117987,1.387987,1.30233,639.721532,8.285113,2708.18974,27.209259,6.178321,8.751723,0.844436,0.569396,7.799975,215.392357,9015.231768,45.299929,74.525585,60.427565,113.470762,79.024488,4044.616959,1188.870906,0.294753,137.404335,10473.68733,99.244082,9.260423,5.909624,1185.698218,11.630748,3.8002,135.887223,6.951813,1.654437,0.384497,3.498537,55.954576,4.0255,5849.396622,3.64,3.420953,28.97831,3.750045,1.724615,40.667994,1.548087,6.2505,33.604755,1133.047501,5.329536,1846.621962,15889.42165,6.931624
5/18/2004,3.67266,106.861016,2.913585,1.455123,59.477045,1.628153,0.3764,7.907979,3.115812,1.392987,1.282381,641.870225,8.275636,2712.455234,26.579175,6.18501,8.633564,0.836164,0.56556,7.79979,211.522649,9075.78955,45.437252,73.479095,60.500556,114.011767,79.527791,3989.803338,1183.555272,0.294692,136.682908,10426.1619,98.657404,9.131692,5.875943,1169.60726,11.494653,3.800107,134.043477,6.908771,1.663426,0.384497,3.484452,55.875315,3.952099,5770.073629,3.64,3.385835,29.00145,3.749975,1.72552,40.829831,1.555563,6.2505,33.657988,1117.646074,5.329678,1838.001436,15673.47275,6.766125
5/25/2004,3.67266,106.100432,2.944085,1.416211,59.074403,1.617396,0.3765,7.851062,3.157333,1.371427,1.271796,636.180358,8.277153,2765.224027,26.284084,6.198061,8.572491,0.826399,0.552511,7.793968,209.138087,9220.158345,45.302488,72.69336,60.669932,112.262565,79.598693,3961.662688,1178.07043,0.294717,136.971013,10424.02338,98.305783,9.078545,5.871226,1161.015054,11.477076,3.800078,133.062937,6.806677,1.624754,0.384497,3.490568,55.977024,3.852193,5728.235456,3.64,3.399136,28.987086,3.750045,1.716277,40.821914,1.514343,6.2505,33.537407,1109.832554,5.325731,1879.777715,15563.40396,6.607836
6/1/2004,3.67266,104.36022,2.95955,1.407922,60.058893,1.595998,0.3765,7.884084,3.165072,1.367209,1.249182,634.554868,8.275466,2720.626384,25.868814,6.182814,8.575699,0.818115,0.54413,7.796367,205.386982,9293.711638,45.397136,71.498651,60.793874,110.191328,78.997833,3980.567689,1161.073991,0.294759,136.610986,10426.17922,99.157132,8.986092,5.793016,1158.758417,11.470696,3.799983,133.101082,6.690017,1.584869,0.384497,3.487612,55.725188,3.799689,5838.905445,3.64,3.319397,29.01882,3.750045,1.701776,40.64206,1.503543,6.2505,33.447301,1113.073306,5.344889,1870.750201,15726.57542,6.429652
6/8/2004,3.67266,103.67601,2.961237,1.426616,60.288278,1.59087,0.3765,7.834413,3.117936,1.345941,1.238049,640.652443,8.275671,2704.115844,25.400258,6.189909,8.523175,0.814865,0.544445,7.794927,204.131481,9208.08257,45.023632,71.059053,60.985769,109.784167,79.250608,3954.819937,1159.056474,0.294726,135.984753,10602.9128,99.081573,8.949392,5.772751,1151.59987,11.335645,3.799728,132.258353,6.66621,1.593615,0.384497,3.483138,55.660697,3.738165,5804.528567,3.64,3.303258,29.027526,3.750045,1.707304,40.561095,1.479637,6.2505,33.4332,1106.338531,5.320942,1828.890592,15629.05043,6.551652
6/15/2004,3.673135,106.209147,2.974183,1.445324,61.114325,1.622949,0.3765,8.022601,3.140238,1.372323,1.253098,643.794937,8.275409,2733.498159,26.288891,6.188157,8.726604,0.823976,0.548294,7.798366,210.225767,9331.736008,45.357175,72.392333,61.119035,110.137098,79.982806,4050.844934,1163.222393,0.294748,136.32029,10606.30495,100.946238,9.077283,5.845209,1179.043913,11.427222,3.799811,135.421228,6.86209,1.595745,0.384497,3.50981,56.116311,3.802423,5941.519642,3.64,3.378202,29.022036,3.749765,1.716405,40.97072,1.50445,6.2505,33.699837,1087.997353,5.320043,1835.437327,16000.39657,6.530059
6/22/2004,3.67266,105.840328,2.97699,1.456732,60.908376,1.617621,0.3765,7.995555,3.134592,1.359341,1.251297,642.659186,8.280695,2728.712696,26.353658,6.18037,8.696667,0.826792,0.549344,7.79945,211.135224,9330.576067,46.184835,72.706972,61.007219,108.91832,79.781997,4037.268828,1159.306388,0.294755,136.523783,10604.78645,101.233778,9.07661,5.803854,1175.234687,11.307544,3.800039,134.971605,6.885257,1.596061,0.384497,3.494322,56.216107,3.791084,5921.323199,3.64,3.35423,29.02407,3.749975,1.719258,40.950248,1.486461,6.2505,33.780835,1128.818352,5.325295,1826.523634,15947.83848,6.301631
6/29/2004,3.67273,105.268263,2.959564,1.444246,60.567023,1.607252,0.3765,7.952578,3.125964,1.344901,1.261208,633.509523,8.276077,2706.098017,26.245522,6.187533,8.651328,0.825723,0.551641,7.799856,207.811605,9325.609188,46.02017,72.372422,60.99307,108.292538,79.57279,4015.46201,1151.497416,0.294702,136.362441,10723.1305,101.110061,9.023107,5.790116,1169.177903,11.494614,3.800082,134.281111,6.8646,1.576944,0.384497,3.474177,56.153205,3.732928,5891.289153,3.64,3.343971,29.037285,3.750045,1.714035,40.887737,1.486989,6.2505,33.710408,1123.079571,5.323502,1815.359791,15867.14668,6.238399
7/6/2004,3.67273,100.378892,2.938379,1.397607,58.786814,1.588931,0.3765,7.866374,3.039077,1.323868,1.234498,629.512807,8.275961,2652.906276,25.830357,6.216989,8.599964,0.813052,0.543181,7.799385,203.445136,9100.434379,45.945346,71.874238,61.242231,109.295684,79.105819,3954.386871,1153.993906,0.29344,135.153423,10723.74117,102.018029,8.937102,5.776802,1166.95604,11.472236,3.799972,131.8586,6.879583,1.535166,0.384497,3.455269,55.857223,3.672922,5875.655147,3.64,3.315391,28.931734,3.750045,1.715445,40.746596,1.44647,6.2505,33.646389,1103.477366,5.270482,1756.103055,15598.81217,6.204878
7/13/2004,3.67273,99.867748,2.946127,1.380118,58.487463,1.580881,0.3765,7.826317,3.039994,1.320934,1.234187,629.898805,8.276406,2681.659375,25.420763,6.209313,8.556172,0.811303,0.538291,7.799778,202.553214,9061.778904,45.757629,71.306175,60.930377,108.743555,78.905714,3934.250566,1149.645599,0.292697,134.465202,10669.13434,101.959766,8.893736,5.747386,1161.013733,11.485837,3.800069,131.187157,6.871077,1.520324,0.384497,3.431002,55.661888,3.612997,5845.735467,3.64,3.319885,28.900235,3.750045,1.701129,40.650578,1.432111,6.2505,33.623606,1097.858301,5.243644,1742.710799,15519.38078,6.094738
7/20/2004,3.67273,99.52386,2.942723,1.370604,58.285894,1.579181,0.3765,7.79935,3.008528,1.31141,1.239866,623.016247,8.281661,2641.909249,25.331706,6.186015,8.5293,0.809414,0.539153,7.799936,201.220507,9004.334502,46.089767,71.069843,61.498509,108.504343,78.757289,3920.996254,1160.992137,0.292145,135.231966,10714.59863,101.682112,8.9176,5.740879,1156.608971,11.39455,3.800085,130.62173,6.857872,1.523596,0.384497,3.415616,55.893381,3.614291,5820.521728,3.64,3.312602,29.079709,3.750045,1.703756,40.717437,1.45322,6.2505,33.786305,1093.861906,5.31342,1737.647739,15462.85862,5.960991
7/27/2004,3.67246,101.379293,2.969694,1.41918,59.372533,1.607384,0.3765,7.944746,3.068287,1.331322,1.270701,640.799716,8.27637,2666.365984,25.987119,6.214598,8.686587,0.828221,0.546692,7.800118,204.225091,9074.030961,46.228381,71.27712,61.415647,110.550708,80.412855,3994.201537,1164.890342,0.29479,136.003092,10714.40319,103.590121,9.019993,5.795927,1178.543228,11.492083,3.800077,133.151566,7.014264,1.575429,0.384497,3.450156,56.053648,3.636588,5933.247789,3.64,3.380478,28.987705,3.75047,1.722164,41.304284,1.501854,6.2505,34.051197,1114.628567,5.315272,1734.00148,15756.39883,6.288192
8/3/2004,3.67246,104.137169,2.981712,1.42138,59.190348,1.626864,0.3764,7.94594,3.053957,1.324083,1.279824,641.278428,8.2834,2618.993469,26.381053,6.211781,8.706667,0.829899,0.548466,7.79955,208.29918,9157.039619,46.322712,71.785061,61.577675,110.685619,80.183587,3858.219489,1164.780456,0.294785,136.273972,10714.02928,104.028773,9.118512,5.839407,1195.549567,11.405371,3.800076,132.918702,7.002835,1.562208,0.384497,3.409033,55.825933,3.675761,5938.619664,3.64,3.433739,29.184807,3.749765,1.719146,41.353893,1.470265,6.2505,34.100014,1103.724197,5.311979,1764.3636,15837.5544,6.292274
8/10/2004,3.67246,101.959841,2.991935,1.398328,58.55928,1.592854,0.3765,7.779163,3.030606,1.317024,1.256417,632.028548,8.275625,2566.810766,25.57102,6.201756,8.52572,0.815246,0.545635,7.799281,200.811602,9183.557574,46.308654,71.162147,61.59003,111.01108,80.275154,3777.24107,1154.077951,0.294741,135.307294,10714.78019,103.940544,8.959297,5.785639,1170.048465,11.401394,3.799703,130.082678,6.775992,1.528089,0.384497,3.38494,55.69243,3.572604,5811.289861,3.64,3.308197,29.25536,3.75047,1.713322,41.433278,1.455812,6.2505,33.949797,1079.973931,5.314943,1739.697488,15499.46641,6.150742
8/17/2004,3.67266,101.656432,3.000193,1.397135,59.367279,1.585237,0.3765,7.949293,3.000948,1.306341,1.24573,638.823885,8.275201,2615.670995,25.497532,6.220272,8.689455,0.810525,0.545928,7.799725,200.547293,9238.266544,46.326983,70.854271,61.642561,110.256358,80.545844,3847.773707,1158.524041,0.294687,136.39365,10550.99489,102.983245,8.911968,6.023119,1188.883571,11.356866,3.800069,132.522692,6.718524,1.504651,0.384497,3.408273,55.718551,3.593532,5920.139196,3.64,3.302687,29.112703,3.749975,1.71454,41.516767,1.466241,6.2505,34.113112,1076.753971,5.308403,1740.499356,15763.32971,6.502853
8/24/2004,3.672595,102.436052,3.003675,1.415251,59.284222,1.611224,0.3765,7.947349,2.960532,1.305067,1.271448,628.069996,8.275664,2580.113186,26.100843,6.221998,8.639136,0.826661,0.55645,7.799751,205.437774,9219.764201,46.264966,71.735728,61.630814,109.591386,81.797263,3838.793047,1153.328682,0.294683,136.350423,10550.36782,103.03616,9.057039,5.789668,1188.969355,11.39408,3.800247,131.746753,6.841481,1.531212,0.384497,3.380713,55.927366,3.65236,5914.854782,3.64,3.397673,29.354375,3.750045,1.711824,41.438769,1.511007,6.23775,34.06367,1059.00131,5.309012,1705.000803,15716.0257,6.704873
8/31/2004,3.67273,103.87255,2.990218,1.420878,59.440213,1.614949,0.3765,7.953522,2.932769,1.315467,1.268745,627.001099,8.275816,2553.30352,26.363662,6.184085,8.667316,0.821794,0.555818,7.799959,206.006373,9303.325161,46.329754,72.330939,61.425389,109.408254,79.777859,3843.480984,1151.497725,0.294738,136.397733,10550.79886,103.140737,9.034925,5.82415,1197.313418,11.379892,3.799977,133.193692,6.91899,1.529586,0.384497,3.359981,56.143097,3.681116,5911.430737,3.64,3.388992,29.235582,3.750045,1.712106,41.651073,1.500294,6.23775,34.01353,1079.135199,5.315062,1714.620242,15709.43275,6.657841
9/7/2004,3.67273,103.096554,2.996925,1.442575,59.345842,1.619228,0.3765,7.970452,2.910081,1.290402,1.268799,621.706687,8.275891,2566.486323,26.254396,6.217466,8.670883,0.826712,0.56379,7.799594,205.339657,9230.042325,46.31874,72.547396,61.541177,109.489009,80.487187,3842.900927,1150.578832,0.294785,136.029655,10554.1169,102.987326,9.083516,6.024536,1197.166992,11.565298,3.800187,132.964352,6.900567,1.546685,0.384497,3.377375,56.095305,3.628446,5917.013747,3.64,3.408122,29.212389,3.750045,1.700834,41.66916,1.511279,6.23775,33.935429,1080.400927,5.318497,1734.247678,15779.95356,6.638358
9/14/2004,3.67273,102.238312,2.996704,1.426013,59.425615,1.598321,0.3765,7.981509,2.91195,1.295963,1.259763,616.464503,8.275911,2519.907788,25.756533,6.221222,8.673814,0.815984,0.556415,7.797951,202.940882,9108.696916,45.855599,71.659721,61.534191,109.67108,81.187505,3845.091436,1145.937042,0.294881,135.514826,10561.02983,102.9753,8.974106,5.80634,1199.497769,11.577918,3.800337,133.545075,6.832374,1.511841,0.384497,3.355407,56.177219,3.577266,5916.820193,3.64,3.356847,29.289829,3.749975,1.690606,41.329851,1.501159,6.23775,33.877466,1067.743957,5.312557,1712.874097,15752.46425,6.515965
9/21/2004,3.67266,102.093765,2.982014,1.422953,59.261851,1.593202,0.3765,7.980947,2.875341,1.289192,1.257195,610.997521,8.275604,2535.92961,25.681375,6.222229,8.629284,0.813141,0.556598,7.799695,201.021527,9042.374065,45.81692,71.350603,61.604455,109.751334,80.954708,3853.593679,1147.405356,0.294765,135.189716,10556.64573,103.545138,8.96538,5.80167,1202.546408,11.385039,3.799868,133.047477,6.847265,1.509857,0.384497,3.364845,56.31326,3.516048,5933.043455,3.64,3.353577,29.246399,3.749975,1.689899,41.297837,1.517937,6.23775,33.747026,1067.648688,5.325104,1718.249336,15757.48746,6.439606
9/28/2004,3.67273,101.362885,2.990761,1.394574,59.396378,1.585623,0.3765,7.984056,2.872816,1.2722,1.258886,609.43735,8.276531,2581.673548,25.630992,6.228907,8.65603,0.811701,0.551752,7.799132,200.152007,9194.344685,46.082369,70.960681,61.5168,111.408704,81.151879,3840.563494,1156.297448,0.294653,134.652109,10552.08634,103.559851,8.927943,5.797101,1203.060657,11.414121,3.800242,134.348415,6.773141,1.495328,0.384497,3.348777,56.390378,3.547304,5940.033717,3.64,3.346203,29.354816,3.750045,1.695629,41.605606,1.498227,6.23775,34.023665,1062.445286,5.313993,1750.24722,15756.84913,6.399238
10/5/2004,3.67266,101.656697,2.970292,1.38179,59.459497,1.589577,0.3765,7.984743,2.827393,1.263972,1.261595,603.922304,8.276505,2633.238589,25.59042,6.207522,8.656349,0.811805,0.5607,7.797753,199.613708,9098.298573,45.83488,71.342653,61.426051,111.059262,80.706213,3844.860216,1148.920687,0.294677,134.453118,10553.55876,103.716691,8.946976,5.808651,1201.967677,11.301841,3.800183,133.365688,6.726737,1.485068,0.384497,3.335651,56.272406,3.507477,5949.66467,3.64,3.352774,29.359925,3.749975,1.686207,41.430153,1.503212,6.23775,33.913276,1079.503446,5.324993,1743.498761,15757.01317,6.533138
10/12/2004,3.672595,101.43128,2.963563,1.369369,59.386861,1.588544,0.3765,7.994376,2.821696,1.257087,1.257266,594.99346,8.276249,2560.714944,25.450479,6.230685,8.596362,0.811967,0.559346,7.792258,199.541502,9126.390409,45.854499,70.865822,61.490645,109.801614,80.989558,3846.845305,1146.520037,0.29468,133.598289,10833.50804,103.87378,8.942718,6.022871,1204.837484,11.276853,3.800118,133.368451,6.657342,1.47362,0.384497,3.30805,56.364934,3.490416,5957.612789,3.64,3.314485,29.01087,3.749975,1.685622,41.356455,1.490674,6.23775,33.87922,1048.00104,5.320216,1726.50342,15765.03379,6.564057
10/19/2004,3.673135,100.266359,2.956303,1.373517,59.349669,1.563566,0.3765,8.002703,2.866412,1.25714,1.229418,608.825061,8.275114,2566.966979,25.124262,6.2339,8.657411,0.799001,0.554716,7.789679,197.37049,9082.705251,45.794551,69.869694,61.442542,108.46367,81.31266,3845.638332,1143.512443,0.294744,133.060362,10836.38556,104.031494,8.821871,5.747721,1205.151779,11.446771,3.800078,133.681218,6.588087,1.456123,0.384497,3.321895,56.378909,3.428172,6040.260868,3.64,3.30584,29.189804,3.75047,1.674274,41.3389,1.478061,6.23775,33.866697,1049.998393,5.3192,1734.998989,15744.00208,6.311664
10/26/2004,3.672595,99.209161,2.957392,1.340242,59.472993,1.529932,0.3765,8.010787,2.878583,1.224422,1.200809,610.800691,8.276022,2559.816453,24.741324,6.223878,8.645619,0.783522,0.544443,7.780558,193.721204,9090.64215,45.641685,68.945557,61.436007,106.718666,81.163545,3846.040801,1133.14535,0.294718,132.229344,10834.88626,104.057442,8.676859,5.674486,1205.987649,11.517018,3.800075,133.214128,6.439037,1.432922,0.384497,3.319059,56.336023,3.408166,6060.667745,3.64,3.202276,28.723896,3.749835,1.663791,41.010194,1.483222,6.23775,33.659786,1067.497849,5.321488,1728.999844,15758.91497,6.242465
11/2/2004,3.67266,99.357378,2.954551,1.342331,59.47226,1.539446,0.3765,8.004532,2.849199,1.225739,1.207507,612.111269,8.275762,2576.839952,24.744763,6.240357,8.623795,0.787865,0.544353,7.781659,193.193168,9095.009035,45.469324,69.043684,61.464964,106.349567,81.15752,3843.109791,1114.30167,0.294641,131.632155,10833.94435,104.304458,8.717059,5.686353,1207.878339,11.500557,3.800391,133.138469,6.438881,1.46067,0.384497,3.324593,56.301956,3.390161,6084.187147,3.64,3.178889,28.645006,3.749975,1.667433,41.078148,1.475395,6.23775,33.480388,1060.924565,5.319996,1740.188816,15741.97529,6.168359
11/9/2004,3.672595,98.549582,2.964508,1.316645,59.476897,1.514844,0.3764,7.99772,2.825382,1.19552,1.182542,602.6398,8.275963,2557.448211,24.328689,6.237143,8.596945,0.774452,0.538705,7.775132,189.997004,9021.755508,45.126658,67.578034,61.466448,105.710287,80.948753,3844.100736,1102.28431,0.294601,131.082118,10831.31012,104.346576,8.598552,5.643221,1207.589025,11.432637,3.800132,133.007528,6.367423,1.442933,0.384497,3.31255,56.231139,3.3023,6102.886663,3.64,3.155624,28.679603,3.749975,1.651887,40.652576,1.458422,6.23775,32.950527,1049.781651,5.318205,1719.81704,15739.02246,6.186541
11/16/2004,3.67253,97.925708,2.952925,1.293826,59.215729,1.507875,0.3765,7.996966,2.786274,1.194431,1.175304,591.511932,8.276432,2546.673574,24.220956,6.222856,8.634132,0.771,0.539396,7.774557,188.413566,9016.406503,45.003528,67.288567,61.546876,105.355268,81.110614,3839.094973,1090.026923,0.294655,130.265761,10835.04418,104.861607,8.562125,5.631191,1211.007825,11.358223,3.800031,132.950112,6.236561,1.425729,0.384497,3.300665,56.343175,3.28317,6100.311753,3.64,3.055737,28.591711,3.749975,1.650365,40.349823,1.456503,6.23775,32.822805,1050.818996,5.305176,1720.431659,15733.93755,6.040878
11/23/2004,3.67253,97.76047,2.948767,1.271408,59.484606,1.494282,0.3765,8.01903,2.744247,1.185828,1.158048,592.256904,8.274506,2503.884778,23.731376,6.222965,8.646859,0.76422,0.534776,7.775978,187.351434,9025.425,45.014872,66.513867,61.586836,103.247158,81.103958,3850.303889,1065.206645,0.294673,129.935394,10835.25464,104.920185,8.521273,5.594016,1213.031423,11.348284,3.79961,132.986658,6.23384,1.40271,0.384497,3.310641,56.277905,3.210864,6115.339216,3.64,3.021565,28.462182,3.749975,1.642271,39.816257,1.438645,6.23775,32.462471,1061.949813,5.315016,1735.504493,15771.05432,5.983433
11/30/2004,3.67246,96.971085,2.937928,1.292749,59.830842,1.471128,0.3765,8.03141,2.736386,1.187896,1.139132,588.49611,8.276618,2489.223633,23.323496,6.237205,8.649169,0.753077,0.523805,7.77507,185.095707,9041.73241,44.522986,65.024445,61.584346,102.883425,81.181648,3850.24783,1048.972759,0.294669,130.06852,10836.40835,104.809122,8.39667,5.541793,1215.452072,11.238792,3.800323,132.88475,6.11325,1.397508,0.384497,3.303766,56.166151,3.164724,6117.637793,3.64,2.896252,28.27561,3.750045,1.637937,39.465521,1.425095,6.23775,32.168527,1054.929184,5.31633,1739.998466,15775.97345,5.800615
12/7/2004,3.672395,94.880039,2.968607,1.289257,59.95498,1.453526,0.3765,7.433552,2.732781,1.202923,1.138892,581.574098,8.276814,2456.063796,22.864267,6.224132,8.647248,0.744271,0.513655,7.770733,182.840199,9092.054789,43.648641,61.964923,61.522205,102.809867,80.988102,3849.888934,1041.560887,0.294638,130.102446,10833.76791,104.556277,8.304288,5.500531,1213.703589,11.161223,3.800596,132.546483,6.054746,1.386354,0.384497,3.29718,56.041938,3.102185,6114.95615,3.64,2.839264,27.797267,3.749975,1.634252,39.131159,1.394466,6.23775,32.093922,1059.001382,5.319827,1760.748811,15767.96894,5.743067
12/14/2004,3.672595,96.002207,2.959625,1.318928,59.690083,1.468698,0.3764,8.034684,2.760756,1.233654,1.154667,590.391223,8.275972,2408.215401,23.00247,6.225518,8.648994,0.752015,0.519114,7.775144,185.51316,9263.876409,44.065504,63.159871,61.551059,105.290575,80.336425,3852.178291,1057.20341,0.294829,130.140406,10837.13742,105.341635,8.375,5.546563,1213.241984,11.27219,3.800082,133.095718,6.171562,1.406357,0.384497,3.288278,56.285223,3.137794,6116.603113,3.64,2.95982,28.121522,3.749835,1.647109,39.500921,1.418903,6.23775,32.431076,1039.031066,5.322048,1739.751945,15771.86754,5.733647
12/21/2004,3.672395,93.403885,2.955152,1.305601,59.643423,1.460255,0.3765,8.040393,2.690875,1.227934,1.151923,566.129547,8.27558,2316.162343,22.766791,6.232285,8.647122,0.747659,0.518196,7.779689,182.920129,9264.025544,43.689112,62.527998,61.386653,104.380175,78.824099,3847.726385,1054.905026,0.294602,129.963251,10831.14484,104.827496,8.320016,5.526314,1211.571204,11.177942,3.799892,132.489106,6.168615,1.404297,0.384497,3.26604,56.123798,3.06264,6114.078827,3.64,2.884168,27.940536,3.749975,1.640579,39.000726,1.383733,6.23775,32.305017,1036.651127,5.312689,1696.498847,15774.96185,5.669721
12/28/2004,3.672395,91.829241,2.97333,1.28321,59.653577,1.434655,0.3765,8.038573,2.687816,1.216353,1.133695,559.31529,8.275542,2389.735533,22.416666,6.222685,8.645543,0.734339,0.517183,7.772954,180.557221,9265.103753,43.698291,61.615198,61.330089,103.065109,76.497358,3846.888858,1042.302027,0.294687,130.036299,10837.69295,104.237346,8.215627,5.483408,1212.165877,11.193339,3.8005,133.251562,6.06914,1.382899,0.384497,3.271825,56.292139,2.972713,6113.819435,3.64,2.902912,27.75515,3.749975,1.63404,39.035383,1.348718,6.23775,32.032391,1036.996296,5.31984,1731.497708,15776.97352,5.621797
1/4/2005,3.67246,92.421585,2.968506,1.301213,60.015571,1.463423,0.3765,8.05315,2.692259,1.220811,1.164747,565.236552,8.275581,2331.709435,22.68757,6.042829,8.604413,0.752147,0.530341,7.784886,183.236557,9239.726304,43.487272,62.394314,61.111529,104.114676,78.528439,3855.784706,1038.862902,0.291959,129.95995,10835.26592,102.362838,8.354856,5.538024,1212.029787,11.301232,3.799973,132.580622,6.192632,1.412631,0.384497,3.280622,56.122868,3.057164,6116.395084,3.64,2.91919,27.809199,3.750045,1.643286,39.091931,1.355529,6.23775,31.81687,1039.997,5.309982,1739.498818,15769.97411,5.814901
1/11/2005,3.672395,97.456658,2.964999,1.311835,59.880612,1.488142,0.3765,8.041394,2.71214,1.216413,1.178606,567.50097,8.275593,2380.622288,23.05305,5.946282,8.649262,0.761188,0.532478,7.796357,187.955653,9233.544346,43.726661,63.08301,61.372129,103.599375,77.950634,3851.225078,1044.492583,0.291965,130.012935,10835.93053,98.137278,8.473921,5.580003,1212.022521,11.224249,3.800418,132.628779,6.236828,1.432068,0.384497,3.272629,56.079573,3.094119,6250.178814,3.64,2.909287,27.983225,3.749975,1.64072,39.058285,1.380142,6.23775,32.048028,1055.006848,5.30522,1709.754413,15767.0522,5.952958
1/18/2005,3.672395,97.200758,2.940428,1.321985,60.753652,1.4976,0.3765,8.048425,2.711403,1.222741,1.183663,570.503907,8.27556,2359.126758,23.247063,5.910839,8.645773,0.767036,0.534993,7.798841,188.604714,9138.736675,43.64799,62.343032,61.216728,102.442921,77.805789,3845.899303,1035.039738,0.291884,129.901724,10565.18905,98.302366,8.496271,5.578448,1211.656746,11.248686,3.800204,132.891367,6.251692,1.436397,0.384497,3.261242,55.633332,3.122052,6249.572006,3.64,2.865792,28.104819,3.749975,1.635549,38.469934,1.338535,6.23775,31.84535,1096.99657,5.311472,1731.748335,15779.98629,6.044798
1/25/2005,3.67246,97.352042,2.94898,1.306475,59.973367,1.501586,0.3765,8.057133,2.681813,1.233767,1.192168,580.865165,8.275585,2370.525619,23.115281,5.859915,8.648425,0.770946,0.535584,7.799264,188.808966,9131.66958,43.713024,62.456814,61.340187,103.956288,76.906557,3848.570902,1031.138553,0.291924,130.37178,10568.12384,98.638465,8.519971,5.594795,1211.785827,11.287309,3.800026,132.789734,6.312321,1.408078,0.384497,3.271453,55.327999,3.126296,6299.993858,3.64,2.888824,27.869378,3.750045,1.639345,38.538827,1.333194,6.2616,31.845492,1132.049543,5.308814,1714.729526,15781.53681,5.948556
2/1/2005,3.67266,96.848749,2.918965,1.293874,61.709201,1.501355,0.3764,8.060497,2.620556,1.238925,1.191412,584.050374,8.275571,2375.421232,23.065616,5.837859,8.600681,0.76715,0.531479,7.799894,188.278107,9200.339697,43.655234,61.771705,61.4887,103.741021,77.182601,3851.848714,1028.223103,0.292012,130.112998,10574.49451,99.287566,8.523617,5.600284,1212.406794,11.171531,3.799934,133.124691,6.363354,1.406703,0.384497,3.263842,55.01463,3.109004,6323.676108,3.64,2.87566,27.857013,3.750045,1.640299,38.626443,1.330927,6.2595,31.790222,1107.802288,5.309593,1710.231706,15797.04045,6.020088
2/8/2005,3.672395,98.94133,2.915479,1.305476,61.967212,1.53233,0.3765,8.051831,2.614135,1.250232,1.221043,577.91332,8.275593,2374.560922,23.448234,5.81431,8.597136,0.782752,0.538773,7.799631,191.267151,9240.093619,43.623379,63.600752,61.512523,105.654292,77.335583,3844.624506,1030.281406,0.292002,130.16684,10571.01097,99.35566,8.657299,5.666868,1212.120017,11.210511,3.799918,132.736647,6.572451,1.429582,0.384497,3.261331,54.987759,3.122924,6343.22339,3.64,2.902149,28.120011,3.749975,1.648276,38.475644,1.332499,6.253675,31.659361,1103.003753,5.31271,1719.75306,15788.021,6.240467
2/15/2005,3.67266,97.921205,2.904958,1.271678,62.067338,1.502662,0.3765,8.053105,2.572162,1.232582,1.19148,567.74128,8.275572,2331.188469,23.134901,5.807821,8.701348,0.768843,0.528576,7.799264,187.867318,9228.3483,43.743433,62.292563,61.567253,104.576566,76.786576,3843.915281,1027.403537,0.292111,130.712602,10576.5915,99.36175,8.520176,5.61862,1212.75975,11.149884,3.799849,132.948988,6.437134,1.396662,0.384497,3.259553,54.653412,3.052397,6345.050642,3.64,2.803193,28.101143,3.749975,1.638767,38.366334,1.310014,6.26315,31.514887,1102.311371,5.295212,1711.00181,15785.02943,6.010785
2/22/2005,3.67266,96.312896,2.902377,1.259612,62.283168,1.482502,0.3765,8.054496,2.586523,1.227463,1.161925,565.954345,8.275572,2317.559705,22.688517,5.80974,8.698475,0.755401,0.523589,7.79925,184.67932,9174.331233,43.633446,60.964148,61.456094,104.127771,76.457322,3843.660092,1004.56519,0.291843,129.993791,10561.64254,99.351563,8.42918,5.607394,1209.775593,11.043951,3.799835,132.942929,6.259051,1.369619,0.384497,3.256958,54.6096,3.007201,6344.697237,3.64,2.771144,27.828601,3.750045,1.626956,38.384472,1.297619,6.2678,31.226151,1102.003267,5.289997,1693.500148,15794.99409,5.801955
3/1/2005,3.67246,96.339302,2.921589,1.271519,63.377022,1.479923,0.37645,8.076987,2.602002,1.238791,1.164152,578.946835,8.275571,2322.81442,22.420228,5.797863,8.701569,0.758073,0.520645,7.799542,182.996232,9231.913301,43.609749,60.721852,61.522076,104.340619,76.364844,3846.336357,1003.534383,0.291968,130.352946,10571.06681,99.53607,8.42695,5.581498,1210.122949,11.102624,3.800055,132.676742,6.216022,1.376569,0.384497,3.258194,54.741793,2.933036,6276.26802,3.64,2.74864,27.650914,3.749975,1.622524,38.264068,1.281767,6.26125,31.013961,1113.851021,5.293303,1707.750988,15812.01196,5.842936
3/8/2005,3.67246,95.628576,2.924226,1.254567,63.319477,1.476571,0.3765,8.07271,2.686461,1.219029,1.164804,587.405286,8.27558,2329.926426,22.219151,5.79559,8.700956,0.750416,0.519111,7.799749,181.964335,9312.031349,43.614262,59.935075,61.438355,104.678928,74.609601,3846.794512,1003.501583,0.291929,130.115273,10569.91107,99.669969,8.399972,5.557343,1212.735935,10.997344,3.80013,132.766956,6.163845,1.353866,0.384497,3.259194,54.621866,2.935981,6267.084339,3.64,2.71108,27.648307,3.75047,1.621892,38.32151,1.267153,6.264225,30.861613,1104.0557,5.293111,1707.751442,15811.51072,5.806243
3/15/2005,3.67246,94.947177,2.913492,1.264876,63.487125,1.461455,0.3765,8.100053,2.760256,1.205485,1.162266,590.508323,8.275581,2361.111677,22.187564,5.797013,8.703311,0.750352,0.521831,7.799731,183.303226,9289.630587,43.494739,58.716282,61.300202,104.45043,74.554727,3858.057416,1003.166892,0.292037,130.114651,10573.46171,99.246247,8.346596,5.536568,1207.398154,11.180045,3.800262,132.629111,6.130379,1.349995,0.384497,3.257147,54.095992,2.992901,6278.803464,3.64,2.684542,27.55354,3.75047,1.621577,38.418378,1.297944,6.252925,30.958451,1102.603415,5.274978,1702.49561,15796.93955,6.036152
3/22/2005,3.672455,95.452393,2.914911,1.268604,63.125213,1.484528,0.3765,8.086641,2.712609,1.205577,1.181531,583.901681,8.275571,2360.054106,22.683669,5.797947,8.701725,0.761059,0.528136,7.799673,186.618636,9405.437024,43.642854,59.696395,61.161555,105.243811,73.417708,3845.370209,1009.431047,0.291981,130.511791,10325.38626,99.40265,8.440027,5.576716,1205.042816,11.21249,3.799966,132.392376,6.195968,1.352673,0.384497,3.259662,54.115604,3.083871,6285.118198,3.64,2.767746,27.63922,3.75045,1.633932,38.624661,1.335677,6.265975,31.319508,1104.004364,5.275208,1699.753006,15815.02072,6.070758
3/29/2005,3.672455,97.315948,2.913688,1.295807,63.507543,1.513086,0.3765,8.086963,2.709493,1.212234,1.202026,588.44956,8.275613,2396.949801,23.363164,5.796369,8.702014,0.774072,0.533523,7.799717,192.007313,9518.808632,43.7473,61.449791,61.16118,107.420254,74.593905,3845.454541,1020.605798,0.291957,132.610445,10320.04642,99.380136,8.569146,5.653795,1205.005802,11.284625,3.799379,132.32543,6.354799,1.406703,0.384497,3.261754,54.59998,3.216076,6285.014506,3.64,2.810437,27.861557,3.74975,1.651544,39.269899,1.393634,6.265975,31.746977,1102.499025,5.301509,1722.749513,15823.5048,6.35198
4/5/2005,3.6726,98.138912,2.918408,1.304142,63.237974,1.526788,0.3765,8.088321,2.628792,1.221417,1.208848,586.698234,8.275418,2374.560544,23.409019,5.789056,8.702185,0.778249,0.532818,7.799557,192.97587,9501.856472,43.71487,61.139735,61.142632,108.398103,75.41025,3998.988564,1017.472636,0.291959,131.395539,10318.42896,99.82364,8.632978,5.671791,1190.047533,11.211778,3.799889,132.190251,6.363621,1.416157,0.384497,3.259286,54.782073,3.22381,6300.131093,3.64,2.858525,27.890041,3.75,1.663247,39.589777,1.365844,6.26295,31.567062,1092.001148,5.294341,1745.999992,15822.03513,6.219134
4/12/2005,3.672595,97.762745,2.901306,1.290876,63.470615,1.50625,0.3765,8.098204,2.592541,1.237282,1.198296,574.86659,8.275408,2331.35551,23.032896,5.803267,8.683042,0.774651,0.529149,7.799125,189.484924,9390.384958,43.677975,61.971506,61.366385,107.953242,75.862477,4032.298298,1013.716874,0.292082,130.833295,10457.46754,99.608643,8.564456,5.634709,1187.847655,11.106528,3.799946,132.722279,6.322943,1.388031,0.384497,3.261562,54.177361,3.141548,6300.792542,3.64,2.773985,27.887332,3.749975,1.648349,39.648173,1.345751,6.25925,31.535702,1102.279238,5.253002,1766.720616,15820.00801,6.151395
4/19/2005,3.67266,96.863524,2.905698,1.29979,63.265116,1.504975,0.3765,8.085412,2.593032,1.242536,1.18461,584.250068,8.27539,2372.886341,23.375901,5.795122,8.676228,0.766664,0.522281,7.798961,192.21593,9684.303767,43.723667,63.004001,61.380467,107.064014,76.044733,4031.935419,1012.915112,0.291986,131.237363,10497.65897,99.695084,8.537468,5.620127,1186.822984,11.087748,3.799951,132.477739,6.306898,1.389144,0.384497,3.257004,54.418537,3.238073,6264.527674,3.64,2.795402,27.815534,3.750045,1.650917,39.538648,1.373308,6.257425,31.537663,1092.000762,5.1995,1789.748942,15828.00685,6.215332
4/26/2005,3.67266,96.705418,2.900023,1.284363,63.455434,1.506714,0.3765,8.086705,2.53002,1.243725,1.188014,577.566983,8.275377,2331.643039,23.297811,5.798113,8.704366,0.77059,0.52484,7.798366,191.981641,9763.834258,43.521071,63.523611,61.022856,105.994597,76.532627,4042.79829,998.965779,0.291987,131.810726,10522.34242,99.773346,8.556926,5.613291,1186.978784,11.05585,3.799903,132.411549,6.267593,1.377262,0.384497,3.254245,54.330392,3.239658,6267.455528,3.64,2.790076,27.767843,3.750045,1.647366,39.487632,1.361078,6.266325,31.366315,1095.699376,5.021237,1764.498621,15836.96141,6.089984
5/3/2005,3.67266,97.627011,2.894961,1.292792,63.388562,1.521364,0.3765,8.08132,2.504632,1.255196,1.199215,578.352648,8.275425,2330.773393,23.582047,5.796443,8.701757,0.776843,0.528924,7.795565,195.770148,9422.373667,43.578596,63.970131,61.234281,105.147148,76.312893,4059.07038,1001.915101,0.291876,131.37779,10504.87648,99.759543,8.617618,5.627564,1188.347565,11.029951,3.799951,132.276443,6.320911,1.378344,0.384497,3.255784,54.226403,3.289904,6275.010976,3.64,2.830262,27.899031,3.750045,1.639123,39.52957,1.371642,6.266325,31.269996,1092.005562,5.01252,1769.004372,15825.30671,6.115449
5/10/2005,3.67266,97.160325,2.888115,1.290235,63.45189,1.521601,0.3765,8.091243,2.458313,1.237614,1.202058,571.722647,8.275397,2331.575079,23.344068,5.796785,8.660026,0.776981,0.531216,7.798328,195.377958,9364.225506,43.407854,64.734713,61.340144,105.601177,75.449201,4063.871472,999.218769,0.291984,130.5594,10246.48133,99.859682,8.618004,5.638458,1187.687591,11.008195,3.799941,132.370043,6.291948,1.367957,0.384497,3.253842,54.170658,3.242026,6279.173573,3.64,2.806536,27.86709,3.750045,1.644219,39.486151,1.363475,6.2615,31.176283,1091.997013,5.024984,1773.999487,15839.95581,6.171185
5/17/2005,3.672595,98.698091,2.882116,1.321921,63.465059,1.547852,0.3765,8.089733,2.477832,1.267299,1.222382,578.372074,8.275421,2327.608474,23.931687,5.799439,8.560201,0.792057,0.544224,7.799334,200.054521,9340.681454,43.450183,65.914846,61.280993,107.309847,76.164451,4068.614941,1003.63231,0.291903,130.88029,9994.904717,99.694989,8.752202,5.70237,1186.866564,11.003843,3.799951,133.29263,6.405764,1.409764,0.384497,3.254571,54.336828,3.334362,6264.654487,3.64,2.871266,28.093217,3.749975,1.655246,39.848872,1.3807,6.2615,31.371528,1114.994808,5.040072,1786.747444,15844.94872,6.422065
5/24/2005,3.67266,99.018732,2.892791,1.310514,63.667346,1.5526,0.3765,8.090025,2.431021,1.260469,1.227932,581.534681,8.275427,2329.993861,24.067277,5.799473,8.705928,0.794135,0.546268,7.779482,201.02752,9374.614868,43.465275,64.222874,61.373697,107.433178,76.384848,4093.869652,1001.451762,0.291971,131.799624,10097.92058,99.670725,8.764233,5.710987,1190.117564,10.962355,3.799907,132.644093,6.414794,1.401089,0.384497,3.25453,54.525625,3.313624,6245.309032,3.64,2.85312,28.017367,3.750045,1.654353,40.018279,1.388627,6.253875,31.330707,1111.999865,5.051965,1763.251268,15840.0149,6.534546
5/31/2005,3.672595,100.380926,2.889886,1.321358,63.38232,1.585934,0.3765,8.090729,2.395466,1.255365,1.246742,580.161332,8.275463,2330.784088,24.582437,5.801877,8.706708,0.811347,0.549335,7.779175,205.161895,9403.476079,43.692954,64.723056,61.088901,108.264758,76.783722,4093.338626,1005.640382,0.291977,131.872932,9999.497364,99.912713,8.931808,5.728706,1189.943906,10.895064,3.799977,132.446471,6.433541,1.416388,0.384497,3.25418,54.51035,3.337929,6244.841286,3.64,2.94947,28.192555,3.749975,1.665029,40.552548,1.359777,6.248825,31.254818,1102.036177,5.084957,1744.511281,15851.16884,6.745679
6/7/2005,3.67225,100.63613,2.89129,1.300916,63.50118,1.592035,0.3764,8.09115,2.452939,1.245331,1.246212,592.611908,8.275405,2339.815533,24.519285,5.797052,8.707219,0.814299,0.545853,7.780734,203.092058,9543.111062,43.518618,63.947904,61.34663,106.660518,76.847005,4098.974188,1004.486721,0.291525,132.256777,10349.33643,99.951682,8.973461,5.756566,1189.921026,10.857856,3.799983,132.74578,6.396122,1.400255,0.384497,3.254327,54.509888,3.304029,6199.955222,3.64,2.938738,28.530986,3.74975,1.660357,40.516526,1.363571,6.249725,31.202548,1116.982816,5.05493,1718.990449,15849.95515,6.633436
6/14/2005,3.67265,102.336773,2.885041,1.3074,63.580121,1.615083,0.3765,8.104396,2.445492,1.25468,1.275086,591.386231,8.275389,2344.536825,24.80813,5.806077,8.715545,0.829894,0.55326,7.774237,205.78795,9613.524021,43.598974,65.780347,61.33472,109.343181,76.79512,4107.136953,1013.729607,0.292223,134.196142,10398.1967,100.252929,9.071737,5.840261,1186.135599,10.842407,3.800259,132.756589,6.514635,1.410466,0.384497,3.253651,55.290052,3.342444,6173.130384,3.64,2.992554,28.478017,3.750045,1.675067,40.936093,1.375316,6.262425,31.430248,1127.695756,5.019997,1745.247036,15866.48332,6.899095
6/21/2005,3.67265,101.465757,2.88146,1.285964,63.707045,1.61757,0.3765,8.085572,2.383795,1.233822,1.270864,581.045761,8.275405,2318.043746,24.723328,5.792631,8.660089,0.823304,0.548222,7.772598,204.749884,9675.557461,43.55121,65.919616,61.156409,108.71511,76.440334,4106.644856,1011.61013,0.291918,135.12837,10388.58047,99.899782,9.077063,5.817902,1189.722106,10.812759,3.80027,134.038696,6.49899,1.398191,0.384497,3.252429,55.654084,3.357013,6118.140196,3.64,2.988739,28.486005,3.750045,1.672553,41.177495,1.362099,6.25755,31.363084,1122.001381,5.018256,1737.001849,15867.03672,6.732578
6/28/2005,3.67265,102.76926,2.885595,1.307677,63.754952,1.617045,0.3765,8.091643,2.36831,1.231995,1.278578,580.637099,8.275393,2324.04442,24.806305,5.790706,8.708029,0.828014,0.550249,7.77071,204.670756,9702.18457,43.461784,65.299711,61.318229,109.891681,76.051054,4108.878131,1022.120693,0.291964,135.215647,10363.02356,99.792824,9.06146,5.814026,1189.827557,10.847918,3.800259,134.090391,6.574302,1.425916,0.384497,3.253027,55.676126,3.35246,6059.570356,3.64,2.978931,28.500429,3.750045,1.681413,41.205023,1.350412,6.24985,31.396354,1115.022943,5.038647,1741.25029,15855.06342,6.645009
7/5/2005,3.6726,103.111659,2.877393,1.348588,63.729672,1.645936,0.3765,8.088416,2.367066,1.242394,1.30477,582.168024,8.27541,2342.086871,25.283786,5.78062,8.708784,0.839682,0.569662,7.772743,207.781042,9881.49598,43.55448,66.035513,61.421228,111.776112,76.285573,4097.794412,1051.202945,0.291919,135.686399,10397.00429,100.089955,9.161172,5.891602,1188.888976,10.75919,3.800387,134.743416,6.645954,1.480869,0.384497,3.251593,56.266466,3.400404,6064.710532,3.64,3.02753,28.96443,3.75,1.697202,41.540043,1.349877,6.268075,32.006714,1121.999546,5.024012,1733.500884,15854.66843,6.885442
7/12/2005,3.6726,100.272568,2.871756,1.32365,63.74179,1.607649,0.3765,8.086155,2.330501,1.207152,1.275296,582.055016,8.275419,2327.893815,24.786733,5.77794,8.708427,0.818933,0.563983,7.777649,202.181202,9787.479731,43.492635,64.844649,61.541867,111.033791,76.200377,4117.481687,1038.543922,0.291929,135.741,10341.20812,100.090143,9.030467,5.832154,1193.550501,10.679169,3.799991,134.275034,6.482548,1.461105,0.384497,3.250133,56.049903,3.373336,6068.859687,3.64,2.937893,28.569557,3.750045,1.687066,41.748898,1.336538,6.25185,31.854196,1137.00443,5.01076,1733.501106,15860.04455,6.591738
7/19/2005,3.67265,100.827535,2.864287,1.334107,63.97335,1.634571,0.3765,8.070143,2.342252,1.219705,1.302929,572.326437,8.275436,2313.005499,25.199644,5.776272,8.710094,0.832447,0.575037,7.777254,205.58574,9815.228277,43.510703,65.415796,61.903198,112.834854,76.130282,4106.740117,1042.513271,0.291998,136.200022,10397.71116,100.220374,9.146052,5.889966,1187.741897,10.620843,3.799967,135.33135,6.674357,1.483265,0.384497,3.252601,55.807825,3.443544,6052.225729,3.64,2.982594,28.87838,3.7499,1.691009,41.961511,1.334106,6.2554,31.954774,1125.005224,5.016008,1763.002503,15877.02608,6.716782
7/26/2005,3.6724,100.65562,2.868558,1.318963,64.511774,1.631655,0.3765,8.07122,2.472651,1.22796,1.300348,566.495912,8.109885,2316.228769,25.212314,5.774967,8.71045,0.83264,0.574945,7.776998,204.993462,9821.978218,43.441273,64.870276,61.902225,112.33897,76.029239,4120.234479,1028.88321,0.292024,135.619225,10448.04205,100.744824,9.148107,5.879449,1193.947827,10.741376,3.750157,133.963227,6.580551,1.465584,0.384497,3.254176,56.030021,3.442062,5959.866414,3.64,2.957006,28.817295,3.74995,1.668604,41.56673,1.352038,6.26345,31.884042,1136.895028,5.013984,1765.249158,15880.29082,6.696601
8/2/2005,3.67265,98.941192,2.859326,1.307274,65.004093,1.600733,0.3765,8.082708,2.360473,1.214015,1.27526,560.642503,8.103209,2308.256189,24.565102,5.773777,8.717108,0.81933,0.5643,7.772475,200.399973,9739.68764,43.478012,64.140133,61.946061,111.359519,75.944866,4172.007007,1019.778452,0.292152,136.058353,10505.61595,100.519305,9.003855,5.833085,1190.426676,10.591298,3.746129,137.48198,6.426772,1.454052,0.384497,3.25794,55.998659,3.319145,5982.635238,3.64,2.851878,28.581128,3.750045,1.653772,41.314442,1.32311,6.258775,31.820236,1136.723099,5.014818,1791.666559,15883.53851,6.51298
8/9/2005,3.67265,98.28849,2.862279,1.314943,65.209579,1.581439,0.3765,8.074682,2.321721,1.214107,1.259783,546.354941,8.106989,2304.642817,23.844128,5.766843,8.714022,0.809284,0.560241,7.771755,197.321963,9797.232593,43.486464,64.437616,61.918936,112.059966,75.52335,4155.263791,1013.53983,0.291949,135.484236,10449.42864,100.594834,8.910068,5.802642,1192.989706,10.648862,3.748388,137.173485,6.39241,1.446837,0.384497,3.252238,55.876868,3.263362,5982.477004,3.64,2.770006,28.308251,3.750045,1.655098,41.178619,1.323903,6.255625,31.942327,1124.977707,4.94515,1799.999794,15859.79413,6.46153
8/16/2005,3.6726,98.174945,2.880228,1.301458,65.043931,1.588456,0.3765,8.075856,2.335046,1.200283,1.25771,533.987006,8.10021,2300.371252,23.814883,5.769144,8.682874,0.810191,0.553006,7.771135,197.812545,9907.74573,43.478472,63.916186,61.918832,109.418026,75.644028,4022.27008,1016.37534,0.291925,135.332222,10451.22115,100.870118,8.935506,5.780445,1192.88007,10.57852,3.763893,137.088306,6.449901,1.420853,0.384497,3.254764,55.793937,3.261512,5989.489369,3.64,2.909193,28.497897,3.75,1.658116,41.164952,1.346674,6.26555,31.978938,1127.061399,4.960588,1823.799984,15866.17624,6.438595
8/23/2005,3.6726,99.743858,2.90537,1.323719,65.726288,1.598762,0.3765,8.073656,2.394369,1.198397,1.270742,543.70596,8.101201,2304.344837,24.234429,5.768054,8.714088,0.818014,0.555666,7.773541,201.061319,10079.6279,43.615661,63.704733,62.218519,109.900593,75.616594,4045.274765,1027.85961,0.291931,135.423064,10453.77937,100.714889,8.996366,5.804383,1192.80058,10.768141,3.774638,133.938913,6.537688,1.434143,0.384497,3.255734,55.933646,3.293142,6029.504484,3.64,2.857933,28.649424,3.75,1.668644,40.973208,1.367217,6.253325,32.132681,1136.995275,4.964986,1845.745149,15870.95578,6.486824
8/30/2005,3.6725,100.74921,2.912591,1.337897,65.100148,1.605669,0.3765,8.076088,2.387503,1.195358,1.271297,545.028414,8.097292,2309.982937,24.271691,5.767536,8.714975,0.819331,0.560395,7.770973,201.020862,10414.82266,43.999965,63.541581,62.524731,111.420763,75.598413,4160.67148,1036.796435,0.291577,135.27007,10422.41007,101.227304,9.01605,5.827426,1193.999343,10.855626,3.771028,131.812186,6.498624,1.453504,0.384497,3.281843,56.166089,3.31935,6065.593909,3.64,2.87972,28.524138,3.7499,1.686204,41.359322,1.357334,6.2469,32.681949,1122.746671,4.990108,1818.750612,15884.49347,6.514012
9/6/2005,3.67275,99.863829,2.896265,1.303061,65.592995,1.585047,0.3765,8.054614,2.331033,1.18897,1.236498,536.267883,8.091312,2288.937742,23.337763,5.771186,8.715553,0.801189,0.542445,7.767751,195.337378,10362.91465,43.8329,61.828086,62.525734,109.576999,75.079502,4160.482961,1027.558346,0.291954,134.237965,10385.24706,101.354862,8.82798,5.743563,1193.003357,10.686141,3.765994,130.650348,6.268062,1.412462,0.384497,3.322512,56.266153,3.146279,6117.515193,3.64,2.804124,28.16283,3.75,1.675359,41.102409,1.332159,6.25615,32.569266,1133.000152,4.994451,1837.925423,15876.01146,6.311561
9/13/2005,3.6726,101.036173,2.912617,1.302112,65.744219,1.598296,0.3765,8.03679,2.326015,1.182213,1.261391,537.222645,8.094003,2300.561887,23.871912,5.760679,8.716664,0.815185,0.548956,7.761289,200.108494,10081.50244,43.861483,62.300424,62.530344,110.809557,74.916972,4104.586746,1025.824476,0.29195,134.036651,10401.5259,101.487394,8.964281,5.793714,1193.035679,10.741376,3.769444,132.151669,6.371736,1.424364,0.384497,3.272797,55.92927,3.20813,6125.082865,3.64,2.845871,28.483281,3.75,1.681634,40.942572,1.33783,6.259475,32.732294,1127.996351,5.000496,1851.001088,15874.98061,6.384818
9/20/2005,3.67265,101.544745,2.908308,1.299723,65.534603,1.606292,0.3765,8.039287,2.296214,1.168611,1.277741,535.297157,8.089012,2296.138657,24.131849,5.756931,8.715396,0.822794,0.554572,7.7617,202.211837,10189.77113,43.843216,61.716307,62.523118,111.604019,72.955049,4109.595689,1029.233626,0.29196,133.990715,10375.44035,101.445378,9.031402,5.822416,1193.049745,10.818646,3.769493,131.152564,6.397573,1.424715,0.384497,3.27885,56.226414,3.190225,6123.937251,3.64,2.86015,28.350837,3.75,1.681066,41.049758,1.342334,6.257375,33.035424,1140.494841,5.01149,1855.923268,15876.48568,6.374272
9/27/2005,3.6723,102.584731,2.907946,1.32484,65.683158,1.616236,0.3765,8.034828,2.255214,1.176098,1.296722,538.878411,8.091981,2289.280693,24.457949,5.75929,8.714966,0.832598,0.566197,7.757544,205.854352,10283.57114,43.998645,62.882132,62.516913,113.047229,73.010108,4123.992536,1035.587453,0.291932,133.930593,10421.80941,101.429776,9.102411,5.874042,1192.749613,10.896916,3.769565,131.386016,6.514486,1.471404,0.384497,3.32115,56.290025,3.245564,6129.352558,3.64,2.956833,28.475021,3.75025,1.693072,41.253608,1.34783,6.2566,33.266764,1132.493503,5.018234,1862.998168,15889.46239,6.416603
10/4/2005,3.67265,103.050998,2.904988,1.310076,65.753611,1.620892,0.3765,8.038131,2.242471,1.170293,1.300855,528.149507,8.091988,2292.121253,24.801041,5.758212,8.718218,0.838909,0.568516,7.756758,209.857252,10197.26988,44.328282,61.551349,62.534975,114.291286,73.470366,4095.248073,1042.169476,0.291997,133.687624,10426.32376,101.417525,9.152252,5.903956,1193.362892,10.688864,3.770389,130.269928,6.609662,1.439514,0.384497,3.348513,56.004008,3.294354,6108.437201,3.64,2.977014,28.52379,3.750945,1.693942,41.091534,1.352681,6.2694,33.285276,1132.490627,5.062498,1866.751743,15897.51793,6.444055
10/11/2005,3.6724,102.266537,2.932275,1.327239,65.741954,1.615002,0.3764,8.036763,2.237875,1.178231,1.288653,526.907093,8.087911,2300.887228,24.573787,5.754953,8.718346,0.833181,0.571952,7.757537,207.9466,10077.74995,44.804609,61.312594,62.523851,114.299838,73.274342,4115.556513,1040.279061,0.292,133.759748,10418.62186,101.454896,9.104253,5.884743,1192.960406,10.801601,3.771359,130.486043,6.523019,1.441769,0.384497,3.37544,55.794817,3.223257,6122.388139,3.64,2.986609,28.524105,3.750555,1.689386,40.918354,1.348334,6.2631,33.24572,1132.502138,5.034998,1860.250965,15895.98744,6.523455
10/18/2005,3.671505,102.746129,2.967213,1.338377,65.797201,1.620919,0.3764,8.043828,2.238242,1.18258,1.301779,535.918346,8.090989,2291.597347,24.910624,5.75595,8.718261,0.837156,0.572241,7.758712,211.405266,10104.00339,45.099251,61.137639,62.526535,115.754586,73.825894,4122.923666,1052.378765,0.291583,134.251767,10447.01114,101.499802,9.166537,5.912889,1193.055567,10.83716,3.773547,130.853351,6.541199,1.438446,0.384497,3.389083,55.766286,3.25467,6137.651579,3.64,3.014254,28.657739,3.748745,1.695044,40.857257,1.363486,6.24925,33.558314,1142.007858,5.015537,1863.516843,15910.02924,6.577266
10/25/2005,3.6726,101.732349,2.975374,1.324958,65.740048,1.627416,0.3765,8.037452,2.260943,1.180313,1.277136,543.449541,8.090111,2286.903497,24.643816,5.757391,8.72003,0.827349,0.561293,7.754928,210.020764,9981.25156,45.03458,60.272947,63.560592,115.086962,73.353191,4126.80729,1051.367113,0.291967,133.71795,10427.48831,101.720088,9.096476,5.881529,1187.112715,10.848199,3.774643,131.106043,6.488114,1.42102,0.384497,3.393633,55.262534,3.26812,6145.289561,3.64,3.016303,28.589299,3.750105,1.690768,40.833918,1.35974,6.25045,33.738302,1134.96138,5.02744,1827.248627,15910.97687,6.626722
11/1/2005,3.6725,102.310183,3.004662,1.341652,65.728662,1.628802,0.3715,8.019835,2.25324,1.178898,1.289116,544.697098,8.086013,2288.573056,24.682581,5.759459,8.719892,0.833301,0.566525,7.751771,208.664541,10107.0729,45.068214,60.243171,63.803508,116.625959,73.702083,4151.760476,1042.50099,0.291982,133.708802,10459.01666,101.870064,9.137074,5.89578,1185.94452,10.768039,3.775683,130.797049,6.482,1.431735,0.384497,3.375921,54.942753,3.309877,6134.85924,3.64,3.045851,28.610903,3.74865,1.694918,40.800932,1.353324,6.260425,33.583533,1139.996161,5.025488,1841.497464,15903.95944,6.662346
11/8/2005,3.67265,104.196975,2.972846,1.362591,65.715818,1.665757,0.3765,8.018268,2.203682,1.190251,1.310937,535.38418,8.087336,2282.843326,24.883242,5.75411,8.718978,0.849348,0.57466,7.754053,211.516752,10104.00212,45.742248,61.229878,63.19226,117.374512,74.333938,4145.410893,1047.813404,0.291949,134.455283,10417.40295,101.813824,9.298887,5.970113,1186.177361,10.727501,3.777562,129.509862,6.622253,1.467969,0.384497,3.357754,54.654515,3.401925,6130.457035,3.64,3.132227,28.779333,3.74885,1.701761,41.159141,1.364418,6.26025,33.714529,1153.506303,5.030015,1837.001112,15901.15254,6.7366
11/15/2005,3.67265,104.676963,2.96998,1.368181,65.771131,1.676237,0.37625,8.019528,2.205111,1.194834,1.319804,524.966988,8.084673,2279.804516,25.088059,5.759793,8.719461,0.855097,0.576664,7.756045,214.341333,10007.50193,45.654171,62.398217,63.381179,119.056521,75.149668,4120.455301,1034.621971,0.292,134.253192,10424.08588,101.859836,9.32977,5.991315,1185.898911,10.65242,3.779739,130.55686,6.676143,1.462978,0.384497,3.3611,54.668738,3.423331,6129.732734,3.64,3.126024,28.789472,3.74865,1.703395,41.174242,1.361928,6.26025,33.510327,1155.005691,5.029763,1841.21359,15906.5495,6.788198
11/22/2005,3.6723,104.81286,2.953738,1.360455,65.809556,1.671366,0.37635,8.01751,2.252138,1.178198,1.317136,528.339045,8.083912,2277.282019,24.993767,5.757099,8.718599,0.849698,0.583063,7.753478,216.917656,10045.00257,45.786672,63.088625,63.337617,119.140593,74.438757,4125.020289,1044.54687,0.29196,133.823843,10425.29117,101.935166,9.330944,5.990754,1185.633348,10.662032,3.779783,130.717559,6.700745,1.454595,0.384497,3.392751,54.385236,3.399026,6129.056876,3.64,3.125171,28.912671,3.7487,1.700471,41.219037,1.369101,6.26025,33.622448,1182.497154,5.005503,1830.998163,15901.71849,6.627286
11/29/2005,3.672705,104.31606,2.994503,1.353007,65.845312,1.658327,0.3765,8.02186,2.19498,1.168319,1.312664,519.114194,8.079812,2273.469611,24.584275,5.757272,8.72136,0.848362,0.580987,7.753872,213.32853,10029.99873,45.854735,63.402018,63.410404,119.39883,74.536667,4117.499949,1036.279711,0.29204,134.168041,10450.57237,101.95837,9.267985,5.966172,1228.3058,10.564868,3.779818,130.565862,6.73615,1.424614,0.384497,3.417281,53.938805,3.310269,6129.610515,3.64,3.106154,28.835867,3.75025,1.691564,41.205767,1.356657,6.26025,33.506343,1184.84936,5.045608,1822.135021,15903.5265,6.480826
12/6/2005,3.672705,104.504662,2.997459,1.326745,65.881434,1.659989,0.3764,8.017744,2.17799,1.1558,1.306481,510.80501,8.077997,2273.40731,24.576301,5.748408,8.720692,0.848238,0.575049,7.754073,214.586048,9918.999149,46.147349,64.72036,63.734475,120.888882,73.262922,3996.172834,1034.189532,0.292046,134.068498,10449.13528,101.946972,9.25723,5.98201,1228.076576,10.423986,3.780641,130.454027,6.71573,1.393658,0.384497,3.410956,53.922218,3.251549,6141.437092,3.64,3.092003,29.005954,3.7502,1.686102,41.355845,1.354309,6.26025,33.457534,1139.398515,5.019093,1821.197552,15908.34329,6.286488
12/13/2005,3.67225,103.934749,3.004776,1.325913,66.03239,1.640055,0.37635,8.020294,2.253898,1.151344,1.293627,511.888791,8.075601,2276.492385,24.308414,5.739759,8.722032,0.837397,0.565408,7.753372,211.916342,9787.854684,46.052091,63.085954,63.003194,120.119363,73.440919,4025.14753,1025.608928,0.292008,133.918991,10407.08822,101.989615,9.178861,5.93885,1229.823296,10.657603,3.774203,130.26163,6.663189,1.414529,0.384497,3.438663,53.661447,3.211656,6143.057937,3.64,3.04539,28.725268,3.7487,1.674291,41.139886,1.348321,6.26025,33.482741,1174.498725,5.029976,1815.244566,15905.93979,6.316135
12/20/2005,3.67225,102.663433,3.027981,1.360425,66.15968,1.636065,0.37635,7.995425,2.34391,1.173012,1.305245,514.714739,8.073814,2287.634239,24.258663,5.736289,8.722053,0.842215,0.568955,7.752177,210.276087,9842.228902,45.153196,63.245504,62.991424,116.86829,72.269749,4014.454613,1016.511987,0.291811,133.578294,10428.5187,102.024812,9.162379,5.904331,1229.941589,10.686843,3.779353,129.447206,6.757347,1.460332,0.384497,3.437294,53.48097,3.208616,6114.859599,3.64,3.047938,28.833166,3.7487,1.664594,40.911676,1.350488,6.25925,33.242637,1157.500895,5.042995,1802.497595,15912.49293,6.34523
12/27/2005,3.6725,103.095085,3.034836,1.376904,66.170033,1.650072,0.3765,7.998794,2.35508,1.17141,1.315308,514.445304,8.074048,2283.305958,24.40255,5.735432,8.722868,0.844364,0.577689,7.752998,211.94943,9819.73047,45.223004,63.660142,63.727091,117.157106,72.519026,4007.244963,1012.488664,0.29198,133.687006,10410.91377,102.090057,9.209736,5.939282,1229.789563,10.720984,3.779608,129.363751,6.761133,1.482183,0.384497,3.419455,53.18388,3.227978,6096.975709,3.64,3.10169,28.776897,3.7502,1.666844,40.934951,1.350998,6.25575,33.121592,1161.506345,5.027512,1812.253953,15900.04632,6.345027
1/3/2006,3.67265,103.636002,3.04362,1.355164,66.293879,1.651003,0.3765,8.001671,2.337313,1.158561,1.297604,518.899978,8.070766,2282.592945,24.361312,5.726252,8.724672,0.834502,0.575547,7.753865,211.256043,9720.936149,44.951694,62.652632,63.740509,116.648867,72.258711,4000.839747,1004.528402,0.292036,133.708033,10400.61853,102.087539,9.16094,6.51,1232.876598,10.64475,3.778594,129.502565,6.672547,1.466736,0.384497,3.433821,52.59615,3.235789,6108.370884,3.64,3.106743,28.881027,3.7502,1.653098,40.7943,1.347434,6.25175,32.621484,1154.996084,5.048489,1822.497171,15907.46956,6.261485
1/10/2006,3.6723,103.098868,3.073652,1.33293,66.219633,1.615286,0.37645,7.999353,2.262134,1.165064,1.279847,525.258795,8.066099,2276.939957,23.861997,5.736856,8.724343,0.8287,0.566489,7.751016,207.661321,9449.739234,44.184278,61.27321,63.519564,114.510581,72.263187,4011.678341,982.013406,0.291953,133.798365,10160.01326,101.945197,9.074191,6.51,1232.820466,10.607929,3.748504,129.500135,6.620472,1.442742,0.384497,3.44325,52.654,3.138926,6125.751666,3.64,3.037791,28.635253,3.75045,1.634101,39.799246,1.350156,6.25175,32.004376,1185.003937,5.062763,1816.002176,15910.04849,6.099791
1/17/2006,3.67275,103.161176,3.055472,1.32958,66.394305,1.612507,0.37635,8.001724,2.288292,1.162184,1.282125,530.311955,8.068406,2269.944083,23.856871,5.733627,8.726198,0.827452,0.566963,7.75374,207.153403,9460.993584,44.270565,61.36646,63.613122,115.518313,71.735548,4008.237135,989.045828,0.292003,133.227814,10164.84215,102.165136,9.056512,6.51,1228.941019,10.550636,3.748908,129.247029,6.707142,1.447918,0.384497,3.425791,52.567244,3.174576,6117.351437,3.64,3.031629,28.362723,3.75015,1.634288,39.744213,1.336177,6.25175,31.982515,1182.501466,5.077507,1823.251971,15906.01044,6.024379
1/24/2006,3.6723,102.503854,3.053523,1.331771,66.502862,1.596652,0.37635,7.997945,2.241781,1.152487,1.260578,527.659452,8.062883,2264.574104,23.264096,5.725656,8.723989,0.813979,0.559908,7.755343,203.577289,9477.489011,44.201624,61.399935,63.732429,114.511185,71.417639,4053.10405,975.56979,0.291863,132.219558,10398.38233,102.049769,8.935999,6.51,1223.831185,10.508254,3.748954,129.491206,6.547393,1.470454,0.384497,3.341126,52.591198,3.130215,6118.33488,3.64,2.952726,27.938992,3.7485,1.621417,39.286809,1.322281,6.25175,31.967403,1157.974984,5.063475,1824.490352,15919.94027,6.037674
1/31/2006,3.6723,102.793108,3.066046,1.322731,66.621309,1.613799,0.37635,8.000157,2.208828,1.141879,1.279838,525.326748,8.06106,2267.308886,23.402154,5.727486,8.724474,0.822917,0.562671,7.75627,208.016,9366.946507,43.865423,62.493811,63.596352,117.197164,71.650462,4059.676853,962.677171,0.29206,131.895598,10141.28693,102.110353,9.019541,6.51,1223.862486,10.440243,3.750601,129.367612,6.664552,1.459491,0.384497,3.314059,52.152122,3.166942,6114.652682,3.64,2.971142,28.008987,3.750105,1.622468,38.951108,1.324791,6.25175,31.976615,1177.520498,5.059759,1819.514066,15918.03507,6.093743
2/7/2006,3.6723,103.046267,3.067021,1.347255,66.738771,1.631938,0.37635,8.000451,2.184696,1.149806,1.298277,527.371042,8.057497,2257.371498,23.758793,5.728404,8.725628,0.835307,0.573014,7.759017,208.830027,9186.07976,44.178894,62.716111,63.665878,118.050465,71.039503,4063.283421,967.746449,0.292015,132.063992,10158.6133,102.05233,9.126305,6.51,1224.225123,10.47411,3.733509,129.511821,6.716334,1.466116,0.384497,3.286048,51.64125,3.187839,6115.553383,3.64,2.985376,28.238047,3.7503,1.627739,39.554098,1.330244,6.25175,32.223227,1190.492876,5.059628,1792.497202,15927.93711,6.130842
2/14/2006,3.6723,103.322041,3.068658,1.353383,67.177792,1.641486,0.37635,7.999739,2.141814,1.155506,1.30876,532.699034,8.048136,2255.041887,23.951991,5.72971,8.725048,0.840073,0.57638,7.760563,211.401777,9235.440013,44.162366,63.909901,63.737685,117.370289,71.424629,4055.014271,969.739941,0.291942,131.205631,10154.04497,102.122675,9.172517,6.51,1224.040217,10.517624,3.721983,129.501876,6.84281,1.485523,0.384497,3.290301,51.462683,3.186754,6080.092377,3.64,2.969028,28.346112,3.7486,1.627828,39.325866,1.326705,6.25175,32.289902,1174.99642,5.053995,1814.74921,15927.99218,6.147262
2/21/2006,3.67275,103.328281,3.065959,1.353296,67.379839,1.648101,0.37645,8.00058,2.118503,1.147223,1.308774,519.126841,8.048732,2252.737557,23.907221,5.731928,8.726622,0.839496,0.572902,7.761526,211.627702,9261.688123,44.379957,64.690072,63.772571,118.826806,72.115187,4045.141886,969.361808,0.292106,130.986235,10154.49857,102.205242,9.176497,6.51,1209.962288,10.44674,3.719584,129.050951,6.758488,1.508204,0.384497,3.282704,51.817766,3.172602,6067.410071,3.64,2.926873,28.248881,3.75,1.630614,39.371074,1.317626,6.25175,32.467792,1191.997917,5.058756,1830.002192,15921.11288,6.049931
2/28/2006,3.67275,103.398608,3.073015,1.348062,67.899721,1.646685,0.3765,7.999966,2.127948,1.137752,1.314208,516.99012,8.041758,2247.251688,23.823854,5.73219,8.726009,0.839287,0.570961,7.758469,212.990765,9180.45367,44.248986,65.498947,63.798553,115.989208,72.703413,4043.93504,971.101834,0.292109,130.249433,10149.50872,102.578419,9.180513,6.51,1209.665878,10.457047,3.714516,128.99669,6.751493,1.511412,0.384497,3.289796,51.560134,3.189474,6057.353373,3.64,2.92368,28.157032,3.74995,1.622465,39.129803,1.312816,6.25175,32.415494,1189.941827,5.061487,1828.496106,15909.94956,6.174542
3/7/2006,3.6725,103.313799,3.080782,1.361583,68.219043,1.640173,0.37645,8.005169,2.162152,1.147,1.312077,530.986742,8.042471,2260.474973,24.15575,5.73265,8.728464,0.840903,0.575876,7.761072,214.412545,9253.816209,44.255895,66.759003,64.057425,117.83362,71.772119,4012.388525,976.542613,0.292101,129.504711,10254.50281,102.618655,9.184332,6.51,1194.425997,10.711449,3.71202,129.022867,6.711065,1.541989,0.384497,3.332963,51.040085,3.236968,6036.056594,3.64,2.93553,27.993422,3.75,1.632152,39.056708,1.327087,6.25175,32.507532,1214.992303,5.061985,1824.246252,15908.95182,6.294256
3/14/2006,3.6725,103.12563,3.078831,1.360232,69.226091,1.644262,0.37645,8.000125,2.130943,1.157686,1.305312,530.175967,8.048286,2263.54165,24.045209,5.736003,8.726594,0.832693,0.573889,7.758164,220.063022,9169.58014,44.376994,70.37161,64.068766,117.717149,72.145424,4040.197087,976.827251,0.292083,128.59055,10219.48192,102.65598,9.160728,6.51,1188.863601,10.712568,3.714007,129.00512,6.640217,1.567931,0.384497,3.337033,51.124753,3.28758,6022.113002,3.64,2.969553,27.897451,3.75,1.62332,39.16668,1.344883,6.25175,32.415092,1211.342183,5.062751,1827.252674,15897.01004,6.253583
3/21/2006,3.6725,102.547061,3.073199,1.394082,68.367687,1.604893,0.37645,8.002069,2.153316,1.163978,1.299644,533.426252,8.027854,2256.370087,23.562,5.736925,8.727071,0.826452,0.57212,7.759529,217.606801,9108.979766,44.29818,70.141634,64.17578,116.957887,72.232501,4005.631217,968.215621,0.292027,127.452839,10218.56242,102.647525,9.044898,6.51,1179.935359,10.806028,3.696824,128.67141,6.563575,1.605321,0.384497,3.352261,51.077477,3.208498,6022.507584,3.64,2.880567,27.594742,3.75025,1.617807,38.830001,1.340325,6.25175,32.481124,1213.25275,5.064615,1821.003463,15912.06876,6.318689
3/28/2006,3.6725,102.792127,3.080438,1.411454,70.905058,1.623436,0.3765,7.996962,2.226034,1.168329,1.303605,535.061631,8.021743,2273.672106,23.768293,5.73648,8.725528,0.830237,0.572224,7.759326,220.262829,9042.005176,44.534978,71.63191,64.410837,117.317964,72.106306,4003.310675,976.633472,0.292001,127.789043,10247.14242,102.749279,9.078338,6.51,1173.860501,10.968873,3.694651,128.65735,6.570064,1.646436,0.384497,3.346808,51.138019,3.259682,5989.629697,3.64,2.906671,27.6566,3.75025,1.618307,38.885709,1.356776,6.25175,32.588039,1212.040947,5.060503,1818.031149,15922.00852,6.265601
4/4/2006,3.672705,102.41515,3.084526,1.38767,70.583123,1.594602,0.37645,8.001144,2.129939,1.165867,1.291003,522.425958,8.019416,2290.207239,23.321563,5.73887,8.687525,0.816074,0.570338,7.759554,216.381159,8994.750356,44.609063,72.063518,64.453926,117.498802,71.453944,4005.747025,962.595523,0.292037,128.605997,10251.54506,102.572659,8.998669,6.51,1179.171703,10.860532,3.679486,128.706787,6.435818,1.643048,0.384497,3.354493,51.007668,3.231808,6027.80893,3.64,2.89415,27.63627,3.7503,1.610435,38.579254,1.335383,6.25175,32.468308,1220.005885,5.061468,1823.003954,15922.05124,6.036891
4/11/2006,3.67155,101.343402,3.080488,1.36532,67.55464,1.613789,0.37645,7.995543,2.144993,1.14508,1.300224,516.833552,8.008827,2337.626412,23.556414,5.736778,8.729554,0.824325,0.572541,7.759017,218.594226,8998.503747,44.701237,74.134655,62.503591,118.527424,71.200872,3999.075564,954.634982,0.292108,128.742283,10221.17761,102.551914,9.060098,6.51,1184.134498,11.064346,3.668242,128.25756,6.456571,1.6388,0.384497,3.325796,51.197371,3.249897,5848.028984,3.64,2.875249,27.606124,3.75025,1.614983,38.034234,1.340587,6.27675,32.407675,1217.719298,5.054087,1819.66321,15876.94374,6.127794
4/18/2006,3.672795,100.756793,3.07494,1.353113,67.453599,1.5924,0.37645,8.001074,2.131086,1.142777,1.274975,511.72502,8.015603,2347.202578,23.290964,5.750101,8.732941,0.813731,0.563091,7.755883,217.400144,8989.12781,45.113479,76.028404,62.501281,117.660192,71.101899,4005.51443,953.734812,0.292029,126.495323,10256.42124,102.672702,8.969919,6.51,1190.012194,10.985185,3.672345,128.505388,6.406824,1.595361,0.384497,3.311612,51.432667,3.205028,5762.74705,3.64,2.858811,27.695759,3.75025,1.601264,37.892496,1.342336,6.27675,32.467803,1213.005281,5.060008,1824.001624,15925.02636,6.038565
4/25/2006,3.6726,100.388352,3.043393,1.340616,68.555856,1.579245,0.3765,7.996184,2.117416,1.133571,1.267164,515.227857,8.013758,2345.75089,22.859877,5.738659,8.688289,0.804993,0.559085,7.753597,212.170405,8802.730914,44.897997,74.044266,62.251635,114.645868,71.169944,3997.568668,945.047903,0.292108,124.039545,9949.320483,102.733056,8.889006,6.51,1192.058736,11.072072,3.641756,128.46642,6.320046,1.594134,0.384497,3.320202,51.866849,3.114608,5838.530898,3.64,2.781079,27.406069,3.7502,1.587925,37.614105,1.323048,6.27675,31.956046,1222.071936,5.03176,1830.000403,15934.9901,6.059265
5/2/2006,3.6726,99.388288,3.045974,1.312448,68.29831,1.552415,0.3765,8.009945,2.079115,1.107086,1.239009,516.222521,8.016516,2370.50565,22.458658,5.83102,8.737366,0.791364,0.543846,7.753919,208.165046,8779.854605,44.85494,74.325714,63.258702,113.300819,70.959666,4054.814799,939.915951,0.29206,124.435066,9860.789528,102.813075,8.734842,6.51,1192.322914,11.030449,3.614597,128.509133,6.148139,1.564477,0.384497,3.307775,51.602632,3.049039,5808.141458,3.64,2.753098,27.127252,3.75025,1.578216,37.58907,1.319617,6.27675,31.748379,1224.999597,5.01506,1822.000095,15942.01012,6.048398
5/9/2006,3.6726,99.127185,3.039253,1.296244,67.17205,1.534751,0.3765,7.989928,2.06871,1.104988,1.223545,514.522034,8.005535,2338.143583,22.248108,5.744339,8.729573,0.784824,0.53703,7.751952,205.143765,8728.914267,44.869998,70.189809,65.055209,111.324156,70.798773,4021.66266,931.860914,0.291905,123.300153,9993.610538,102.874866,8.707924,6.51,1188.991612,10.940376,3.588991,128.316963,6.12548,1.594922,0.384497,3.274089,51.385241,3.026463,5760.932642,3.64,2.730586,26.999352,3.75025,1.568284,37.611498,1.343764,6.27675,31.464924,1232.002197,5.01019,1828.499508,16004.98086,6.061986
5/16/2006,3.6726,98.660629,3.04143,1.306979,67.991347,1.525781,0.3765,7.991813,2.141795,1.11047,1.209856,519.805025,8.008573,2420.86293,22.059512,5.744922,8.727882,0.779036,0.53074,7.753224,204.911983,9204.830514,45.195462,71.100882,64.051703,110.025519,71.765062,4015.75048,944.815874,0.289144,121.810215,9984.405087,102.858709,8.637778,6.51,1185.145986,11.058129,3.601241,128.425434,6.111009,1.605231,0.384497,3.274798,52.350213,3.051416,5722.025771,3.64,2.742458,26.951936,3.748805,1.577185,38.085169,1.450603,6.27675,31.773958,1226.996825,5.022202,1832.500745,15972.00086,6.376225
5/23/2006,3.67135,98.691892,3.073483,1.321928,69.014586,1.526853,0.37635,7.996603,2.258682,1.116921,1.207523,525.142604,8.020967,2468.48992,21.964166,5.747445,8.70265,0.777921,0.531046,7.755102,204.034851,9260.190837,45.399055,72.361966,63.005115,111.33762,72.388739,4003.311463,943.997979,0.289168,122.786773,9988.304649,102.921849,8.620653,6.51,1182.19289,11.200567,3.614264,128.490467,6.096371,1.602173,0.384497,3.262935,52.732677,3.068686,5677.18946,3.64,2.762596,26.941507,3.75,1.577485,38.222783,1.50421,6.27675,32.000813,1245.258757,5.0199,1837.499007,15964.96854,6.484856
5/30/2006,3.67255,98.729754,3.085166,1.31204,68.987973,1.527705,0.3765,7.998316,2.314284,1.100179,1.212205,529.896505,8.029548,2477.671524,21.947493,5.744894,8.732738,0.777344,0.531893,7.757522,203.442166,9186.077296,46.183214,72.131786,65.008171,112.175267,72.223403,4024.154887,945.528908,0.289115,121.299017,10110.56375,102.927697,8.622992,6.51,1177.969865,11.24779,3.617987,128.49819,6.086524,1.56321,0.384497,3.247473,52.526454,3.062777,5737.548224,3.64,2.74652,27.085363,3.75025,1.575417,38.15835,1.548786,6.27675,32.073731,1252.001215,5.048208,1849.501718,15965.01862,6.593493
6/6/2006,3.672705,98.829023,3.080968,1.347292,67.932458,1.5274,0.3765,7.99609,2.261347,1.112295,1.21483,534.903734,8.013478,2476.926236,22.001482,5.74456,8.732554,0.779113,0.536805,7.759652,205.019511,9345.197612,45.814653,73.028723,64.498587,112.988535,72.12726,4015.732817,942.827011,0.289165,119.923828,10099.45162,103.218206,8.648704,6.51,1177.944446,11.340068,3.642984,128.484699,6.052821,1.589845,0.384497,3.254092,52.81879,3.081108,5816.782323,3.64,2.727615,26.840551,3.7502,1.580134,38.219848,1.564217,6.27675,32.044305,1241.989499,5.027486,1852.001098,15975.02218,6.779873
6/13/2006,3.67175,99.65017,3.079842,1.352352,67.921334,1.548607,0.3764,7.993767,2.31032,1.109044,1.236569,546.717883,8.007778,2544.724284,22.556314,5.742791,8.733306,0.7965,0.544317,7.762785,215.214721,9502.199708,45.876602,74.926418,64.487722,115.021995,73.894472,4006.909267,961.54799,0.289061,119.136857,9992.788561,103.264859,8.789262,6.51,1171.555103,11.456249,3.683915,128.330354,6.220812,1.608792,0.384497,3.263098,53.31506,3.208973,5683.967505,3.64,2.81603,27.145717,3.7503,1.597024,38.512324,1.60656,6.27675,32.647225,1249.998011,5.007458,1856.99763,15986.16554,6.845454
6/20/2006,3.67145,99.608835,3.081835,1.35593,68.196145,1.560892,0.37645,7.993824,2.251678,1.1173,1.240627,545.208404,8.002577,2572.384818,22.680304,5.743258,8.735867,0.795384,0.543384,7.766475,219.936723,9371.449683,45.827514,74.860513,65.11031,114.998899,73.38503,4054.392635,956.49426,0.289213,118.336225,10142.87414,103.576425,8.783701,6.51,1172.100088,11.482292,3.666163,128.109575,6.2869,1.611506,0.384497,3.263815,53.237226,3.242468,5644.293548,3.64,2.813204,27.042932,3.7502,1.594011,38.37942,1.621127,6.27675,32.578401,1257.684529,5.008222,1842.749797,15984.51945,7.087651
6/27/2006,3.67155,99.532684,3.085867,1.364314,69.810191,1.563995,0.3765,7.992868,2.229828,1.121966,1.244177,547.162658,7.998646,2600.893388,22.633702,5.741952,8.735615,0.794732,0.548904,7.766402,222.005189,9331.065593,46.281402,75.952892,64.086852,116.356696,74.134058,4048.985032,958.72722,0.289165,119.67105,10160.32904,103.870433,8.783445,6.51,1172.202101,11.438595,3.683483,128.257041,6.30771,1.654743,0.384497,3.26668,53.455941,3.233787,5649.443595,3.64,2.869478,27.039667,3.75025,1.59645,38.455857,1.640038,6.27675,32.650479,1255.185995,5.017464,1864.99698,15991.95488,7.281316
7/4/2006,3.67155,98.970365,3.086008,1.34211,69.774244,1.522681,0.3765,7.996718,2.166873,1.109256,1.225314,537.432679,7.995959,2575.809122,22.220047,5.744821,8.738226,0.781578,0.541866,7.767764,218.930997,9091.576473,45.948655,75.170041,64.168731,114.597341,73.153445,4050.871292,943.620039,0.28912,118.293349,10079.3701,103.975932,8.66836,6.51,1172.009061,11.070761,3.646101,128.280662,6.229211,1.640773,0.384497,3.257941,52.727177,3.137988,5640.298898,3.64,2.782526,26.890674,3.75025,1.580501,37.913445,1.54458,6.27675,32.251197,1254.598733,5.009948,1855.998046,15998.49965,7.026777
7/11/2006,3.67265,99.135264,3.085668,1.329381,69.327751,1.542283,0.3765,7.99535,2.185176,1.130617,1.228042,539.859952,7.991848,2518.537031,22.30569,5.739477,8.737401,0.783706,0.542621,7.773164,217.008806,9036.00102,46.05883,74.41897,64.200777,114.256624,73.370443,4050.220313,946.586984,0.289198,118.278497,10082.41497,103.932892,8.700757,6.51,1172.338764,11.000309,3.651003,128.171215,6.263677,1.625204,0.384497,3.239168,52.226359,3.159783,5639.829366,3.64,2.792662,27.003988,3.750105,1.578584,37.824017,1.545501,6.27675,32.450053,1255.052269,5.009975,1837.751394,15983.01115,7.121857
7/18/2006,3.67265,99.305572,3.081131,1.337061,69.756158,1.557612,0.3765,7.998551,2.196032,1.13456,1.25092,544.616852,8.001081,2540.200515,22.709827,5.737946,8.739717,0.799412,0.547087,7.774058,222.360794,9244.812303,46.627824,75.732184,64.179026,117.244611,73.45921,4052.331913,958.399017,0.289222,117.938595,10146.3291,103.952962,8.81945,6.51,1172.210829,10.959945,3.681763,128.279041,6.336524,1.597421,0.384497,3.241036,52.659015,3.213072,5622.163104,3.64,2.873845,26.99764,3.750105,1.592473,38.146789,1.582862,6.27675,32.850777,1265.399274,5.030486,1822.748484,15997.45344,7.190931
7/25/2006,3.672795,99.096122,3.07931,1.326664,69.177539,1.541635,0.3765,8.004573,2.19692,1.141041,1.249966,540.481878,7.987661,2468.753598,22.462856,5.737502,8.741899,0.794311,0.542394,7.777461,215.88733,9112.726108,46.781825,73.17189,64.198042,117.048539,73.988043,4079.611356,952.280549,0.289225,118.000775,10136.40424,103.9878,8.755921,6.51,1172.119405,10.902922,3.686658,128.292768,6.304235,1.60096,0.384497,3.240041,51.856114,3.094808,5604.573853,3.64,2.796961,26.884071,3.750105,1.585565,37.994364,1.53238,6.27675,32.780894,1286.95535,5.022193,1859.997646,15997.98235,6.99835
8/1/2006,3.67265,98.522926,3.072307,1.309608,69.159058,1.532885,0.3765,7.993186,2.175863,1.131606,1.229843,541.680598,7.97327,2427.462483,22.296062,5.738222,8.691155,0.781617,0.534458,7.772563,214.131594,9097.727295,46.529607,72.505682,65.247097,114.724491,73.146762,4103.068744,955.880156,0.289185,118.830123,10093.28701,104.019055,8.69444,6.51,1171.893761,11.015636,3.670761,128.224041,6.161796,1.61662,0.384497,3.240163,51.465481,3.080257,5609.157289,3.64,2.775168,26.73034,3.750105,1.580393,37.881753,1.502301,6.27675,32.81878,1287.052222,5.048006,1846.502834,16005.0243,6.964063
8/8/2006,3.67265,98.374307,3.074386,1.314254,69.781982,1.523822,0.3765,7.997553,2.183367,1.120326,1.225336,544.050436,7.973087,2391.625436,21.977063,5.737152,8.740733,0.778467,0.524274,7.776193,210.486069,9090.226711,46.497668,71.025781,65.944886,115.014392,72.800143,4106.274056,963.523427,0.289177,122.351914,10076.76603,104.023108,8.63669,6.51,1169.941865,10.898163,3.666249,128.276693,6.159495,1.599715,0.384497,3.236793,51.317098,3.016045,5610.93651,3.64,2.738107,26.789693,3.750105,1.572932,37.626678,1.467111,6.2505,32.805617,1285.005218,5.015015,1845.250861,16017.53961,6.804375
8/15/2006,3.67265,98.692071,3.073579,1.30944,69.626975,1.534132,0.3765,7.990422,2.152437,1.125906,1.239382,541.123369,7.998747,2369.140353,22.042743,5.733697,8.735045,0.78282,0.528559,7.779124,215.895612,9094.350085,46.479686,71.049116,65.85417,116.250598,72.596542,4077.649006,965.55722,0.289115,122.702339,9976.532338,103.992371,8.68187,6.51,1169.539796,10.825383,3.680943,128.209496,6.286112,1.578996,0.384497,3.262961,51.448792,3.053281,5585.798476,3.64,2.785461,26.721644,3.750105,1.579181,37.43503,1.464482,6.2505,32.723225,1290.000228,5.010986,1849.999666,16004.96896,6.870523
8/22/2006,3.672705,98.453008,3.094078,1.311966,69.04566,1.53172,0.3765,7.991102,2.141138,1.116388,1.233334,532.50835,7.966719,2360.923964,21.986754,5.742019,8.737676,0.781109,0.529727,7.776493,216.319023,9075.599602,46.464061,70.129566,66.074575,116.534179,72.766944,4068.045582,956.519115,0.289204,124.69872,10040.62598,103.897393,8.68951,6.51,1170.067125,10.812074,3.675254,128.108765,6.273753,1.568397,0.384497,3.231595,51.29491,3.044411,5566.486888,3.64,2.745565,26.648505,3.750105,1.574326,37.612291,1.456067,6.2505,32.746503,1309.990634,5.006993,1855,16009.98283,7.127695
8/29/2006,3.6726,98.577525,3.096718,1.31089,69.368354,1.524766,0.3765,7.994421,2.140471,1.109032,1.231503,537.629435,7.961989,2398.59765,22.025844,5.738778,8.73954,0.781129,0.527207,7.777447,215.169036,9092.099953,46.463359,69.854778,65.961373,116.742143,72.539162,4069.743637,960.920353,0.289183,125.19944,10061.78943,102.802533,8.649552,6.51,1167.092497,10.880526,3.677624,128.242891,6.29766,1.554892,0.384497,3.24481,51.028968,3.084791,5559.670386,3.64,2.744103,26.869007,3.75015,1.574245,37.546496,1.475719,6.2505,32.848296,1322.745987,5.017487,1851.497517,16007.4619,7.133656
9/5/2006,3.67265,98.674119,3.092001,1.298005,69.235397,1.532517,0.3765,7.998954,2.125141,1.111358,1.234168,537.973155,7.947728,2346.463324,21.992409,5.716413,8.741608,0.780454,0.527627,7.777442,215.467187,9082.727295,46.231718,69.000781,65.86382,115.949189,72.450674,4071.887822,954.540035,0.289091,125.43579,10062.8911,102.098243,8.636806,6.51,1162.908283,10.846946,3.641334,128.069896,6.346564,1.547804,0.384497,3.242369,50.339646,3.089617,5573.754036,3.64,2.764263,26.585119,3.75015,1.567407,37.34145,1.45222,6.2505,32.751359,1293.996472,5.01218,1846.726651,16004.93919,7.175765
9/12/2006,3.67265,99.385974,3.107209,1.329425,68.829171,1.531562,0.3765,8.015728,2.173951,1.119179,1.24692,539.033398,7.946631,2407.43334,22.365815,5.735918,8.751215,0.787818,0.533621,7.779269,215.758687,9157.579769,46.229283,71.044142,65.799666,117.703533,72.986155,4135.516075,959.228221,0.289156,126.432774,10058.21009,102.478881,8.709044,6.51,1167.160949,11.035363,3.673742,127.50742,6.532137,1.5582,0.384497,3.250128,50.422386,3.131796,5620.966933,3.64,2.775361,26.782068,3.7502,1.578102,37.445821,1.475711,6.2505,32.896898,1335.10277,5.005017,1855.003407,16030.05154,7.357602
9/19/2006,3.67275,99.3955,3.098305,1.328011,66.47453,1.549525,0.3765,7.994961,2.15357,1.124633,1.253384,537.189211,7.936886,2397.285001,22.497335,5.735131,8.737914,0.788919,0.531587,7.786161,216.022544,9162.075983,46.037261,70.246562,65.739066,117.587701,72.75653,4117.982835,952.047871,0.289152,126.338084,10022.15568,102.505178,8.726913,6.51,1162.632859,10.92833,3.681014,128.206962,6.525508,1.51248,0.384497,3.244408,50.078629,3.129287,5543.497756,3.64,2.787028,26.686114,3.75015,1.588686,37.397318,1.469226,6.2505,32.89105,1322.698996,5.0214,1850.250174,16038.98902,7.368746
9/26/2006,3.67275,99.24266,3.098158,1.328762,66.099273,1.545236,0.3765,7.991127,2.198824,1.114387,1.242773,538.778438,7.911508,2414.804203,22.401729,5.734983,8.738047,0.787863,0.527462,7.786631,214.944785,9217.815879,45.827584,70.145727,65.936602,116.867285,72.575505,4125.001969,944.023462,0.289107,126.94599,10026.70563,102.532608,8.71563,6.51,1167.073801,11.049037,3.679655,128.198852,6.540554,1.502612,0.384497,3.249348,50.312651,3.117999,5531.411875,3.64,2.801273,26.831455,3.7502,1.588441,37.49321,1.526018,6.2505,32.932574,1205.000709,5.008999,1853.00041,16044.9874,7.666817
10/3/2006,3.67265,98.957505,3.097936,1.342724,67.240063,1.535346,0.3765,7.950192,2.162266,1.120303,1.244906,535.110116,7.904619,2392.696572,22.167789,5.722385,8.716481,0.785582,0.529642,7.79104,215.854079,9197.328764,45.721459,69.333438,66.013923,117.798547,72.383579,4129.891851,947.818015,0.288743,126.486503,9981.669467,103.699798,8.669529,6.51,1162.602387,11.014665,3.683885,127.855572,6.57976,1.517436,0.384497,3.241342,49.861538,3.095862,5537.678649,3.64,2.771253,26.809038,3.7502,1.58174,37.561009,1.505274,6.2505,33.058047,1304.997284,5.026302,1859.998838,15962.00393,7.784528
10/10/2006,3.672705,97.855927,3.112657,1.344001,67.119104,1.561066,0.3765,8.030095,2.156096,1.129783,1.268349,536.710679,7.909782,2396.382316,22.453193,5.738876,8.764655,0.796884,0.538371,7.792524,215.84823,9233.190834,45.70259,68.655288,66.052716,119.596957,72.421631,4163.58428,960.123849,0.289226,128.232112,10074.46379,104.92968,8.826277,6.51,1167.2225,11.065361,3.694098,128.489987,6.675651,1.517114,0.384497,3.245811,50.025198,3.118041,5353.939169,3.64,2.800745,27.075982,3.750105,1.590742,37.514187,1.497332,6.25775,33.09333,1238.000255,5.025005,1855.001595,16055.00415,7.786934
10/17/2006,3.672705,98.185823,3.104717,1.327058,66.988785,1.567712,0.3765,8.000911,2.135448,1.138379,1.267749,531.178591,7.908955,2361.717083,22.608782,5.739039,8.74828,0.797158,0.534809,7.780823,212.837713,9159.826683,45.207631,68.300862,66.10974,118.702021,71.953325,4148.004663,954.579648,0.289204,127.786919,10025.16129,107.224985,8.817043,6.51,1167.055398,10.865335,3.675002,128.137884,6.756805,1.50642,0.384497,3.242826,49.942599,3.110668,5338.050671,3.64,2.818033,27.057822,3.7502,1.579233,37.374033,1.481372,6.2505,33.158079,1253.99386,5.044979,1834.998559,16063.75807,7.620252
10/24/2006,3.67275,98.011161,3.090142,1.319968,66.8187,1.555173,0.3765,7.995949,2.14148,1.127909,1.267217,526.881369,7.903173,2348.484502,22.626299,5.736451,8.74654,0.796084,0.533847,7.781778,209.48287,9146.479389,45.214545,68.327885,65.995486,119.381254,72.033073,4155.464827,958.443528,0.289216,127.836473,9998.118172,106.448401,8.800419,6.51,1167.034782,10.837154,3.675667,128.231817,6.677064,1.50899,0.384497,3.222298,50.061297,3.09154,5334.653517,3.64,2.834374,26.973151,3.7486,1.575006,37.231053,1.470849,6.2505,33.32445,1265.00067,5.046065,1839.999263,16064.99426,7.738588
10/31/2006,3.67275,97.157924,3.091664,1.294623,67.583226,1.544059,0.3765,7.989263,2.137549,1.124656,1.24609,524.777708,7.878842,2312.445363,22.177472,5.73005,8.744463,0.783906,0.52504,7.778497,204.752468,9107.102295,44.93305,68.029301,66.272709,117.233947,71.809825,4107.027308,942.447766,0.289163,127.769949,9903.056632,107.902897,8.716108,6.51,1164.744589,10.762531,3.651995,128.203232,6.547914,1.496009,0.384497,3.215894,49.837726,3.050646,5355.658428,3.64,2.770801,26.861167,3.750105,1.559552,36.722491,1.458,6.2505,33.275993,1283.99707,5.03,1818.00067,16064.99882,7.386517
11/7/2006,3.672705,97.22639,3.079945,1.291437,67.633631,1.539864,0.3765,7.993055,2.134957,1.128173,1.249491,523.975975,7.874407,2291.355807,21.935365,5.72936,8.746861,0.782504,0.524618,7.784796,204.301474,9117.601854,44.67477,68.145825,66.273043,117.708671,71.733905,4118.009549,938.428174,0.289156,127.729508,9885.44704,107.29315,8.67561,6.51,1162.687393,10.816081,3.646648,128.175488,6.456853,1.492503,0.384497,3.216818,49.846382,3.002352,5381.850475,3.64,2.748412,26.665665,3.7502,1.559686,36.655682,1.445435,6.2505,32.808458,1299.504963,5.04747,1830.253046,16093.93054,7.317895
11/14/2006,3.67275,97.131838,3.077368,1.306778,69.957865,1.525603,0.3765,7.989272,2.155763,1.138592,1.243786,527.332782,7.866278,2274.976773,21.894783,5.722645,8.745566,0.78007,0.527313,7.784697,201.49411,9119.103231,45.098748,70.165315,66.520789,117.624954,70.980511,4117.223144,936.958377,0.289162,127.853228,9866.311603,108.191033,8.649593,6.51,1162.809498,10.862383,3.64066,128.249849,6.414056,1.515976,0.384497,3.221242,49.895078,2.974345,5386.840382,3.64,2.727871,26.752492,3.7502,1.556851,36.400159,1.448707,6.2505,32.799141,1297.998206,5.034998,1820.997957,16079.98596,7.249083
11/21/2006,3.67275,96.736236,3.080665,1.298426,69.077501,1.531925,0.3765,7.997828,2.165019,1.146104,1.242077,530.289092,7.86985,2283.005175,21.795978,5.723166,8.751407,0.779307,0.526564,7.786216,200.274372,9148.580222,44.78345,70.680506,66.534056,117.958801,71.074558,4081.477369,935.156617,0.289278,128.418651,9873.604573,107.143834,8.664576,6.51,1163.415639,10.982076,3.649494,128.270649,6.446112,1.493264,0.384497,3.227076,49.816447,2.963399,5400.869456,3.64,2.7215,26.747317,3.7504,1.558627,36.584924,1.464348,6.2505,32.84961,1302.005291,5.025513,1822.003957,16075.04823,7.227523
11/28/2006,3.672705,95.749146,3.076128,1.279007,69.002605,1.482216,0.3765,7.994728,2.18591,1.130709,1.205481,530.371571,7.842148,2317.280047,21.314972,5.718686,8.747667,0.759129,0.513449,7.77515,196.48045,9182.704677,44.594373,69.757359,66.834493,116.208728,70.178804,4069.855587,930.775354,0.289137,127.917929,9849.502016,108.010088,8.461877,6.51,1162.765962,11.058535,3.63933,127.984412,6.299221,1.477621,0.384497,3.223924,49.903692,2.918384,5405.502761,3.64,2.640947,26.327328,3.7502,1.550072,36.293449,1.47906,6.2505,32.674499,1285.005659,5.033006,1813.001731,16088.02594,7.173703
12/5/2006,3.67255,94.788866,3.054642,1.271333,70.705152,1.463891,0.3765,7.991945,2.154126,1.140925,1.191394,525.076907,7.822035,2284.760012,21.018416,5.721966,8.747674,0.750309,0.506234,7.771057,191.599953,9109.350579,44.627694,67.9994,66.794821,114.769464,69.800365,4063.645158,924.243701,0.289015,127.926319,9764.836846,107.650385,8.377681,6.51,1163.117906,10.885051,3.556011,128.15141,6.099299,1.457159,0.384497,3.211662,50.06026,2.861001,5402.646756,3.64,2.593895,26.269243,3.74995,1.538855,35.583242,1.449253,6.2505,32.298923,1275.003181,5.053603,1802.002243,16070.03511,7.121731
12/12/2006,3.67235,93.465229,3.050074,1.2727,69.49588,1.474202,0.3765,7.99501,2.141441,1.152449,1.201859,526.430978,7.829912,2273.884482,21.064931,5.713369,8.774008,0.75439,0.508572,7.772824,191.592009,9072.974577,44.735056,69.261552,66.954593,117.001356,69.433464,4020.012096,922.484327,0.289078,127.994254,9723.134476,108.129636,8.403136,6.51,1164.99584,10.844686,3.538995,128.274845,6.142686,1.447936,0.384497,3.209998,49.492764,2.87987,5401.392416,3.64,2.584374,26.337728,3.7502,1.541371,35.269192,1.426982,6.2505,32.494343,1277.999539,5.039397,1790.000189,16069.99313,6.991021
12/19/2006,3.6726,93.36151,3.049191,1.276394,69.184314,1.491212,0.3765,7.996639,2.152078,1.155156,1.21568,526.393609,7.82217,2248.596082,21.054516,5.715681,8.774979,0.758337,0.508973,7.775163,192.341386,9127.726155,44.649301,68.969448,66.803988,118.068658,69.641103,4025.815717,931.596562,0.289138,127.849805,9674.402493,107.570063,8.453343,6.51,1165.136981,10.840294,3.575467,128.267378,6.190998,1.441439,0.384497,3.203564,49.457837,2.896565,5335.536522,3.64,2.595437,26.238599,3.7502,1.542932,35.846015,1.432157,6.2505,32.742752,1267.198442,5.039457,1795.250874,16061.03002,7.008436
12/26/2006,3.6726,95.512624,3.049902,1.276813,69.838561,1.482588,0.3765,7.993072,2.146137,1.158808,1.219876,530.768906,7.820407,2228.92396,20.995617,5.71496,8.772761,0.761467,0.510834,7.77818,192.574011,9084.205348,44.368923,69.655852,66.920981,118.885904,69.243452,3999.325441,929.07645,0.28911,127.956313,9683.343692,105.197101,8.452,6.51,1164.918371,10.862942,3.535751,128.357822,6.228984,1.435636,0.384497,3.196111,49.359827,2.896528,5319.308653,3.64,2.540098,26.412408,3.75025,1.540343,36.092665,1.426682,6.2505,32.624366,1258.750322,5.019085,1786.749246,16050.96333,7.028807
1/2/2007,3.6726,93.492752,3.057544,1.259097,69.061517,1.470434,0.3765,7.995469,2.137711,1.163912,1.213537,532.102424,7.805512,2231.16325,20.82919,5.710349,8.773917,0.754142,0.50742,7.780906,190.597225,9013.350882,44.200646,70.730972,66.471135,118.839869,69.381918,4040.376594,926.043445,0.2891,126.830681,9697.420045,107.634676,8.407713,6.51,1163.124461,10.800958,3.530748,128.539784,6.191004,1.414971,0.384497,3.194675,49.029661,2.88523,5287.561786,3.64,2.553008,26.263321,3.75025,1.532585,35.754957,1.414573,6.2505,32.43721,1270.000143,5.051402,1741.497137,16059.96654,6.945152
1/9/2007,3.6726,94.362829,3.084053,1.280924,69.911699,1.502052,0.3765,8.001276,2.147949,1.177026,1.240671,543.304054,7.805414,2238.834108,21.2261,5.707846,8.788455,0.769164,0.515257,7.796993,194.76011,9028.500469,44.293742,71.078507,66.655083,119.347141,69.576577,4028.872676,938.414583,0.289118,125.430554,9696.909817,108.556718,8.535477,6.51,1163.107213,10.978805,3.507661,128.263162,6.347704,1.446297,0.384497,3.191402,48.640209,2.965048,5288.737637,3.64,2.610386,26.582391,3.7504,1.536433,35.912532,1.438327,6.2505,32.689612,1274.924489,5.054579,1799.943187,16050.02957,7.265176
1/16/2007,3.672705,94.668416,3.081054,1.276127,69.994518,1.504365,0.3765,7.995074,2.144097,1.172902,1.247034,541.558018,7.790838,2221.313683,21.457714,5.70207,8.750035,0.773633,0.509445,7.800459,195.446976,9077.102729,44.212313,70.578244,67.117621,120.626221,70.079316,4020.17511,936.530737,0.289127,125.413848,9724.142129,108.894625,8.574771,6.51,1163.207628,10.987417,3.501651,128.471422,6.427912,1.437126,0.384497,3.190284,48.702239,2.997607,5251.514545,3.64,2.625689,26.620421,3.75035,1.539185,35.854037,1.431024,6.2505,32.785935,1277.996534,5.059993,1824.997912,16044.98278,7.236183
1/23/2007,3.6726,94.332317,3.096745,1.26142,69.479873,1.505914,0.3765,7.994244,2.135398,1.18069,1.240526,541.080323,7.776984,2253.475575,21.447294,5.701582,8.798976,0.767707,0.503531,7.799113,194.70035,9086.477295,44.174446,68.496933,67.267379,121.445331,70.15922,4024.958742,940.101469,0.289143,125.710119,9729.045552,108.351676,8.534573,6.51,1162.738397,10.958725,3.501184,128.388144,6.401572,1.424369,0.384497,3.189596,49.0025,2.960123,5263.301718,3.64,2.595151,26.59213,3.750495,1.533836,34.96013,1.413095,6.2505,32.961447,1305.34556,5.050954,1800.249624,16073.51772,7.111989
1/30/2007,3.6726,94.530326,3.106599,1.294773,69.043765,1.509535,0.3765,7.993334,2.133477,1.181488,1.252157,544.512514,7.775905,2260.064646,21.81461,5.697603,8.796916,0.771568,0.509514,7.809988,198.709024,9097.727295,44.110104,68.316374,67.107937,121.705524,70.54205,4044.189685,942.501011,0.289164,126.402721,9665.260022,108.66648,8.57197,6.51,1164.052675,11.062044,3.501973,128.448193,6.290968,1.447127,0.384497,3.199327,48.961689,3.036155,5270.324411,3.64,2.619701,26.641484,3.7504,1.537714,34.286364,1.429386,6.2505,32.987659,1292.062365,5.057544,1753.003839,16038.04101,7.323685
2/6/2007,3.6726,94.692984,3.103648,1.286588,68.99803,1.513203,0.37655,7.987947,2.081669,1.182504,1.241424,547.364521,7.756352,2228.538087,21.709792,5.69911,8.812876,0.770935,0.50768,7.808955,194.938475,9042.753935,44.033684,68.274797,66.998783,120.148553,69.974035,4033.432489,932.782234,0.289192,125.623334,9661.641837,108.65608,8.578167,6.51,1164.172296,10.910935,3.495846,128.429583,6.255368,1.46868,0.384497,3.192734,48.507533,2.982864,5251.18379,3.64,2.596296,26.429916,3.75045,1.532755,34.164309,1.399602,6.2505,32.948439,1298.188136,5.058992,1757.999417,16004.97584,7.188971
2/13/2007,3.6726,96.400001,3.095192,1.286824,69.041249,1.503901,0.3765,8.002257,2.103233,1.16886,1.247594,542.811801,7.764733,2222.232008,21.658221,5.69828,8.886077,0.76763,0.514255,7.814159,194.940546,9058.124952,44.061416,67.992628,67.747466,121.252386,68.793154,4010.596468,939.549163,0.289191,124.156121,9683.434112,108.657269,8.515427,6.51,1162.07998,10.985029,3.499667,128.17211,6.222647,1.452539,0.384497,3.190365,48.435259,3.002611,5203.485164,3.64,2.603386,26.276452,3.7503,1.541659,33.628621,1.402757,6.2505,33.093698,1277.005644,5.027451,1755,15977.02557,7.251896
2/20/2007,3.67225,95.917347,3.104183,1.272087,68.994371,1.487591,0.3765,7.991632,2.087164,1.168371,1.236513,539.115128,7.745182,2222.521397,21.409481,5.696563,8.882486,0.761053,0.51179,7.813679,192.033713,9049.129337,44.103612,66.344618,67.474911,120.087227,69.375417,4014.270498,938.30509,0.289205,124.60216,9678.571396,108.724826,8.470922,6.51,1161.996044,10.975558,3.49232,128.092299,6.125384,1.426576,0.384497,3.187494,48.002367,2.961658,5201.6176,3.64,2.563634,26.329023,3.7503,1.53367,33.497214,1.383288,6.2505,32.996201,1280.001514,5.015959,1755,15974.98859,7.118726
2/27/2007,3.672195,95.557346,3.093477,1.263753,68.529836,1.47754,0.3765,7.990426,2.108247,1.163733,1.220415,539.946189,7.741449,2221.14302,21.497993,5.694376,8.881913,0.755313,0.509242,7.814144,192.986208,9092.103713,44.137208,66.001512,67.305626,118.633538,69.618285,4016.603613,938.629274,0.289167,123.742647,9622.322373,108.5849,8.399335,6.51,1157.979773,11.162908,3.494983,127.926373,6.102645,1.421839,0.384497,3.186285,48.280262,2.957521,5175.053061,3.64,2.556655,26.101469,3.750045,1.525986,34.101472,1.40537,6.2505,32.946813,1276.998813,5.044994,1733.496931,15971.97241,7.196264
3/6/2007,3.67235,96.118538,3.100764,1.292467,68.946303,1.491723,0.37655,7.996472,2.1219,1.176963,1.224285,537.484671,7.743447,2230.766036,21.496336,5.700925,8.885949,0.762565,0.518545,7.815025,193.206466,9229.814698,44.233712,67.847328,67.485747,116.570532,69.512212,4015.770702,947.520124,0.289214,124.437333,9665.401374,108.902276,8.490412,6.51,1160.822977,11.139622,3.513007,128.187886,6.22596,1.468504,0.384497,3.171445,48.686664,2.975267,5186.287107,3.64,2.58458,26.207529,3.7497,1.528239,32.578404,1.436212,6.2505,32.977903,1247.000511,5.04496,1773.999882,15997.12076,7.397888
3/13/2007,3.672195,95.751938,3.095042,1.273492,69.000734,1.476264,0.3765,7.996018,2.091003,1.170858,1.218859,539.792608,7.743784,2208.165369,21.344493,5.701863,8.885597,0.757499,0.517596,7.815228,189.516466,9204.455094,44.082064,67.165986,67.571184,116.593011,69.556988,4007.464775,944.371325,0.289111,123.458023,9663.986609,109.571839,8.414944,6.51,1162.05985,11.168992,3.506995,128.215669,6.127776,1.443366,0.384497,3.18483,48.440991,2.946437,5157.929373,3.64,2.556496,26.235273,3.74955,1.528472,32.973555,1.418572,6.2505,32.982349,1258.042041,5.015179,1760.02769,16004.96641,7.436724
3/20/2007,3.672195,95.553223,3.099841,1.2478,68.971759,1.476463,0.3765,8.000451,2.075188,1.163995,1.212708,535.565756,7.735658,2182.187367,20.913421,5.701744,8.887994,0.751892,0.510483,7.812437,185.348244,9159.829008,43.533506,66.862214,67.59015,117.336381,69.255717,3986.996578,941.329766,0.289114,123.914564,9645.906814,109.769884,8.394585,6.51,1162.170495,11.114189,3.496183,128.164246,6.149141,1.419373,0.384497,3.188025,48.426528,2.912229,5143.751456,3.64,2.503326,26.027671,3.75015,1.526183,32.816603,1.395992,6.2505,33.150275,1269.499489,5.034423,1750.046512,16023.45728,7.384246
3/27/2007,3.672195,95.449268,3.09606,1.236118,68.752623,1.465577,0.3765,7.993389,2.057237,1.157171,1.213955,539.024391,7.733428,2167.14762,20.978549,5.701113,8.884917,0.749036,0.508652,7.813446,185.56968,9113.101537,43.029834,66.142204,68.306916,118.038256,68.94686,3984.283187,940.730992,0.289077,123.775332,9634.383607,108.784837,8.34328,6.51,1160.98303,11.040518,3.45124,128.105572,6.093606,1.392892,0.384497,3.182201,48.027338,2.899903,5141.825755,3.64,2.530554,25.93815,3.750105,1.516181,32.16016,1.389395,6.2505,33.071737,1234.050843,5.03255,1726.999517,16015.99408,7.25255
4/3/2007,3.6724,94.973965,3.099481,1.22952,68.778666,1.46737,0.3765,7.995421,2.04153,1.158194,1.220002,538.558837,7.729886,2175.665651,20.974563,5.701096,8.886341,0.749275,0.506088,7.815234,184.668175,9092.101453,42.914609,66.372211,66.998622,118.791454,68.513423,3986.891032,936.563022,0.28942,123.551242,9638.695389,108.297568,8.358114,6.51,1163.031517,10.984747,3.460318,128.124184,6.116693,1.388285,0.384497,3.182174,47.97385,2.884863,5142.201007,3.64,2.499692,26.039599,3.75015,1.5186,32.49149,1.379563,6.2505,33.121823,1241.99208,5.059978,1731.99692,16022.94064,7.198126
4/10/2007,3.672105,94.995647,3.088182,1.211965,68.766899,1.454907,0.37645,7.99528,2.026408,1.148069,1.217865,534.655685,7.733829,2158.787674,20.815842,5.697956,8.720497,0.74467,0.506996,7.812972,182.959138,9097.727295,42.644649,66.914941,67.495608,119.138189,68.647863,3987.173186,934.086737,0.289152,122.829194,9629.295397,108.927417,8.307183,6.51,1163.115656,11.008511,3.446818,128.100315,6.032636,1.372634,0.384497,3.181259,47.883467,2.863325,5117.515481,3.64,2.483855,25.86283,3.75025,1.517307,32.560898,1.371624,6.2505,33.114019,1246.999881,5.035488,1735.998362,16029.9565,7.142549
4/17/2007,3.672455,94.938483,3.084811,1.195952,68.90997,1.44388,0.3765,7.995833,2.033662,1.130389,1.209687,529.41582,7.729716,2138.244918,20.624356,5.692661,8.886988,0.737284,0.498728,7.81188,181.288002,9088.350219,41.83566,65.27419,67.617673,119.375733,68.527186,3987.255377,928.908884,0.289185,121.911766,9624.287623,109.877438,8.252471,6.51,1161.674832,10.994153,3.435017,128.078292,5.959916,1.343947,0.384497,3.192585,47.651462,2.816518,5112.535191,3.64,2.46935,25.673315,3.74975,1.513344,32.544888,1.354045,6.2505,33.174137,1259.994693,5.029885,1722.496908,16034.7808,7.08382
4/24/2007,3.6726,94.760114,3.079266,1.208862,69.062666,1.433117,0.3765,7.990353,2.033178,1.122033,1.204271,528.187248,7.728871,2116.428058,20.647501,5.686361,8.885426,0.734379,0.499887,7.815791,180.814485,9089.101909,40.752673,64.482403,67.814488,118.68993,68.357531,3985.419732,927.315284,0.28913,120.980118,9611.303343,109.919808,8.240116,6.51,1161.921941,10.989249,3.421348,128.022391,5.95756,1.346987,0.384497,3.192471,47.468814,2.788396,5114.878498,3.64,2.448459,25.810805,3.74975,1.514205,32.543169,1.338978,6.2505,33.206842,1269.99263,5.034904,1727.496315,16034.94103,7.051458
5/1/2007,3.672705,94.68852,3.089436,1.206827,69.157534,1.440477,0.3765,7.996491,2.033919,1.110897,1.21345,525.733843,7.706608,2109.369987,20.675519,5.682602,8.887481,0.734761,0.500409,7.82182,181.999308,9086.954039,41.00054,64.270489,67.649915,119.72901,68.000083,3977.73634,930.633236,0.289174,120.159875,9616.724513,110.590279,8.228157,6.51,1161.960198,10.93116,3.420995,127.777791,5.969516,1.349663,0.384497,3.184443,47.547122,2.779125,5122.583532,3.64,2.455996,25.830631,3.75035,1.520539,32.891393,1.366117,6.2505,33.344156,1272.030592,5.009227,1724.039195,16040.04961,7.040145
5/8/2007,3.672795,94.65388,3.08075,1.207226,69.125169,1.448072,0.37655,7.991798,2.021688,1.103866,1.217143,518.751198,7.696437,2066.430072,20.839825,5.685431,8.907122,0.738456,0.502333,7.818958,181.519796,8899.265555,40.666836,64.043369,68.006731,119.838607,67.266247,3993.33918,922.936789,0.289144,119.640183,9611.312288,110.866757,8.259666,6.51,1162.88384,10.843606,3.407355,127.795773,6.005324,1.355999,0.384497,3.177339,47.201225,2.765231,5139.912683,3.64,2.433921,25.842001,3.7504,1.515754,32.680325,1.341032,6.2505,33.27676,1262.0068,5.021015,1700.000867,16045.04713,6.922171
5/15/2007,3.67275,94.533648,3.074315,1.200777,68.986995,1.446056,0.37655,7.997166,1.994812,1.099786,1.216323,519.035741,7.688587,1998.712512,20.868106,5.692389,8.933447,0.736067,0.504458,7.814211,183.527002,8796.732977,40.710295,63.480573,67.272689,120.32592,67.422706,4006.148146,924.395883,0.289211,119.531618,9603.846802,110.894799,8.266388,6.51,1162.649084,10.809362,3.400657,127.835359,6.03196,1.356394,0.384497,3.167384,47.057585,2.794578,5124.959551,3.64,2.426591,25.931111,3.7503,1.516686,33.188468,1.334233,6.2505,33.349999,1264.997636,5.023449,1696.999143,16044.91166,6.932111
5/22/2007,3.672195,94.63187,3.07317,1.217076,69.102147,1.450916,0.3765,7.998543,1.936343,1.084594,1.230338,523.329638,7.655088,1970.468037,20.954948,5.694162,8.933622,0.742875,0.506668,7.823933,184.268103,8699.928408,40.295196,62.375502,67.998603,121.491808,66.778365,4006.771622,930.779349,0.288036,120.10674,9594.326966,110.822635,8.316287,6.51,1163.842054,10.756911,3.385676,127.886862,6.042919,1.374607,0.384497,3.16223,45.998445,2.810019,5121.391415,3.64,2.428654,25.874872,3.75015,1.532994,32.79255,1.320886,6.2505,33.411119,1265.059611,5.015312,1662.038695,16059.96336,7.032945
5/29/2007,3.67205,94.327407,3.078062,1.220232,69.100681,1.454897,0.3765,7.995854,1.939221,1.076174,1.222977,525.621028,7.650708,1924.352058,20.977568,5.694076,8.941756,0.742331,0.504269,7.819192,185.096337,8823.637462,40.329918,61.781035,68.001851,121.617926,66.848888,4007.447435,927.598084,0.288603,122.040272,9585.09031,110.785327,8.276678,6.51,1162.903464,10.794888,3.393656,127.907719,6.006264,1.374019,0.384497,3.182502,46.174581,2.824783,5120.278352,3.64,2.418583,25.829426,3.7502,1.527663,32.865863,1.323991,6.2505,33.038313,1252.006218,5.024511,1699.423303,16065.02813,7.130016
6/5/2007,3.67275,93.822484,3.065918,1.19323,69.109133,1.443645,0.3765,7.994017,1.93407,1.059759,1.218016,525.065341,7.641594,1876.229377,20.99986,5.698702,8.954037,0.739384,0.501599,7.808056,185.609996,8808.637188,40.305053,63.227904,68.249769,121.43544,66.826918,4006.123271,926.798673,0.288103,121.591018,9588.28525,110.70953,8.266523,6.51,1161.997266,10.786319,3.405999,127.794881,5.972726,1.330851,0.384497,3.175499,45.787126,2.81747,5129.718671,3.64,2.405597,25.901345,3.7504,1.529213,32.84496,1.313817,6.2505,33.03948,1262.000953,5.02699,1679.996767,16094.96615,7.14719
6/12/2007,3.67265,94.824193,3.077254,1.186402,68.796221,1.469826,0.3765,7.998575,1.943605,1.063536,1.241855,527.515869,7.644256,1922.189955,21.343359,5.69412,8.957345,0.750522,0.50629,7.816342,189.71905,9007.727295,40.539481,63.484451,68.188383,121.779804,66.71518,4006.807613,929.734664,0.288088,121.600689,9594.309479,110.907224,8.36956,6.51,1159.97151,10.923949,3.447327,127.754459,6.083218,1.331751,0.384497,3.182112,46.315281,2.86864,5160.349749,3.64,2.453437,25.974262,3.7504,1.539494,32.4974,1.336149,6.2505,33.054208,1261.823357,5.029007,1649.999622,16100.01499,7.214824
6/19/2007,3.672705,94.178587,3.074926,1.182554,69.021029,1.45867,0.3765,7.883127,1.906598,1.064691,1.240329,523.67945,7.617487,1898.527364,21.329738,5.69863,8.978208,0.74529,0.503049,7.817875,186.178967,8966.478694,40.629562,62.299485,68.354475,123.406319,66.346764,4006.054174,927.68106,0.288129,122.393753,9616.264866,110.970941,8.332792,6.51,1161.200977,10.761135,3.436674,127.768587,6.025309,1.32248,0.384497,3.16721,46.162702,2.832649,5139.788085,3.64,2.412693,25.875316,3.75025,1.537704,32.269313,1.302994,6.2505,33.183792,1254.245758,5.040498,1633.49953,16104.99634,7.085273
6/26/2007,3.67275,93.568903,3.085168,1.179647,69.111095,1.446509,0.3765,7.887791,1.945173,1.069507,1.22833,528.200286,7.61655,1956.340336,21.324639,5.698205,8.980148,0.742558,0.500136,7.812923,183.964319,9081.901367,40.866534,62.838039,68.36892,123.279221,66.113354,4008.302385,926.457375,0.288127,121.537204,9618.060253,111.199684,8.298747,6.51,1162.208522,10.83956,3.475678,127.760461,5.95218,1.30389,0.384497,3.182492,46.324965,2.821174,5150.390985,3.64,2.361688,25.868279,3.7504,1.537734,32.051857,1.323708,6.2505,32.81011,1246.999851,5.010003,1609.998886,16119.99851,7.176448
7/3/2007,3.672705,93.149205,3.089854,1.170039,68.902176,1.443826,0.3765,7.887573,1.910643,1.058866,1.215908,525.256812,7.595151,1959.942911,21.156038,5.69548,8.980109,0.734677,0.496016,7.812999,180.885983,9033.976468,40.440765,62.098375,68.281455,122.443518,66.494007,4006.412418,917.778807,0.288118,121.879361,9614.086758,111.338546,8.234443,6.51,1162.484758,10.765229,3.445674,127.741959,5.829753,1.278357,0.384497,3.175117,45.815492,2.761709,5175.938027,3.64,2.295285,25.737755,3.75025,1.523315,31.744104,1.294648,6.2505,32.831094,1248.079207,5.022506,1605.999265,16122.01228,6.977237
7/10/2007,3.672705,93.004615,3.099941,1.160775,68.697696,1.424129,0.3765,7.884176,1.895394,1.050568,1.207358,519.587914,7.583169,1952.420787,20.919269,5.69406,8.979403,0.729001,0.494346,7.816299,179.953907,9000.753954,40.316946,60.888336,68.569154,122.322097,66.801573,4006.866559,919.834191,0.288112,121.524992,9590.012001,111.568505,8.187689,6.51,1162.374448,10.791103,3.439165,127.640749,5.818764,1.284413,0.384497,3.172395,45.900293,2.758305,5162.154182,3.64,2.300744,25.638124,3.7504,1.516951,31.285874,1.289638,6.2505,32.798195,1259.135892,5.004436,1634.998094,16124.97432,7.003552
7/17/2007,3.6726,92.657835,3.105655,1.145158,68.712573,1.413163,0.3765,7.870278,1.864845,1.043721,1.202634,515.462002,7.563494,1927.567976,20.527025,5.688313,8.9786,0.725684,0.488811,7.81994,178.408211,9063.977023,40.262058,60.126352,68.279909,122.232879,67.063118,4005.435328,918.111101,0.286864,121.654983,9549.578317,111.817186,8.154712,6.51,1162.356132,10.766798,3.443997,127.617297,5.725887,1.264294,0.384497,3.172307,45.164857,2.723913,5158.31196,3.64,2.27696,25.580818,3.75025,1.517593,30.141589,1.278113,6.2505,32.862182,1271.998954,5.001981,1663.997401,16124.94009,6.9727
7/24/2007,3.672795,92.438698,3.137609,1.131389,68.688824,1.41785,0.3765,7.883965,1.847283,1.039652,1.203793,516.275456,7.564348,1916.035193,20.367813,5.669149,8.97686,0.723291,0.484825,7.821519,177.988051,9054.60216,40.165301,59.047206,66.754799,120.577989,67.826797,4004.444538,913.994493,0.286936,122.82615,9536.792091,111.762332,8.125493,6.51,1163.522967,10.789078,3.401669,127.63693,5.731737,1.238072,0.384497,3.172798,44.837557,2.718499,5148.08003,3.64,2.257571,25.305551,3.75015,1.505123,29.641728,1.23831,6.2505,32.810948,1274.000513,5.002096,1665.999046,16127.12832,6.832356
7/31/2007,3.672455,92.700774,3.120133,1.165039,68.600764,1.42718,0.3765,7.811529,1.868354,1.063452,1.203344,521.091098,7.573037,1965.835148,20.463414,5.651366,8.9785,0.729944,0.491479,7.825672,183.035808,9233.566066,40.208172,61.019917,68.170495,119.108815,67.309876,4007.790954,919.167968,0.282046,123.58953,9537.955351,111.7822,8.169045,6.51,1163.318305,10.922901,3.455341,127.478099,5.810645,1.300285,0.384497,3.172886,45.367794,2.764281,5150.215963,3.64,2.298966,25.47216,3.75035,1.513393,29.956673,1.275881,6.2505,32.866938,1261.996469,5.000992,1659.49741,16134.96301,7.104281
8/7/2007,3.672795,92.352815,3.143228,1.169838,68.488599,1.411821,0.37655,7.768991,1.903821,1.055057,1.194099,521.473395,7.57021,1974.978363,20.417499,5.6437,8.981191,0.726545,0.493982,7.828789,181.890386,9337.699032,40.294026,63.165144,68.826521,118.629184,66.450553,4010.534022,923.187571,0.281542,124.381343,9548.001595,111.86744,8.158851,6.51,1167.456235,10.962004,3.467844,127.547636,5.797194,1.311129,0.384497,3.162439,45.522456,2.743947,5142.401624,3.64,2.304429,25.463004,3.75015,1.51516,30.268393,1.273829,6.2505,32.934751,1272.005742,4.995009,1718.001001,16160.03451,7.061404
8/14/2007,3.672795,92.975992,3.150238,1.19392,68.598854,1.432747,0.37655,7.762144,1.96888,1.062298,1.209572,521.670795,7.577351,2013.66697,20.601777,5.643589,8.982776,0.737286,0.500068,7.822199,187.984394,9352.698212,40.643727,65.712604,68.816378,118.08695,66.57387,4007.786601,932.259291,0.282184,125.43132,9559.670223,111.945342,8.261836,6.51,1175.960982,11.039556,3.478489,127.218717,5.875544,1.370567,0.384497,3.145965,45.775037,2.788389,5149.768428,3.64,2.352455,25.557627,3.75065,1.52294,31.595032,1.307819,6.2505,33.010843,1274.004385,5.006527,1702.003823,16210.05401,7.266177
8/21/2007,3.672705,93.030503,3.156462,1.247789,68.639694,1.449376,0.3765,7.762285,2.027086,1.061166,1.204154,523.005652,7.591807,2131.992817,20.497061,5.675268,8.984381,0.741859,0.504427,7.809098,193.128552,9460.951282,41.027206,66.834468,68.940002,114.484837,66.995618,4017.402961,943.408691,0.281839,125.059825,9582.158425,112.045104,8.278627,6.51,1184.594411,11.11956,3.49699,127.080744,5.93564,1.422942,0.384497,3.177366,46.821986,2.846757,5147.692882,3.64,2.415406,25.803707,3.75045,1.529083,32.762443,1.360202,6.2505,32.995863,1278.88455,4.995007,1759.000926,16240.01125,7.375457
8/28/2007,3.67255,93.313759,3.168235,1.216032,68.80388,1.432717,0.3765,7.761567,1.980297,1.059551,1.19933,525.46485,7.555333,2129.652493,20.285506,5.650936,8.983013,0.733486,0.497736,7.799796,188.688008,9404.741576,41.021234,63.81733,68.275868,114.888702,67.067091,4018.001464,939.725169,0.281619,126.241581,9621.727605,112.864488,8.202314,6.51,1183.953147,11.096008,3.494333,127.122479,5.82521,1.417003,0.384497,3.163589,46.725971,2.80445,5165.527086,3.64,2.384467,25.697132,3.75045,1.523778,32.674199,1.328774,6.2505,33.048282,1273.997065,5.000974,1795.00366,16243.96041,7.259587
9/4/2007,3.67275,93.771251,3.163984,1.214387,68.80062,1.440251,0.3765,7.747243,1.958183,1.050658,1.211632,523.199081,7.549336,2163.220519,20.347815,5.655109,8.985894,0.734982,0.496917,7.79543,188.044933,9412.240478,40.776963,65.095729,68.301758,115.938953,66.784251,4013.537938,939.103854,0.281682,124.535025,9616.938954,113.074201,8.273956,6.51,1186.779293,11.033283,3.508794,127.079257,5.824168,1.434888,0.384497,3.172606,46.675371,2.816127,5147.6695,3.64,2.437815,25.598522,3.75065,1.527466,32.46421,1.30558,6.2505,33.064872,1271.97609,5.009997,1773.994245,16224.988,7.2392
9/11/2007,3.672705,93.148251,3.151286,1.207098,68.487995,1.420456,0.3765,7.758172,1.927022,1.043943,1.187543,515.836369,7.522827,2189.624706,19.977765,5.672087,8.98635,0.723021,0.492153,7.785264,184.125115,9438.492648,40.402896,65.002894,69.149313,114.025416,67.096228,4016.039916,936.42183,0.280833,122.236042,9618.889178,113.260088,8.121907,6.51,1181.009541,11.093614,3.511986,127.055501,5.679493,1.420237,0.384497,3.172483,47.057632,2.741247,5107.511571,3.64,2.410049,25.384679,3.75025,1.521004,32.304163,1.285982,6.2505,33.104686,1257.998264,5.000007,1767.502311,16225.45558,7.173544
9/18/2007,3.6726,92.41324,3.135623,1.188603,68.431665,1.406427,0.3765,7.752775,1.901337,1.021059,1.186236,513.835257,7.522579,2127.848057,19.790385,5.633865,8.979481,0.718424,0.499511,7.788254,182.841306,9391.615883,40.367416,64.996034,70.1134,115.771552,67.086297,4023.582253,930.321481,0.281031,121.424149,9617.688108,113.545094,8.116751,6.51,1187.628672,11.097283,3.486666,126.735546,5.626888,1.394868,0.384497,3.133666,46.120395,2.728564,5064.869886,3.64,2.4302,25.278151,3.7504,1.515398,31.914979,1.262815,6.2505,33.148323,1246.001233,5.010747,1753.497905,16219.99308,7.177302
9/25/2007,3.671855,91.975768,3.146826,1.151767,68.421556,1.391159,0.37635,7.682256,1.870189,1.001474,1.167686,513.49609,7.512434,2033.522696,19.520122,5.591361,8.984434,0.707596,0.495966,7.767739,177.596544,9169.205273,39.551139,62.484049,69.853947,114.438181,67.130383,4025.907025,920.892274,0.280195,121.340703,9614.129803,113.457568,7.99224,6.51,1186.153623,10.955557,3.437155,126.60138,5.521524,1.35127,0.384497,3.122539,45.191498,2.67333,5087.558812,3.64,2.400166,25.05474,3.74325,1.500996,31.899037,1.233104,6.2505,32.99095,1229.003679,5.057008,1744.000706,16100.0212,6.994666
10/2/2007,3.6725,91.710684,3.148545,1.128897,68.299311,1.386111,0.37645,7.646635,1.820519,0.998011,1.175294,507.165547,7.507154,2014.453603,19.422932,5.577065,8.985179,0.706254,0.489812,7.762486,177.501278,9090.600575,39.658182,61.786092,70.298145,115.796695,66.845392,4024.059351,914.341145,0.279599,120.990637,9608.563855,113.458439,7.967583,6.51,1182.490724,10.903995,3.405004,126.449581,5.429532,1.316829,0.384497,3.056114,44.969927,2.660925,5123.962637,3.64,2.381502,24.96362,3.743155,1.482687,31.714956,1.209177,6.2505,32.610687,1242.995934,5.04655,1746.89808,16077.49156,6.904328
10/9/2007,3.67255,91.943441,3.163759,1.115066,68.752616,1.39004,0.3765,7.70039,1.812323,0.985375,1.185202,503.451492,7.514246,1997.048214,19.551735,5.570516,9.017087,0.709864,0.492038,7.75976,177.89603,9078.978631,39.069264,60.675358,69.603544,117.148552,66.869333,4046.636254,918.387756,0.281109,121.745972,9681.539147,113.881112,8.059155,6.51,1190.373242,10.849428,3.396845,126.710384,5.468579,1.309053,0.384497,3.043065,44.417741,2.672081,5087.265281,3.64,2.380085,25.071782,3.745405,1.473257,31.429915,1.187288,6.2505,32.667115,1240.702258,5.087633,1763.703296,16193.4097,6.868997
10/16/2007,3.67275,91.325456,3.161091,1.12739,68.706656,1.389022,0.3765,7.651499,1.822685,0.979679,1.183209,498.033687,7.516627,1987.133,19.454796,5.540913,8.988551,0.706146,0.492186,7.754561,177.454576,9067.727295,39.294081,60.954064,70.761187,116.701232,66.612801,4007.696869,917.339242,0.278909,120.857894,9618.661908,113.473123,7.97248,6.51,1178.074155,10.836692,3.382653,126.31871,5.414419,1.336626,0.384497,3.031215,44.174633,2.628693,5080.077286,3.64,2.362189,24.924141,3.74415,1.467883,31.389182,1.223328,6.2505,32.624821,1166.00229,5.050507,1732.452307,16080.50968,6.879613
10/23/2007,3.67255,91.081024,3.158013,1.117053,68.645681,1.370291,0.3765,7.643675,1.796255,0.965645,1.173097,504.322077,7.5039,2012.918277,19.069837,5.521822,8.984061,0.701631,0.487918,7.750827,176.577275,9148.579985,39.532277,60.474253,70.864042,114.692393,66.970098,4002.37821,918.053511,0.278087,120.759204,9605.981268,112.400286,7.902864,6.51,1177.980132,10.821919,3.372842,124.889114,5.400724,1.323833,0.384497,3.031326,44.094939,2.565455,5083.449741,3.64,2.374017,24.920768,3.74265,1.464703,31.522906,1.212866,6.2505,32.599582,1134.302385,5.045235,1751.152575,16082.4798,6.726715
10/30/2007,3.6725,90.886583,3.15078,1.088301,68.168918,1.357545,0.37645,7.641309,1.753958,0.954063,1.161137,494.707825,7.471823,2001.021702,18.637759,5.525811,8.987693,0.693152,0.483739,7.750118,174.162378,9122.326058,39.286141,60.192962,70.729986,114.75347,67.083402,4025.832019,906.923219,0.277164,120.953028,9608.312556,111.269997,7.85208,6.51,1178.116707,10.723182,3.344826,124.63343,5.353965,1.308013,0.384497,3.017277,43.831122,2.525231,5057.542139,3.64,2.321494,24.638588,3.74265,1.450723,31.577638,1.19128,6.2505,32.4134,1168.397591,5.052573,1740.249778,16080.79357,6.572436
11/6/2007,3.67195,90.163703,3.126378,1.079334,68.599176,1.347638,0.3764,7.57802,1.730183,0.924696,1.145394,499.499044,7.453424,2013.685272,18.522106,5.493389,8.986145,0.687152,0.479202,7.763528,173.402256,9131.704298,39.237593,58.678765,70.791415,114.623559,66.712863,4003.527153,907.355785,0.276633,120.838404,9577.195161,110.049801,7.780265,6.51,1177.588465,10.701949,3.338015,124.214468,5.349039,1.286581,0.384497,3.011074,43.641218,2.500653,4987.200533,3.64,2.315658,24.683406,3.7452,1.447242,31.460572,1.172636,6.2505,32.398025,1128.847721,5.047957,1706.749873,16073.01141,6.512167
11/13/2007,3.67195,89.987451,3.13477,1.118324,68.345851,1.338958,0.37625,7.579182,1.76736,0.95923,1.126018,506.634542,7.432212,2041.846619,18.25705,5.501735,8.986811,0.684921,0.482737,7.785897,174.026256,9181.578497,39.296975,60.395701,71.146736,110.456771,66.654501,3976.632632,917.45255,0.27635,120.661276,9573.076132,110.480742,7.775138,6.51,1177.770164,10.904382,3.347486,123.638507,5.425565,1.321431,0.384497,3.003906,42.956308,2.495037,4949.618482,3.64,2.360192,24.602233,3.745105,1.448143,31.601449,1.202228,6.2505,32.323619,1130.14459,5.03612,1697.097868,16064.9558,6.740253
11/20/2007,3.671245,89.436163,3.131225,1.127312,68.382388,1.322837,0.37575,7.575305,1.76094,0.983218,1.108415,508.242673,7.422606,2057.144423,18.04657,5.521256,8.984254,0.675693,0.484449,7.781704,172.464958,9370.993014,39.296428,62.874535,70.570236,109.947682,64.923509,3972.601629,922.11729,0.276001,120.561619,9525.326935,110.482456,7.689367,6.51,1177.636603,10.982872,3.362848,123.629298,5.401004,1.318046,0.384497,3.010148,43.123977,2.493744,4953.56951,3.64,2.365434,24.325581,3.73565,1.448207,31.483215,1.192458,6.2505,32.356279,1133.301794,5.021998,1713.298951,16056.74315,6.726674
11/27/2007,3.67205,81.349137,3.147494,1.143981,68.623644,1.314922,0.37565,7.583499,1.851372,0.99534,1.10182,514.765257,7.38613,2084.725511,17.994409,5.53371,8.989451,0.673861,0.483417,7.784242,173.815845,9408.490478,39.681112,63.089956,71.01993,108.270257,61.76385,3976.840125,930.295668,0.274093,120.742433,9492.686532,110.423906,7.650308,6.51,1178.44593,10.995183,3.373985,123.511825,5.443897,1.315998,0.384497,3.025983,42.737613,2.484201,4969.409665,3.64,2.421847,24.311844,3.7424,1.442965,31.145893,1.224878,6.2505,32.318654,1193.240837,5.042524,1705.49969,16050.98935,7.020232
12/4/2007,3.672105,82.063274,3.138876,1.144213,68.553894,1.326786,0.37555,7.615835,1.821627,1.01002,1.117664,506.915634,7.401407,2051.682324,17.835944,5.534031,8.979504,0.677572,0.485659,7.79052,171.811156,9306.197826,39.345912,61.902178,71.3484,109.806202,64.025354,3982.888961,922.635925,0.274189,120.719531,9436.067306,110.244828,7.704812,6.51,1170.649759,10.911491,3.342152,123.342532,5.495307,1.305169,0.384497,3.001798,42.124916,2.454582,4949.045955,3.64,2.413998,24.468354,3.7424,1.446463,30.574069,1.186878,6.2505,32.327927,1163.950306,5.058405,1715.496708,16016.46074,6.821678
12/11/2007,3.67275,82.276618,3.14391,1.134632,68.603962,1.333026,0.37555,7.58174,1.767489,1.011683,1.133168,497.122709,7.380761,2002.553852,17.743536,5.52698,8.988704,0.681389,0.489976,7.79768,171.696288,9456.25,39.285162,61.252726,71.25192,111.429867,63.030094,3958.920436,924.084728,0.274122,120.727746,9425.063165,108.941716,7.745929,6.51,1172.211364,10.807114,3.312989,122.985764,5.449161,1.278654,0.384497,2.98277,41.379918,2.436205,4927.922067,3.64,2.397317,24.573496,3.7424,1.442069,30.280682,1.170198,6.2505,32.354059,1157.092558,5.063799,1710.249711,16030.01968,6.719614
12/18/2007,3.6729,83.404027,3.136076,1.163413,68.590142,1.356698,0.3759,7.578333,1.805998,1.006863,1.152189,499.229874,7.382215,2007.153258,18.240258,5.537206,9.042278,0.69429,0.496345,7.801207,176.187001,9413.537519,39.48427,62.909267,70.643116,113.297067,62.632575,3948.17107,939.149547,0.274364,120.750305,9395.641374,108.953311,7.850068,6.51,1172.131716,10.850513,3.351413,122.957018,5.574231,1.324728,0.384497,2.982677,41.962336,2.505203,4940.276144,3.64,2.455998,24.732861,3.747145,1.459388,30.468566,1.189605,6.2505,32.523485,1136.913022,5.05994,1705.749695,16039.97141,6.914215
12/25/2007,3.67265,83.350756,3.133687,1.147847,68.2924,1.358404,0.37605,7.635017,1.791249,0.985358,1.156938,495.665743,7.35849,1992.017485,18.428264,5.525157,9.039787,0.694651,0.50557,7.804919,176.500825,9424.481997,39.330123,63.40464,71.31829,114.197161,63.529322,3950.449825,939.750475,0.274547,120.95921,9333.988171,108.537652,7.833273,6.51,1167.191925,10.81576,3.339989,122.859774,5.557066,1.301272,0.384497,2.978244,41.350113,2.504098,4962.887627,3.64,2.423122,24.753677,3.751945,1.452869,30.168686,1.182652,6.2505,32.50734,1114.996946,5.06199,1698.74739,16039.42911,6.985728
1/1/2008,3.6726,82.692923,3.148163,1.141399,68.289553,1.328599,0.376,7.57599,1.771864,0.989256,1.131935,497.827726,7.306362,2016.232131,18.124238,5.525868,9.039896,0.683796,0.502673,7.798132,172.789683,9413.23121,39.346065,62.427824,70.996541,111.743254,63.747009,3951.632505,936.190065,0.273178,120.658705,9348.980576,108.632009,7.714765,6.51,1169.048605,10.916922,3.306988,123.155913,5.418842,1.298577,0.384497,3.004574,41.264793,2.441071,4976.686124,3.64,2.451909,24.411697,3.750045,1.438703,29.726722,1.168681,6.2505,32.432863,1141.999742,5.047906,1692.752003,16010.02112,6.83914
1/8/2008,3.6725,84.150573,3.13437,1.135673,68.411108,1.330034,0.3758,7.581728,1.755232,1.000835,1.115252,489.696015,7.266049,2005.929969,17.754582,5.476799,9.043074,0.679785,0.506782,7.80174,173.044854,9468.827265,39.146716,62.142129,70.618752,109.413784,65.100812,3950.908695,939.144306,0.273171,120.633572,9313.53732,108.402632,7.724655,6.51,1168.771324,10.883863,3.270831,123.063218,5.362873,1.290855,0.384497,3.004574,40.786202,2.444339,4992.603579,3.64,2.4417,24.367037,3.7504,1.431541,29.728385,1.159833,6.2505,32.464914,1163.001074,5.055582,1705.252923,15996.55416,6.873986
1/15/2008,3.67275,81.091533,3.139105,1.118032,68.41289,1.313862,0.37625,7.576234,1.743074,1.015628,1.090768,472.082997,7.240337,1953.589381,17.421711,5.461134,9.0707,0.673732,0.508567,7.797841,170.648924,9430.991485,39.213139,64.053473,71.517372,107.167164,67.616461,3959.073515,935.539844,0.272774,120.447801,9284.478013,108.244874,7.644404,6.51,1170.117489,10.917055,3.258143,122.805964,5.281881,1.281216,0.384497,3.004574,40.459966,2.400779,4922.798758,3.64,2.490387,24.353391,3.74995,1.428728,29.768239,1.15216,6.2505,32.213059,1150.258476,5.057496,1701.864636,15964.98154,6.789172
1/22/2008,3.67295,83.718089,3.157838,1.155633,68.390617,1.349397,0.3759,7.63326,1.809639,1.028376,1.099831,477.402394,7.242001,1999.272781,18.039869,5.549152,9.069956,0.685365,0.510966,7.809096,178.461935,9490.951358,39.370001,66.910446,70.267162,106.488325,70.753741,3947.818766,951.539789,0.273209,120.480262,9250.802604,107.93113,7.772004,6.51,1170.035664,10.946843,3.28835,122.786922,5.526592,1.314237,0.384497,3.004574,41.305008,2.51987,4930.051391,3.64,2.600055,24.777551,3.7503,1.440438,30.779425,1.218791,6.2505,32.466576,1161.020488,5.071485,1702.745431,15979.94346,7.176286
1/29/2008,3.6725,82.553818,3.148128,1.125347,68.598501,1.323912,0.37595,7.552845,1.774673,0.999682,1.092956,463.840433,7.195988,1964.387276,17.533017,5.56272,9.084866,0.676922,0.503152,7.805226,174.79762,9350.741544,39.312251,64.712651,71.756381,106.980303,72.955191,3946.901097,944.462854,0.273132,120.261566,9230.262311,108.068373,7.699466,6.51,1171.142371,10.853916,3.237097,122.906482,5.44162,1.28133,0.384497,3.004574,40.594815,2.448589,4927.754489,3.64,2.527471,24.412338,3.74945,1.420979,31.362065,1.176895,6.2505,32.297302,1152.997988,5.057501,1707.749882,15961.99771,7.180786
2/5/2008,3.6724,84.06541,3.159926,1.110642,68.602844,1.331574,0.3763,7.557976,1.755264,1.003103,1.100491,472.251094,7.184325,1928.788308,17.49812,5.5535,9.096694,0.682517,0.508811,7.798992,176.157955,9407.501022,39.432122,65.223312,71.997083,107.110133,70.773065,3914.143342,942.177445,0.273479,120.535385,9202.068151,107.757466,7.73362,6.51,1170.125014,10.812392,3.230713,122.914134,5.475297,1.27132,0.384497,3.004574,40.417608,2.437364,4937.743151,3.64,2.479514,24.57134,3.74985,1.417896,31.069938,1.173773,6.2505,31.991155,1147.997923,5.057001,1712.75143,15954.67559,7.535142
2/12/2008,3.67255,84.655862,3.163442,1.10477,68.391101,1.351365,0.3763,7.539578,1.748187,0.999015,1.102182,465.077907,7.185584,1899.30492,17.576848,5.517909,9.103365,0.685746,0.510736,7.797913,180.585426,9285.200036,39.616379,68.090521,71.235566,107.397519,69.784292,3949.735225,945.06302,0.273801,120.425005,9174.705943,108.007735,7.770387,6.51,1170.352793,10.751719,3.235672,122.71791,5.49199,1.262153,0.384497,3.004574,40.685194,2.479983,4923.206965,3.64,2.513637,24.677225,3.75,1.415898,32.144179,1.214757,6.2505,31.875561,1137.163881,5.060519,1711.872823,15955.00303,7.739513
2/19/2008,3.6726,83.406731,3.153205,1.08566,68.40221,1.333279,0.37625,7.539682,1.730473,1.012579,1.093592,464.734499,7.154075,1889.159996,17.181019,5.486582,9.11254,0.67855,0.512741,7.801004,179.055402,9171.075846,39.866618,66.761633,71.147092,107.581128,69.830861,3924.738109,944.306789,0.273489,120.207479,9131.660833,107.847433,7.703261,6.51,1169.983388,10.744005,3.222317,122.899041,5.331437,1.24645,0.384497,3.004574,40.542692,2.420431,4963.336695,3.64,2.498502,24.551012,3.75015,1.412834,31.658144,1.192496,6.2505,31.67717,1154.4496,5.041964,1715.498243,15961.64354,7.650025
2/26/2008,3.6726,83.139857,3.159247,1.07599,68.339571,1.315627,0.3764,7.532774,1.692022,0.985468,1.081961,466.604702,7.158414,1880.541435,16.847996,5.495113,9.114495,0.669979,0.505429,7.794054,173.712317,9087.975379,39.866815,66.122092,70.533327,107.602501,70.585629,3903.227323,947.077784,0.272935,120.752841,9032.320223,107.830765,7.648599,6.51,1169.65119,10.748658,3.212428,122.690135,5.291231,1.236127,0.384497,3.004574,40.420239,2.37347,4931.730022,3.64,2.490148,24.348812,3.74995,1.405053,30.283297,1.191797,6.2505,31.192868,1174.892315,5.055307,1708.001059,15939.02151,7.577473
3/4/2008,3.6726,81.983653,3.15582,1.078089,68.373056,1.285587,0.37645,7.529833,1.675234,0.99287,1.036796,454.612887,7.106839,1846.911362,16.384233,5.48421,9.101328,0.657497,0.503532,7.783679,173.436083,9107.327387,40.254499,66.098908,70.450353,103.053428,66.876096,3904.927838,947.444771,0.272251,120.746244,8953.71965,107.83748,7.510907,6.51,1171.747915,10.704032,3.185663,122.545025,5.166836,1.251699,0.384497,3.004574,40.504785,2.322899,4904.373826,3.64,2.455157,24.025467,3.7503,1.388998,31.565766,1.217606,6.2505,30.918267,1164.601065,5.050396,1707.999145,15922.96916,7.88584
3/11/2008,3.67315,81.356835,3.153648,1.080234,68.447943,1.277417,0.3764,7.613965,1.694476,0.993485,1.029885,439.34092,7.103617,1937.097393,16.350398,5.468909,9.174131,0.652249,0.498409,7.789494,170.236226,9390.251317,40.271717,68.060342,70.530231,103.205117,66.195683,3907.04038,972.550569,0.271216,120.692793,8831.299824,107.500051,7.450682,6.51,1171.066227,10.793115,3.196161,122.381984,5.134802,1.243321,0.384497,3.004574,40.947839,2.297809,4898.129901,3.64,2.406065,23.758796,3.75045,1.387678,31.55668,1.233135,6.2505,30.599095,1167.894122,5.035212,1708.001857,15876.03433,7.866598
3/18/2008,3.672455,78.766916,3.1487,1.078042,68.573855,1.241898,0.3765,7.510156,1.703429,0.993506,0.993572,432.561569,7.080934,1913.910348,16.060319,5.483472,9.20245,0.636171,0.496013,7.770885,163.444137,9400,40.297084,77.224019,71.626718,98.17021,64.064453,3950.180299,1012.032167,0.266285,120.729582,8784.20544,107.627896,7.281196,6.51,1171.494839,10.719112,3.162735,122.317692,5.118053,1.243523,0.384497,3.004574,41.392426,2.238095,4887.995184,3.64,2.361092,23.559299,3.74905,1.377025,31.178957,1.235698,6.2505,30.701112,1190.501236,5.017054,1707.99806,15866.99322,8.021919
3/25/2008,3.67315,79.510723,3.159772,1.0935,68.562455,1.256148,0.3765,7.485613,1.73734,1.017838,1.009355,450.266326,7.046451,1912.66635,16.347316,5.476665,9.195437,0.641391,0.500676,7.779129,165.2247,9388.751686,40.013973,75.887983,71.81225,100.271844,63.481563,3907.165245,980.933911,0.266771,120.624807,8748.734665,107.835232,7.366645,6.51,1168.424363,10.687585,3.197921,122.37713,5.188904,1.246636,0.384497,3.004574,41.407813,2.267968,4795.077202,3.64,2.376667,23.572191,3.74905,1.382875,31.504841,1.247733,6.2505,30.090721,1205.098394,4.994984,1684.248818,15814.15062,8.05951
4/1/2008,3.67315,78.394686,3.167785,1.102106,68.633131,1.248157,0.3766,7.47167,1.748182,1.024994,1.009494,445.992184,7.012094,1915.499576,16.081306,5.458001,9.198359,0.640407,0.505054,7.787604,165.148944,9417.250958,39.948818,76.871009,71.195233,101.427593,63.061361,3835.897727,985.324394,0.266174,120.664185,8740.087739,107.776593,7.330819,6.51,1167.485223,10.616326,3.188571,122.659283,5.172719,1.276415,0.384497,3.004574,41.482654,2.241826,4758.391079,3.64,2.377387,23.5472,3.74905,1.378969,31.46222,1.313515,6.2505,30.330389,1195.50175,4.995018,1685.749384,16099.99866,8.050353
4/8/2008,3.67315,77.946452,3.159438,1.078242,68.567568,1.245256,0.37655,7.44672,1.702928,1.013811,1.013544,444.443929,7.001647,1906.120145,15.927568,5.444376,9.213882,0.636586,0.507939,7.789975,161.610968,9189.826446,39.959253,72.951446,71.86078,102.564477,64.631799,3914.529527,976.786148,0.266065,120.536875,8733.499873,107.606886,7.313732,6.51,1166.702778,10.558556,3.187873,122.691375,5.064734,1.258027,0.384497,3.004574,41.594992,2.204346,4764.830792,3.64,2.347959,23.592326,3.74975,1.380317,31.700898,1.291428,6.2505,30.520923,1207.318937,5.001517,1687.241675,16100.05225,7.786277
4/15/2008,3.67315,77.408173,3.156143,1.081791,68.629759,1.235668,0.3765,7.438044,1.683769,1.019943,1.002615,463.145873,6.993824,1798.24967,15.690345,5.439222,9.219818,0.63311,0.509292,7.793462,159.361601,9189.829776,39.954051,74.298711,72.257101,101.356808,61.69766,3939.259313,989.21183,0.265695,120.349838,8726.749179,107.84631,7.267344,6.51,1166.211012,10.470189,3.16685,122.732987,5.00278,1.272347,0.384497,3.004574,41.740182,2.154599,4730.300348,3.64,2.27851,23.388013,3.75045,1.357343,31.599234,1.316372,6.2505,30.300933,1227.02131,4.949353,1681.260024,16103.43253,7.934288
4/22/2008,3.67315,76.408681,3.173882,1.057864,68.414871,1.227679,0.37655,7.38188,1.659256,1.006467,1.004229,454.996005,6.99002,1777.250992,15.707885,5.386713,9.21048,0.62536,0.501259,7.794534,158.19205,9182.326233,39.930343,74.276568,72.168305,102.996795,61.523468,3930.163624,998.061343,0.26538,120.182564,8683.013433,107.740055,7.212301,6.51,1162.520934,10.517404,3.138019,122.749898,4.962509,1.260883,0.384497,3.004574,41.772348,2.143494,4243.080827,3.64,2.228432,23.477253,3.75045,1.350995,31.443253,1.308859,6.2505,30.28261,1230.662036,4.894231,1681.007112,16063.12039,7.645615
4/29/2008,3.67315,78.561184,3.170552,1.071034,68.654547,1.256063,0.37655,7.355201,1.701267,1.012907,1.036567,466.750178,6.985569,1775.716043,16.227008,5.393975,9.234174,0.641951,0.505873,7.792322,162.811043,9208.576917,40.40776,73.983688,72.282393,103.818144,62.353795,3923.760035,1001.602069,0.266437,120.603309,8725.051249,107.882216,7.3453,6.51,1163.514649,10.5151,3.152017,122.948526,5.128108,1.287695,0.384497,3.004574,42.186256,2.219768,4084.11919,3.64,2.360275,23.712651,3.75045,1.360965,31.703016,1.28629,6.2505,30.426798,1195.982223,4.825393,1678.751307,16122.02505,7.591094
5/6/2008,3.67315,78.716855,3.175544,1.055651,68.616236,1.259541,0.3765,7.350981,1.660947,1.006362,1.049041,472.288077,6.987623,1764.178367,16.217006,5.351642,9.234201,0.643689,0.506994,7.793914,162.253569,9201.078846,40.975403,77.099433,72.382071,104.589755,61.635172,3929.88117,1015.24256,0.267101,120.47596,8740.701378,107.791852,7.372811,6.51,1164.377029,10.487112,3.150834,123.004051,5.060762,1.275793,0.384497,3.004574,42.35092,2.21355,4086.749627,3.64,2.355292,23.787701,3.75045,1.35864,31.68908,1.256707,6.2505,30.472682,1210.150386,4.80561,1676.855159,16144.99079,7.53909
5/13/2008,3.67315,78.77302,3.176148,1.061641,68.5842,1.264018,0.3765,7.325819,1.661422,1.003295,1.050336,471.815324,6.989525,1783.200324,16.120833,5.356224,9.240276,0.645698,0.513519,7.797613,161.549877,9259.815668,42.108993,79.331739,71.423355,104.409694,61.608961,3942.10475,1045.83801,0.266757,120.60765,8761.778841,107.6944,7.416353,6.51,1163.845428,10.482696,3.21914,123.017712,5.064582,1.299615,0.384497,3.004574,42.736446,2.186906,4037.428618,3.64,2.359225,23.893881,3.75045,1.370594,32.290878,1.250728,6.2505,30.869985,1207.767304,4.799767,1663.749496,16154.96387,7.583026
5/20/2008,3.67315,78.038023,3.145586,1.042318,67.91151,1.250601,0.3765,7.297031,1.650331,0.992002,1.038881,472.816305,6.973847,1784.235865,16.018991,5.355604,9.240972,0.638434,0.5084,7.800339,156.878537,9278.563978,42.592799,73.764307,71.054294,103.889948,62.257704,3944.60805,1046.204442,0.266464,120.556538,8758.884328,107.814777,7.327799,6.51,1162.770938,10.391013,3.245521,122.943635,4.997823,1.289292,0.384497,3.004574,43.106224,2.166507,4070.906874,3.64,2.326541,23.628967,3.75045,1.366114,31.989303,1.23721,6.2505,30.568041,1199.994885,4.654291,1630.247203,16191.90741,7.642082
5/27/2008,3.67315,77.578868,3.138267,1.041751,68.600264,1.241,0.3765,7.263281,1.662569,0.991778,1.029044,488.50766,6.945818,1775.053457,15.97778,5.354537,9.250195,0.636069,0.505979,7.805954,155.193529,9337.698488,42.867126,72.614213,71.064337,103.904957,62.012621,3947.873528,1041.04279,0.265008,120.588907,8685.386548,107.836158,7.288252,6.51,1160.164879,10.397724,3.243292,117.833388,4.998983,1.26588,0.384497,3.004574,43.654817,2.155901,4038.969505,3.64,2.334515,23.507561,3.75045,1.362924,32.239306,1.248156,6.2505,30.53284,1182.001218,4.734896,1629.251231,16212.20241,7.760857
6/3/2008,3.67315,78.410281,3.083813,1.046991,68.600527,1.254291,0.3765,7.254927,1.621454,1.005375,1.038434,491.996691,6.928882,1740.03998,15.960189,5.391245,9.245501,0.645812,0.508269,7.805156,155.830811,9318.947045,42.564331,76.18162,69.995676,104.895677,61.977124,3948.942744,1017.457516,0.265124,120.555658,8649.653947,107.814432,7.333358,6.51,1159.950741,10.302491,3.224109,117.843493,5.12951,1.275259,0.384497,3.004574,43.773865,2.15802,4033.70363,3.64,2.327192,23.760642,3.75045,1.36149,32.619131,1.226896,6.2505,30.33025,1192.101225,4.730008,1623.750398,16250.02084,7.718811
6/10/2008,3.67315,78.391469,3.065086,1.056169,68.593417,1.259703,0.3765,7.216333,1.637464,1.025441,1.039356,483.518428,6.925073,1694.291543,15.765152,5.349938,9.246895,0.646283,0.511497,7.809956,159.957384,9337.698005,42.978542,76.935463,70.999453,107.088849,63.798763,3962.317248,1027.366809,0.265485,120.488182,8700.566727,107.86425,7.361061,6.51,1157.177818,10.387382,3.268486,117.870794,5.149292,1.322516,0.384497,3.004574,44.466428,2.17796,3996.10525,3.64,2.367337,23.574294,3.75045,1.370934,33.027689,1.250373,6.188,30.396745,1185.985701,4.729986,1592.788803,16024.95653,7.961468
6/17/2008,3.673,78.824683,3.039341,1.060941,68.485928,1.263692,0.3765,7.233419,1.61542,1.019876,1.043304,493.829186,6.893608,1663.578708,15.619161,5.345751,9.258564,0.644784,0.512044,7.809525,159.05645,9292.063195,42.822933,79.950895,71.76556,108.110142,64.21406,4027.330865,1021.092435,0.266068,120.81728,8729.401757,107.834898,7.390398,6.51,1157.2025,10.309048,3.242528,117.936213,5.186057,1.325163,0.384497,3.004574,44.110994,2.185243,3943.890089,3.64,2.362675,23.726297,3.75045,1.368596,33.184262,1.229244,6.163,30.337277,1167.999328,4.689996,1581.248107,16246.97164,8.016297
6/24/2008,3.67315,78.304467,3.021436,1.046549,68.482692,1.256305,0.37655,7.199104,1.607304,1.014318,1.039587,503.93389,6.870763,1738.465984,15.468341,5.346705,9.264857,0.641844,0.50778,7.808065,153.67865,9262.065469,42.852549,84.371788,70.746092,107.854894,64.541532,4029.715615,1033.164898,0.265496,120.797082,8710.195594,107.669932,7.359862,6.51,1156.045536,10.321223,3.254615,117.892213,5.115731,1.319312,0.384497,3.004574,44.547373,2.16232,3863.330646,3.64,2.361381,23.676089,3.75045,1.367323,33.525231,1.230799,6.163,30.431105,1169.317401,4.678201,1597.748796,16614.88476,8.034283
7/1/2008,3.67315,77.213479,3.024126,1.0486,68.524056,1.23982,0.37655,7.20872,1.608102,1.020896,1.018669,525.158657,6.858501,1892.794446,15.097259,5.337523,9.285109,0.633568,0.501495,7.799088,150.062623,9229.814698,43.246733,79.645008,71.263756,105.793023,65.165897,4011.245705,1051.896213,0.264933,120.76116,8685.107512,107.680082,7.277401,6.51,1157.395556,10.364383,3.270566,117.907731,5.072774,1.319272,0.384497,3.004574,45.141415,2.13065,3969.003709,3.64,2.311525,23.349882,3.75045,1.361164,33.451573,1.241556,6.163,30.379789,1173.221908,4.563534,1616.498067,16844.94859,7.906988
7/8/2008,3.67315,77.4961,3.019582,1.049497,68.302756,1.246775,0.37655,7.087084,1.605677,1.019512,1.030463,506.948367,6.852945,1746.024282,15.052056,5.348342,9.325574,0.637207,0.507365,7.801781,147.783884,9197.326207,43.262575,76.834321,70.749456,107.281832,66.089356,4157.333996,1028.514244,0.265192,120.477613,8672.054312,107.662438,7.30259,6.51,1155.521081,10.336191,3.258345,117.89157,5.122503,1.331204,0.384497,3.004574,45.753789,2.103908,3941.420788,3.64,2.281844,23.579155,3.7504,1.364434,33.71243,1.228095,6.163,30.408434,1177.442003,4.61505,1631.347291,16845.5066,7.762965
7/15/2008,3.672455,76.530523,3.022811,1.020485,68.647484,1.223149,0.37655,7.101896,1.595245,1.001142,1.008984,493.464111,6.821921,1767.431607,14.641382,5.316973,9.334176,0.628513,0.498674,7.798326,145.724195,9148.57788,43.122769,77.692308,71.272209,104.872065,67.432423,4160.074371,1007.980954,0.265066,120.17066,8671.424578,107.653017,7.18942,6.51,1156.944128,10.320702,3.218023,117.798029,5.041533,1.294972,0.384497,3.004574,45.389184,2.038149,3919.733521,3.64,2.256649,22.993625,3.748345,1.346691,33.477201,1.220048,6.163,30.403299,1153.338086,4.602578,1642.488687,16378.60913,7.652404
7/22/2008,3.67315,76.693649,3.021662,1.027483,68.467618,1.228605,0.37655,7.066752,1.581702,1.005866,1.024545,490.143221,6.823494,1795.687669,14.567238,5.299911,9.321979,0.632311,0.500632,7.79714,144.687628,9154.577314,42.673694,79.571581,71.744264,106.841617,67.760162,4144.327816,1016.048279,0.265539,119.980367,8581.388906,107.609874,7.214064,6.51,1155.579044,10.121213,3.236389,118.128419,5.080468,1.314179,0.384497,3.004574,44.447644,2.029524,3943.544859,3.64,2.24189,23.188916,3.75045,1.355533,33.365099,1.1975,6.163,30.370764,1166.496765,4.604999,1636.248954,16743.65073,7.526131
7/29/2008,3.67315,77.674825,3.015579,1.05021,68.521702,1.245346,0.37655,7.072253,1.573139,1.024996,1.042482,494.111644,6.827079,1791.690857,15.139501,5.305427,9.330917,0.640805,0.504307,7.802469,147.514003,9114.976579,42.603462,79.97453,71.408923,108.01424,67.519317,4125.019102,1007.800812,0.265888,120.219445,8598.655014,107.535062,7.291343,6.51,1154.395282,10.059476,3.263364,117.860132,5.159925,1.353445,0.384497,3.004574,44.343718,2.041834,3966.366536,3.64,2.260244,23.340626,3.75045,1.365879,33.490938,1.201891,6.163,30.474645,1164.004788,4.665005,1640.252165,16773.98236,7.442371
8/5/2008,3.67315,78.293852,3.037125,1.09173,68.520157,1.262876,0.37655,7.050004,1.571437,1.043214,1.053839,511.383216,6.854511,1772.548041,15.462791,5.305392,9.332741,0.646317,0.511719,7.804902,152.329621,9081.227973,42.198305,79.253568,71.856515,108.062492,66.566611,4079.81551,1017.125962,0.266039,120.125058,8612.633757,107.770496,7.378136,6.51,1153.119687,9.909285,3.275176,118.12967,5.188883,1.378676,0.384497,3.004574,44.011374,2.076516,3976.320827,3.64,2.2585,23.415124,3.75045,1.379033,33.617493,1.154735,6.138,30.739211,1151.905275,4.624998,1628.249748,16684.98838,7.384215
8/12/2008,3.67315,81.075805,3.033028,1.143201,68.538008,1.312011,0.37655,7.044865,1.620369,1.065173,1.087504,520.176792,6.86531,1840.043367,16.034199,5.309691,9.329183,0.670545,0.526517,7.808622,158.655171,9171.078384,42.357081,81.793788,71.826962,109.695392,67.214942,4141.710599,1033.784266,0.267439,120.093924,8643.073858,107.619949,7.612865,6.51,1153.802864,10.158918,3.324196,118.227523,5.37453,1.431536,0.384497,3.004574,44.657901,2.197156,3971.193289,3.64,2.373289,24.18032,3.75045,1.409607,33.663445,1.180918,6.138,31.177233,1162.599061,4.624999,1621.298021,16544.99591,7.794909
8/19/2008,3.67315,82.618966,3.030815,1.149929,68.665145,1.332572,0.37655,7.008905,1.639503,1.063078,1.094151,521.555884,6.863452,1888.723437,16.599971,5.362794,9.336585,0.677941,0.536368,7.810716,160.80701,9184.579107,43.551981,82.625877,72.041994,109.743609,67.89834,4132.939054,1050.437051,0.267779,120.245445,8670.554746,107.895893,7.743206,6.51,1152.382054,10.187961,3.334663,117.919059,5.404673,1.405688,0.384497,3.004574,45.504056,2.269401,3985.535859,3.64,2.395897,24.595892,3.75045,1.416572,34.089985,1.191759,6.1755,31.429253,1159.402569,4.596238,1617.147793,16664.46985,7.772066
8/26/2008,3.67315,83.149847,3.026547,1.169874,68.480268,1.339783,0.37655,7.000342,1.639967,1.0505,1.102185,523.593768,6.82454,1881.628714,16.800144,5.358972,9.330785,0.682892,0.544266,7.808342,161.880326,9174.830449,43.788063,83.305932,71.191273,109.735964,69.292218,4138.246356,1088.105759,0.267492,119.800287,8665.877791,107.660579,7.749939,6.51,1150.502699,10.177027,3.392889,117.799636,5.417007,1.438506,0.384497,3.004574,46.024934,2.277161,3968.512156,3.64,2.434789,24.657668,3.75045,1.425238,34.261539,1.193973,6.1755,31.543736,1163.7918,4.619992,1634.85895,16550.02391,7.817855
9/2/2008,3.67315,83.930464,3.043392,1.196013,68.497986,1.347351,0.37655,7.005506,1.657721,1.068194,1.107392,515.957706,6.833264,1959.398836,17.09828,5.382892,9.329496,0.688784,0.55886,7.808078,164.075369,9201.079947,44.441582,84.162304,71.849537,108.778617,68.884827,4126.071604,1133.100394,0.267908,119.684441,8683.162993,107.755719,7.806512,6.51,1149.192794,10.373412,3.422414,117.687578,5.507687,1.456219,0.384497,3.004574,46.466509,2.309865,3982.760378,3.64,2.429925,24.78037,3.75045,1.432052,34.398966,1.189405,6.1755,31.825122,1150.809273,4.670038,1633.982495,16492.45295,7.784537
9/9/2008,3.67315,86.489068,3.050625,1.238554,68.545961,1.382788,0.37655,7.03352,1.748992,1.066616,1.128351,530.068477,6.83893,2072.682934,17.511002,5.407567,9.355458,0.707031,0.567448,7.799101,169.227026,9326.449548,44.825194,89.995758,71.762754,107.481688,70.719072,4161.434658,1098.352796,0.267633,119.647676,8736.588801,107.875672,7.96501,6.51,1148.180246,10.498512,3.448429,117.734147,5.678518,1.488939,0.384497,3.004574,46.766628,2.440257,3989.093779,3.64,2.533363,25.590325,3.75045,1.431538,34.509072,1.225119,6.1755,31.8986,1149.483845,4.736504,1632.096614,16521.48112,7.919433
9/16/2008,3.67315,87.072791,3.086414,1.257463,68.146977,1.370867,0.37655,6.995603,1.825799,1.070955,1.116436,538.228462,6.846544,2086.097231,16.890828,5.474997,9.326452,0.705629,0.560013,7.777709,171.003497,9449.741266,46.794648,91.399734,72.511344,104.886873,71.950959,4120.51699,1159.458563,0.267646,119.678949,8664.011075,107.846169,7.921435,6.51,1148.22503,10.741919,3.453437,117.773653,5.818504,1.519158,0.384497,3.004574,47.197584,2.384524,3973.29842,3.64,2.561652,25.477785,3.75115,1.433654,34.245985,1.275536,6.1755,32.085637,1149.550466,4.809999,1637.798528,16530.00126,8.152371
9/23/2008,3.67315,84.201772,3.100787,1.19169,68.472755,1.327687,0.37655,6.99446,1.817352,1.034942,1.081445,531.719473,6.813295,2075.20148,16.396958,5.465312,9.330454,0.679071,0.53872,7.760961,164.214356,9333.94696,45.706528,94.596429,72.345892,105.532672,73.335806,4126.519028,1147.597254,0.266363,119.771483,8670.239902,107.842073,7.712011,6.51,1146.254531,10.699288,3.409679,118.105458,5.577903,1.457674,0.384497,3.004574,46.380607,2.248048,3997.941348,3.64,2.485615,25.136766,3.754,1.413434,33.754979,1.242154,6.1755,31.937397,1167.999559,5.040001,1640.75167,16658.80049,8.111941
9/30/2008,3.673,86.030459,3.122768,1.257345,68.529928,1.367416,0.37655,7.013666,1.919594,1.056239,1.114892,548.580747,6.828897,2188.648688,17.285876,5.454457,9.338022,0.708596,0.558619,7.768275,170.435127,9453.452917,46.584746,102.013564,72.528272,105.839597,73.348146,4076.404475,1206.620226,0.267154,120.034515,8551.773474,108.094972,7.909204,6.51,1144.383486,10.969722,3.441331,117.687462,5.854627,1.488478,0.384497,3.004574,47.114602,2.374816,3997.238887,3.64,2.628234,25.338276,3.7561,1.431667,33.864955,1.26994,6.1755,32.216827,1155.811536,5.070027,1662.750839,16585.01231,8.291618
10/7/2008,3.673,89.923745,3.179561,1.387082,68.606126,1.434723,0.37655,6.998068,2.214604,1.10351,1.138952,586.628603,6.817184,2220.429486,17.988287,5.490795,9.322193,0.733278,0.570175,7.770378,183.361662,9589.68457,47.852938,143.916835,71.71718,102.10362,73.854457,4147.270357,1322.011727,0.267528,119.879956,8537.77993,107.967543,8.226602,6.51,1145.52186,12.018393,3.491726,117.797557,6.147267,1.577314,0.384497,3.004574,47.323132,2.518339,4033.282065,3.64,2.877481,26.219826,3.76035,1.463328,34.53007,1.362102,6.1755,32.375284,1184.121009,5.305017,1680.771974,16605.05296,8.840439
10/14/2008,3.67315,89.9396,3.214891,1.409721,68.643497,1.422204,0.37655,7.010651,2.073164,1.152281,1.1322,603.172384,6.836753,2285.831962,17.934702,5.551445,9.332123,0.731445,0.570916,7.760998,183.513615,9717.182389,47.988493,220.842567,72.330584,102.314776,76.063091,4132.900196,1195.710497,0.267688,119.968133,8552.233857,108.005664,8.164484,6.51,1154.973844,12.150952,3.495455,117.894672,6.193919,1.596641,0.384497,3.004574,47.215363,2.523633,4253.762649,3.64,2.742963,26.124795,3.7554,1.461135,34.048957,1.376382,6.1755,32.412552,1225.29083,5.050004,1650.252327,16580.0333,8.962373
10/21/2008,3.67275,92.738476,3.23241,1.467928,68.533491,1.483477,0.37655,6.999954,2.184084,1.213449,1.154363,630.911796,6.834519,2250.951586,19.269532,5.583332,9.329943,0.762728,0.592461,7.753732,209.4043,9883.751138,48.963933,230.935793,72.510357,100.647778,78.180601,4136.741626,1328.889616,0.268888,119.824577,8556.192885,108.011746,8.45298,6.51,1141.392756,13.163763,3.527001,118.107512,6.790411,1.634204,0.384497,3.004574,48.28123,2.738547,4503.307763,3.64,2.755459,26.696209,3.7517,1.48189,34.354769,1.564645,6.1755,32.738979,1260.000303,5.509985,1810.267222,16699.96048,10.50896
10/28/2008,3.67235,98.963689,3.315872,1.585019,68.59501,1.561404,0.3765,6.999466,2.194778,1.288561,1.159209,672.482861,6.839488,2379.031317,19.381194,5.591358,9.333919,0.794983,0.635673,7.752577,208.762451,10759.57446,49.744137,242.785463,72.015145,96.286053,80.167036,4131.787019,1459.043077,0.269206,119.94022,8931.787003,108.018412,8.805166,6.51,1141.439502,13.23757,3.581984,118.274902,6.859718,1.795011,0.384497,3.004574,49.147233,2.954095,4712.820418,3.64,2.974861,27.279646,3.7499,1.502311,34.91164,1.561573,6.1755,33.468163,1289.980864,5.954982,1970.248404,16779.94579,10.583833
11/4/2008,3.67295,95.722566,3.365638,1.43727,68.881054,1.525597,0.37655,7.013633,2.127018,1.159276,1.164538,642.062711,6.836735,2361.44253,18.790893,5.539183,9.327104,0.772049,0.626918,7.750097,201.805146,10863.17212,47.475505,237.122403,73.005814,99.755235,77.156071,4111.332348,1281.248723,0.269794,119.869287,8573.363885,110.010268,8.65137,6.51,1144.486864,12.54374,3.529251,118.235206,6.643705,1.647282,0.384497,3.004574,48.301944,2.750858,4731.239368,3.64,2.862762,26.933687,3.753045,1.473695,34.933964,1.504792,6.1755,32.839908,1260.004524,5.805001,1925.300753,16826.78596,9.763547
11/11/2008,3.672795,97.449931,3.302447,1.499157,68.80838,1.534334,0.37655,7.026954,2.203506,1.197097,1.180611,636.983688,6.825202,2311.121694,19.975287,5.525091,9.332227,0.793967,0.64398,7.750035,210.520793,11472.42504,48.0561,156.832111,76.009495,97.813483,77.310397,4072.897042,1332.682913,0.270239,120.075329,8570.488036,109.955273,8.68844,6.51,1144.397356,12.91262,3.585479,118.357996,6.894937,1.730108,0.384497,3.004574,48.716012,2.940692,4760.740739,3.64,2.98535,27.460038,3.7503,1.49966,34.94367,1.589485,6.1755,32.881384,1226.122091,5.774984,1892.797078,16904.95913,10.145446
11/18/2008,3.67285,97.565387,3.320733,1.53665,68.938136,1.545732,0.3765,7.041227,2.312665,1.23034,1.200016,645.789374,6.826993,2310.925476,20.339391,5.539667,9.356279,0.791508,0.667114,7.750063,214.508502,12105.032,49.532143,170.527974,75.563634,96.696213,78.445293,4102.108046,1450.411594,0.271834,120.167408,8556.320161,110.004831,8.727761,6.51,1157.826381,13.16461,3.601983,117.824809,7.031866,1.815572,0.384497,3.004574,49.828883,3.026555,4830.564823,3.64,3.030005,27.440159,3.75085,1.526939,35.012536,1.656668,6.1755,33.217988,1240.136837,5.875014,1915.271616,16965.05327,10.25093
11/25/2008,3.6729,94.949115,3.336515,1.54819,68.609676,1.526669,0.3765,7.00664,2.335836,1.230972,1.19328,669.153475,6.824838,2300.717226,19.759019,5.523723,9.350704,0.769015,0.655098,7.754559,203.579449,12500,49.76841,207.56579,76.718211,95.733635,78.765469,4068.007884,1507.718706,0.272163,120.150599,8550.142378,109.913962,8.574736,6.51,1167.578807,13.345811,3.620348,118.402218,7.009363,1.837793,0.384497,3.004574,49.45478,2.993833,4944.456339,3.64,2.960214,27.572085,3.7508,1.514068,35.204358,1.586152,6.1755,33.345538,1251.598486,6.704987,1926.297557,16976.18953,9.884767
12/2/2008,3.6726,96.959407,3.390393,1.553371,69.051956,1.540376,0.3765,7.000921,2.35662,1.246284,1.206378,664.684799,6.884557,2309.869747,20.266144,5.521399,9.354519,0.787095,0.669538,7.751241,206.298101,12423.78052,50.027538,228.270564,75.977978,93.366484,79.827339,4077.685335,1465.173994,0.27519,120.46501,8545.040955,110.028296,8.708574,6.51,1184.532189,13.538001,3.638677,125.081986,7.045162,1.880641,0.384497,3.004574,49.388398,3.01843,4796.837706,3.64,3.007244,27.989113,3.7508,1.529911,35.534262,1.586996,6.238,33.449234,1294.999646,6.705016,1962.753088,16881.49634,10.358583
12/9/2008,3.67275,95.333974,3.456166,1.519286,68.268356,1.523458,0.3765,7.023396,2.481264,1.261458,1.209149,668.090965,6.874084,2325.319221,20.026241,5.521429,9.395992,0.774437,0.677753,7.750201,204.808598,11034.75269,49.213716,228.270564,77.491392,92.372763,78.458249,3998.541619,1435.22493,0.27525,120.297913,8545.954354,110.270253,8.641806,6.51,1232.83291,13.498076,3.616649,130.648884,7.098709,1.846737,0.384497,3.004574,48.545231,3.054993,4903.424155,3.64,3.02356,28.069701,3.750605,1.504676,35.428992,1.579745,6.238,33.522713,1291.004089,6.705019,1986.753213,16980.16763,10.169176
12/16/2008,3.67285,89.611324,3.418993,1.467357,67.887367,1.428645,0.3765,7.028267,2.375985,1.219054,1.138919,638.256472,6.846498,2227.520839,19.154702,5.523531,9.412054,0.718336,0.648847,7.750381,195.079882,11150.02948,47.810941,114.230581,78.760506,89.605953,77.385056,4055.464529,1356.728103,0.274487,120.881665,8524.338934,111.839664,8.170013,6.51,1229.846136,13.253508,3.55666,134.843612,6.943983,1.758125,0.384497,3.004574,47.547615,2.962381,4863.046235,3.64,2.876596,27.658683,3.7508,1.471335,34.771817,1.564144,6.238,33.017026,1305.044018,7.520006,1985.252257,17050.03236,10.249928
12/23/2008,3.6729,87.619083,3.432254,1.466649,68.484794,1.39921,0.3765,7.023711,2.376327,1.216636,1.086626,627.722582,6.849071,2184.039992,18.843978,5.521245,9.407193,0.716158,0.67681,7.750021,189.196376,11190.24145,48.658804,126.247816,80.01353,90.510951,77.288972,4050.471062,1344.041253,0.276023,120.862088,8486.855988,112.705831,8.05789,6.51,1230.276907,13.215431,3.469679,138.140779,7.051186,1.758049,0.384497,3.004574,47.434829,2.930319,4909.980527,3.64,2.828169,28.370569,3.751495,1.446732,34.595891,1.520111,6.263,33.035999,1315.154199,7.88401,1886.552351,16985.67478,9.689276
12/30/2008,3.67285,87.649972,3.449812,1.448789,68.930093,1.3873,0.3765,7.018659,2.340916,1.225971,1.058896,641.775755,6.833231,2240.247149,18.884418,5.521017,9.417457,0.709786,0.69296,7.75,189.123324,11027.77783,48.101852,121.598364,79.397333,90.339467,77.57445,4015.485211,1303.647117,0.276095,120.910369,8476.612356,113.376236,8.000846,6.51,1271.832664,13.746587,3.478004,137.244022,6.992077,1.733081,0.384497,3.004574,47.537171,2.941197,4908.844109,3.64,2.850958,29.232245,3.7516,1.439397,34.734277,1.530169,6.263,32.778453,1303.016102,7.669975,1935.0507,17386.6547,9.428987
1/6/2009,3.67285,92.807759,3.441476,1.391096,68.787307,1.467008,0.3765,7.006123,2.199081,1.183751,1.121811,630.676773,6.83685,2194.954543,19.664619,5.482083,9.414765,0.742607,0.677736,7.753472,198.959714,11027.77783,48.561746,123.214127,79.983635,94.187474,78.730238,4128.516277,1311.189863,0.281601,120.795989,8767.385389,113.667291,8.326608,6.51,1289.725495,13.339015,3.50868,137.194099,7.009175,1.692531,0.384497,3.004574,46.936785,3.015302,4898.106158,3.64,3.044598,29.092561,3.750605,1.476387,35.038117,1.518689,6.263,33.091406,1334.997187,8.304937,1985.048363,17404.9457,9.338565
1/13/2009,3.67295,94.778937,3.448852,1.502727,68.488416,1.474751,0.3765,7.031095,2.311647,1.228207,1.120341,620.464164,6.83494,2224.190278,20.196304,5.52792,9.648742,0.757839,0.688518,7.755384,210.007082,11224.27534,48.950276,126.988189,80.901423,89.33452,78.671,4151.945785,1359.330471,0.284048,121.263628,8492.307646,113.783298,8.425758,6.51,1315.051478,13.866403,3.577664,152.184358,7.137572,1.813464,0.384497,3.004574,47.523806,3.123058,4888.330557,3.64,3.22621,31.22303,3.7503,1.48876,34.89682,1.599456,6.263,33.248117,1345.419439,8.006435,1955.302847,17425.03024,10.046965
1/20/2009,3.673,96.471172,3.458188,1.528811,68.378763,1.512618,0.3765,7.02909,2.362328,1.264382,1.145725,627.777225,6.839291,2236.560243,21.557895,5.540461,9.796783,0.774462,0.717962,7.758861,222.140583,11290.74051,49.000864,129.119787,81.52412,90.119093,79.827247,4071.983666,1367.485021,0.289386,121.567262,8440.114076,113.86208,8.591336,6.51,1348.837386,14.011594,3.609676,148.066201,7.118351,1.905178,0.384497,3.004574,47.45405,3.385151,5017.179188,3.64,3.354487,33.47878,3.75035,1.508678,34.96092,1.672198,6.263,33.648104,1365.037386,7.929957,1995.050798,17474.47819,10.272847
1/27/2009,3.673045,95.015013,3.481207,1.511155,68.703266,1.484603,0.3765,7.023738,2.319158,1.228114,1.138674,615.615985,6.83944,2309.834486,20.986944,5.565188,9.909161,0.759276,0.707888,7.759495,216.663516,11302.74162,48.781291,119.37375,81.457372,89.054279,79.757915,4128.832632,1390.035804,0.289658,121.582439,8490.145666,113.810865,8.448547,6.51,1381.582131,14.128258,3.624654,149.873531,6.769052,1.88983,0.384497,3.004574,46.815202,3.304995,5122.368355,3.64,3.215507,33.137987,3.750945,1.504697,34.884351,1.623925,6.2555,33.680789,1344.778215,7.949994,1970.122091,17420.05238,9.9948
2/3/2009,3.67285,97.357026,3.486485,1.547669,68.179771,1.522154,0.3765,6.990558,2.317586,1.239043,1.149051,619.927901,6.840933,2430.74109,22.070986,5.542522,9.886133,0.769702,0.696464,7.7534,232.409847,11697.42797,48.386736,115.73974,81.834766,89.306485,78.997011,4117.149965,1392.049496,0.295356,121.489059,8457.236672,113.539111,8.619609,6.51,1407.21095,14.544614,3.618668,148.742965,6.977976,1.961013,0.384497,3.004574,47.551836,3.540742,5032.881431,3.64,3.339318,36.021076,3.750495,1.511118,34.954339,1.644007,6.2555,33.700219,1301.616289,7.830425,1944.310236,17321.03066,10.104671
2/10/2009,3.67275,98.985502,3.487106,1.517179,68.889446,1.508302,0.3765,7.047267,2.26601,1.235063,1.158408,607.614466,6.829171,2490.766604,21.774082,5.5661,9.93767,0.771903,0.683577,7.751835,223.350788,11806.1742,48.735639,112.517749,85.357699,90.749554,79.068701,4142.116311,1388.048053,0.29157,148.35242,8508.33431,113.915012,8.558438,6.51,1420.769538,14.320422,3.588184,147.989088,6.696416,1.894557,0.384497,3.004574,46.698052,3.431403,5082.848342,3.64,3.276867,35.810862,3.7504,1.501293,34.986901,1.622068,6.2555,33.975458,1309.760461,7.70359,1954.923254,17435.0074,9.752078
2/17/2009,3.67285,102.952032,3.499236,1.56626,68.43662,1.548057,0.3765,7.017431,2.312886,1.262892,1.171964,593.786601,6.836557,2560.256142,23.346362,5.565949,9.99218,0.793495,0.701352,7.754281,243.564853,12201.19043,49.565227,114.297728,86.987274,92.192944,79.612616,4123.412221,1459.329401,0.293118,149.314112,8501.265395,114.197285,8.75665,6.51,1421.251813,14.629059,3.639662,148.107254,6.989523,1.960454,0.384497,3.004574,47.840167,3.862197,5112.755014,3.64,3.412304,36.093162,3.75025,1.527173,35.265844,1.682943,6.2555,34.589915,1309.994364,8.204949,1957.595392,17434.93779,10.219745
2/24/2009,3.67285,102.226161,3.550732,1.547558,68.104692,1.53241,0.3765,7.020733,2.388883,1.247291,1.161885,599.46924,6.837865,2583.967362,22.187107,5.602127,9.99718,0.781214,0.690782,7.753205,234.048424,11976.19043,49.827108,113.113209,88.520821,96.442062,79.704998,4133.385145,1511.802919,0.291965,150.001177,8520.98002,114.444603,8.685211,6.51,1494.532234,14.877267,3.663998,147.597061,6.841303,1.954801,0.384497,3.004574,48.135253,3.6692,5031.853013,3.64,3.351401,36.042919,3.75025,1.527007,35.680407,1.696601,6.2555,34.747652,1310.11987,8.354961,1960.255179,17425.75539,10.013569
3/3/2009,3.67285,103.603799,3.617486,1.5587,68.155307,1.550389,0.3764,7.039614,2.423443,1.28861,1.175276,610.355765,6.840667,2594.078306,22.166163,5.624706,10.041551,0.794933,0.710821,7.758152,243.565324,12008.29661,51.983543,113.658768,89.28225,98.166208,80.222475,4134.957868,1555.662772,0.29516,150.47668,8563.574475,114.226896,8.747563,6.51,1490.929227,15.305255,3.708653,147.916294,7.19409,2.010075,0.384497,3.004574,48.79917,3.753468,5096.334507,3.64,3.412861,36.462071,3.7503,1.550788,36.111684,1.731258,6.2555,35.126601,1308.002687,8.400016,1975.049297,17425.00095,10.495758
3/10/2009,3.67275,102.579668,3.638289,1.552549,68.893094,1.530013,0.3765,7.022018,2.35569,1.282599,1.155131,603.145322,6.840482,2526.69027,21.308773,5.663421,10.043661,0.787454,0.72464,7.755778,239.683448,11934.93838,51.456286,111.581976,91.006149,98.460969,80.243723,4126.210929,1510.388425,0.295529,150.538324,8574.180709,114.258224,8.634368,6.51,1573.289439,15.341323,3.691658,147.764927,6.996667,1.995213,0.384497,3.004574,48.279441,3.673081,5169.980431,3.64,3.358863,35.172615,3.75035,1.535163,35.97418,1.776504,6.2555,34.594314,1294.909184,8.570021,2011.052404,17430.05695,10.355026
3/17/2009,3.67285,100.720426,3.641755,1.515461,68.746093,1.511216,0.3765,7.020145,2.280489,1.272263,1.183319,586.355393,6.837099,2386.901845,20.487041,5.628911,10.042024,0.770205,0.714127,7.752021,231.00658,11976.19043,51.404763,115.16791,89.467242,98.755519,80.295344,4114.986524,1416.97467,0.293123,150.499757,8569.167053,114.193545,8.553494,6.51,1577.533704,14.118947,3.674173,148.161848,6.795685,1.887686,0.384497,3.004574,48.247343,3.469325,5131.180448,3.64,3.315708,34.65373,3.7503,1.532275,35.819355,1.707352,6.2555,34.211439,1324.699181,7.954972,2034.984987,17435.01615,9.968244
3/24/2009,3.67285,96.654871,3.684822,1.431616,68.721007,1.448001,0.3765,6.997558,2.257559,1.227487,1.129801,575.816473,6.830807,2358.682517,20.020535,5.630712,9.977235,0.741,0.680756,7.749944,222.558487,11423.56323,50.529889,114.000531,89.60005,97.984664,80.343354,4092.687673,1382.313929,0.289901,150.835841,8542.714222,114.080554,8.275545,6.51,1547.332383,14.329395,3.624681,148.692076,6.375514,1.768655,0.384497,3.004574,48.080179,3.36892,5119.659021,3.64,3.176167,33.481572,3.75015,1.511914,35.400924,1.657633,6.2055,33.769498,1314.676286,7.999956,2081.548573,17589.96543,9.465356
3/31/2009,3.67285,98.650083,3.715509,1.442002,68.823149,1.469654,0.3765,7.030398,2.307192,1.257947,1.139149,583.808041,6.833911,2564.831602,20.580062,5.642799,10.050793,0.753051,0.698489,7.750176,231.618672,11681.97681,50.767667,122.429864,91.56515,98.402884,80.361631,4103.165953,1377.607207,0.291932,151.105269,8583.4078,115.721709,8.370043,6.51,1456.679306,14.145671,3.644655,147.697436,6.707849,1.752404,0.384497,3.004574,48.313928,3.523069,5099.993237,3.64,3.18732,33.674679,3.75015,1.52057,35.467302,1.669179,6.238,33.89714,1320.013518,8,2082.508262,17720.03599,9.489468
4/7/2009,3.67285,98.26439,3.674345,1.404683,68.385384,1.47553,0.3765,7.028949,2.232816,1.239371,1.144149,583.104977,6.836572,2416.961656,20.063362,5.623191,10.045798,0.753878,0.680243,7.75049,223.665563,11372.15777,50.000827,125.558978,88.008826,100.433568,80.592578,4101.493369,1318.003185,0.290905,151.188745,8558.443154,115.73895,8.408595,6.51,1412.826556,13.647156,3.591682,148.665454,6.661692,1.733845,0.384497,3.004574,47.771381,3.392154,5090.645749,3.64,3.141791,33.60367,3.750105,1.512463,35.436841,1.609907,6.238,33.577304,1324.47453,8.043935,2147.499566,17757.97329,9.177231
4/14/2009,3.67295,97.726309,3.681405,1.373811,69.080885,1.473196,0.3765,7.024084,2.178319,1.212373,1.138562,577.890801,6.833364,2390.221028,20.030714,5.637391,10.009567,0.752856,0.670478,7.750142,217.824032,10892.39136,49.648419,128.96609,88.987161,99.285495,79.813836,4075.485229,1320.89957,0.29101,150.467487,8574.994275,115.746307,8.408914,6.51,1434.793439,13.09507,3.587488,147.23954,6.6126,1.706037,0.384497,3.004574,47.540497,3.275083,5056.969072,3.64,3.129374,33.350524,3.75015,1.498024,35.401694,1.574492,6.238,33.634932,1328.026582,8.012008,2150.002075,17695.06832,9.033996
4/21/2009,3.67285,100.371914,3.677975,1.416847,68.745613,1.512384,0.3765,7.007606,2.24301,1.238845,1.167961,583.116954,6.829633,2350.214316,20.876635,5.638148,10.05834,0.772479,0.683629,7.75018,231.687694,10873.64136,50.417352,129.468965,88.999614,98.443422,78.985306,4074.793226,1349.188206,0.292649,150.663214,8560.941463,119.101408,8.583827,6.51,1409.979129,13.284795,3.643679,147.524223,6.79201,1.788065,0.384497,3.004574,48.468065,3.4161,4977.467728,3.64,3.277246,34.010345,3.750105,1.50624,35.548343,1.660445,6.238,33.850807,1338.100015,7.949988,2164.995361,17784.95786,9.054219
4/28/2009,3.67285,100.356425,3.705301,1.41896,68.824089,1.5054,0.37655,7.013408,2.221472,1.222481,1.150981,599.961333,6.827465,2336.661396,20.509149,5.640321,10.058168,0.763826,0.684569,7.750397,226.537208,10877.39367,50.481161,130.71781,88.756291,96.391814,78.975296,4144.705634,1352.299204,0.291877,150.715661,8554.578279,119.942786,8.543242,6.51,1402.696867,13.969796,3.626334,147.010158,6.72803,1.785004,0.384497,3.004574,48.75095,3.499846,5055.349465,3.64,3.248381,33.772356,3.750105,1.499133,35.422368,1.635342,6.238,33.785514,1333.60194,7.999985,2209.143181,17765.05573,8.757384
5/5/2009,3.672795,98.065837,3.694126,1.345663,68.631706,1.459237,0.3763,7.017269,2.132189,1.173313,1.130631,569.952953,6.820029,2264.992235,19.81646,5.629774,10.053107,0.749156,0.662314,7.749994,211.617944,10497.91815,49.276091,125.588305,88.350407,98.904668,77.76204,4141.476274,1268.036145,0.291069,150.541389,8541.121764,119.989702,8.334306,6.51,1401.976401,13.240731,3.509351,147.624665,6.511929,1.720902,0.384497,3.004574,47.834124,3.244274,4992.491808,3.64,3.107228,32.702877,3.750105,1.471495,35.096673,1.561072,6.238,33.062145,1318.898747,7.949942,2204.498075,17759.94904,8.36029
5/12/2009,3.672795,96.786428,3.719824,1.307243,68.769213,1.429376,0.3763,7.036788,2.058876,1.162313,1.104468,568.673081,6.822135,2229.37345,19.581586,5.621542,10.064979,0.732731,0.654427,7.750077,204.067422,10345.00211,49.280639,124.781,89.175555,96.721936,77.210449,4099.979522,1238.42844,0.29006,150.234721,8549.020829,117.40246,8.196192,6.51,1400.35683,13.200926,3.511682,147.14282,6.430762,1.651021,0.384497,3.004574,47.098081,3.205437,5030.61499,3.64,3.037404,31.993616,3.75015,1.458053,34.547681,1.561243,6.2155,32.850487,1318.102046,7.75004,2232.504531,17785.02171,8.439764
5/19/2009,3.67175,97.104992,3.725855,1.290746,68.735931,1.436831,0.37645,7.028311,2.048965,1.156348,1.111111,561.561632,6.825367,2230.917365,19.576732,5.619387,10.076296,0.733946,0.645603,7.751615,203.962226,10261.51367,47.692599,127.810699,89.323037,96.127761,77.945521,4144.000235,1245.166023,0.289824,150.03791,8538.296723,115.035253,8.238652,6.51,1405.838922,12.930237,3.529661,148.122163,6.433987,1.65734,0.384497,3.004574,47.131355,3.215545,5015.007361,3.64,3.058426,31.758315,3.75015,1.46232,34.404993,1.537075,6.2155,32.880657,1323.901153,7.590009,2263.305525,17780.06134,8.458963
5/26/2009,3.67275,95.241631,3.735827,1.279874,68.746278,1.406252,0.3765,7.021151,2.028497,1.120926,1.085651,561.86551,6.831751,2212.577698,19.167639,5.625521,10.073879,0.715567,0.628477,7.751844,202.513517,10277.73481,47.762858,127.485796,88.695973,94.921922,77.921168,4150.679609,1261.603453,0.288092,150.01726,8502.387619,114.854872,8.08629,6.51,1417.900036,13.168767,3.511671,147.270451,6.409334,1.612277,0.384497,3.004574,47.258111,3.180544,5019.9973,3.64,2.999479,31.422686,3.75015,1.450664,34.465957,1.559925,6.2155,32.64689,1323.998555,7.649982,2242.749098,17784.97656,8.326355
6/2/2009,3.6723,93.496797,3.743608,1.220684,68.788222,1.373659,0.3765,7.018796,1.939792,1.085036,1.062078,563.775529,6.831626,2081.999115,18.81548,5.605608,10.078491,0.699839,0.60549,7.751618,197.369307,10246.54305,46.9215,120.983818,88.673318,95.642987,77.869329,4152.134787,1234.353879,0.286776,150.346543,8526.472257,114.800033,7.920576,6.51,1409.694782,13.249754,3.48832,147.125302,6.172861,1.52416,0.384497,3.004574,47.243625,3.151917,5062.504499,3.64,2.93934,30.590898,3.750105,1.438019,34.111596,1.528105,6.2155,32.420327,1322.004467,7.625227,2187.001939,17767.80166,8.034863
6/9/2009,3.67225,94.963799,3.755759,1.252459,69.082421,1.401114,0.37655,7.028211,1.941477,1.10219,1.081873,565.807383,6.836121,2076.760261,19.149653,5.604749,10.073192,0.71223,0.615059,7.751144,200.410624,10057.73694,47.403032,128.049347,88.482463,97.664356,77.99098,4153.485937,1261.366554,0.288393,149.318707,8523.503331,114.847677,8.052006,6.51,1412.634874,13.460289,3.525985,148.056045,6.363375,1.599197,0.384497,3.004574,47.520652,3.20725,5046.852608,3.64,3.006465,31.317327,3.75015,1.456971,34.174213,1.551426,6.2155,32.800379,1305.797607,7.617946,2165.498492,17791.001,8.111817
6/16/2009,3.67225,94.308002,3.761997,1.25117,68.806661,1.408074,0.3765,6.970677,1.943855,1.130103,1.08617,559.28469,6.834746,2012.134413,19.291294,5.606609,10.074661,0.721237,0.608035,7.750127,202.05444,10219.76781,47.628572,127.090176,88.505025,96.649662,78.125228,4158.503362,1255.293907,0.288369,150.287842,8528.521814,114.862588,8.109769,6.51,1425.387559,13.345439,3.51934,148.245179,6.420831,1.575864,0.384497,3.004574,48.182062,3.261699,5013.180576,3.64,3.048394,31.045216,3.75015,1.457963,34.092461,1.544198,6.2155,32.860601,1297.005148,7.629205,2161.50373,17782.95083,8.010437
6/23/2009,3.6729,92.848236,3.785723,1.264474,68.949175,1.39921,0.37655,7.019916,2.005044,1.152656,1.071063,531.316062,6.835523,2082.904399,18.716533,5.599566,10.12776,0.711829,0.610936,7.750087,200.810049,10514.5843,48.517825,127.068313,88.687862,95.359557,77.958866,4202.598326,1284.130836,0.287341,150.349061,8519.401774,114.775616,8.052241,6.51,1419.516025,13.296037,3.546334,147.824131,6.500144,1.57018,0.384497,3.004574,48.285013,3.252397,5041.430684,3.64,3.026571,31.573632,3.75015,1.456178,34.142469,1.570172,6.2155,32.88853,1314.440714,7.670997,2102.500962,17765.01531,8.189546
6/30/2009,3.672795,93.196127,3.789238,1.235907,68.785271,1.383766,0.3765,7.031808,1.953135,1.158242,1.08367,530.796058,6.830504,2149.137684,18.363877,5.597738,10.128464,0.711741,0.605791,7.750066,192.656574,10206.80443,47.802206,127.320244,88.503924,96.185767,76.504319,4197.050821,1275.797258,0.287506,150.549606,8514.738786,114.870054,7.973146,6.51,1420.087534,13.146568,3.514333,148.104685,6.406863,1.542991,0.384497,3.004574,48.059181,3.149851,5022.659357,3.64,2.983414,31.096502,3.75015,1.447181,34.059849,1.53214,6.2155,32.800133,1310.003396,7.715026,2055.251132,17760.02179,7.716748
7/7/2009,3.67285,92.679618,3.80315,1.256586,68.806639,1.395118,0.3765,6.970674,1.960578,1.161856,1.086033,541.201998,6.832739,2099.818669,18.511528,5.585415,10.112036,0.716846,0.61822,7.750007,195.5659,10267.47045,48.379437,127.114126,88.634541,95.0691,76.92436,4194.857394,1270.296024,0.287793,150.535926,8519.919038,114.877692,8.035849,6.51,1421.927334,13.254258,3.547652,147.971074,6.481061,1.577125,0.384497,3.004574,48.210325,3.120051,5027.371079,3.64,3.007285,31.343552,3.75025,1.457531,34.082765,1.541526,6.2155,32.966856,1310.002989,7.660101,2100.250068,17804.42278,8.005015
7/14/2009,3.67285,92.269746,3.806587,1.266228,68.784821,1.39791,0.3765,6.968462,1.970014,1.140305,1.086831,548.252181,6.833697,2095.607633,18.609999,5.586315,10.085739,0.716537,0.613668,7.750422,197.21752,10208.25194,48.932992,127.886309,88.651398,93.180406,77.497261,4153.084311,1298.513705,0.287688,150.718981,8514.25788,114.872322,8.065521,6.51,1441.521885,13.733099,3.585343,148.09369,6.468892,1.573397,0.384497,3.004574,48.14775,3.113216,5012.379762,3.64,3.014618,32.247486,3.75025,1.459083,34.129152,1.540696,6.2155,33.097353,1325.432171,7.680211,2125.197717,17806.97784,8.232316
7/21/2009,3.6729,90.777352,3.803898,1.228689,68.803619,1.375108,0.37655,7.020365,1.904269,1.10584,1.06789,532.793643,6.830424,2006.588911,18.165125,5.574945,10.087595,0.704263,0.608715,7.750007,190.999173,10041.54187,48.350318,126.137051,87.502021,93.803085,76.751621,4125.296998,1246.168085,0.287032,150.89066,8515.409056,114.909193,7.946668,6.51,1445.070084,13.294189,3.541338,148.693986,6.298203,1.524697,0.384497,3.004574,47.937321,2.989876,5032.466185,3.64,2.979853,30.930092,3.7502,1.441831,33.994091,1.502845,6.2155,32.778106,1329.980173,7.660101,2090.254004,16855.04795,7.833333
7/28/2009,3.67285,91.161309,3.803731,1.206732,68.79526,1.374528,0.3765,7.019517,1.877786,1.081269,1.071823,545.158223,6.83088,1992.29109,17.94638,5.554127,10.087335,0.704348,0.607136,7.750497,188.416979,9943.174152,48.229537,125.990947,88.475796,94.532661,76.636711,4204.711568,1238.638237,0.287083,150.794163,8524.640101,114.770012,7.92795,6.51,1450.023895,13.254988,3.509012,150.476091,6.167959,1.516127,0.384497,3.004574,48.013353,2.935203,5032.395843,3.64,2.960124,30.847271,3.75015,1.440455,33.943997,1.477098,6.2155,32.766586,1323.941577,7.975163,2091.251771,17100.0506,7.821006
8/4/2009,3.672795,90.403075,3.824555,1.18841,69.097139,1.359716,0.3765,7.018961,1.832476,1.070717,1.061691,539.495889,6.830206,2026.091722,17.972822,5.538277,10.086331,0.694859,0.590496,7.750038,185.411309,9883.81263,47.563957,125.462898,88.219675,95.094987,76.094464,4211.35561,1221.561131,0.286448,150.829186,8523.978935,114.803598,7.8549,6.51,1449.824847,13.136408,3.493671,155.428162,6.050121,1.501004,0.384497,3.004574,47.838279,2.866588,4992.217673,3.64,2.927119,31.279562,3.75015,1.433271,33.97584,1.465311,6.2155,32.673956,1322.847449,7.920223,2090.250553,17114.99486,7.850193
8/11/2009,3.67285,92.238949,3.828363,1.202844,68.805947,1.380641,0.37655,6.970605,1.852134,1.09893,1.081358,548.273206,6.834989,2029.87595,18.206043,5.540444,10.088207,0.706779,0.606305,7.750383,192.693832,9916.035359,47.942365,126.957081,87.860309,96.185364,76.548524,4162.73411,1239.935111,0.287809,150.740536,8517.010377,114.819913,7.985587,6.51,1446.344706,12.991768,3.509676,154.6684,6.234314,1.494897,0.384497,3.004574,47.750097,2.946492,4944.99717,3.64,2.977714,32.42193,3.75015,1.447092,34.039155,1.49973,6.2155,32.891974,1323.00684,8.095046,2050.249291,17102.91826,8.138075
8/18/2009,3.67285,92.658482,3.83934,1.214269,69.120398,1.387005,0.37655,6.972058,1.862985,1.105461,1.07745,556.660379,6.833864,2015.362023,18.13657,5.55482,10.086672,0.708593,0.606312,7.751453,193.04314,10017.02007,48.772381,128.509932,88.010874,94.839202,76.220621,4127.22063,1246.945023,0.287267,150.834356,8516.201262,114.604814,8.002035,6.51,1444.864435,12.946679,3.537322,158.542517,6.151091,1.485924,0.384497,3.004574,48.295081,2.953337,4922.268449,3.64,2.989884,31.946616,3.75015,1.450093,34.049101,1.497915,6.2155,32.96644,1314.998539,8.373201,2052.748632,17104.96639,8.052918
8/25/2009,3.6729,92.117264,3.841195,1.191703,68.788454,1.365412,0.37655,6.968833,1.836629,1.078508,1.059362,545.327658,6.831769,2003.834737,17.708787,5.534796,10.086784,0.698047,0.610322,7.750326,186.360352,10018.48297,48.741084,128.005328,87.97156,94.245551,76.271013,4139.308301,1246.812986,0.287059,150.689393,8514.356185,114.770011,7.895243,6.51,1436.894555,12.907476,3.518656,155.689968,6.013601,1.456119,0.384497,3.004574,48.380078,2.848785,4942.503348,3.64,2.944903,31.352953,3.75015,1.441593,34.015772,1.490482,6.2155,32.919393,1311.004482,8.150041,2052.752493,17815.03204,7.793809
9/1/2009,3.6729,92.704702,3.848852,1.2024,68.793623,1.366366,0.3765,6.96935,1.889995,1.100665,1.06313,554.561109,6.830113,2055.098139,17.916128,5.524284,10.087378,0.702395,0.617597,7.750579,191.963774,10110.91508,49.023558,125.10148,88.276451,93.038385,76.226423,4126.618269,1242.714889,0.28732,150.754204,8522.549252,114.710193,7.884592,6.51,1405.041533,13.515145,3.526317,153.877536,6.047345,1.472305,0.384497,3.004574,48.773225,2.870476,4942.501677,3.64,2.956934,31.726837,3.75015,1.443262,34.007768,1.508008,6.2155,32.878421,1310.002725,8.43004,2023.252075,17815.01558,7.840443
9/8/2009,3.6724,92.027544,3.84787,1.158467,68.589075,1.351355,0.37655,6.968866,1.825787,1.075157,1.046575,551.052129,6.827328,2008.343888,17.605872,5.526205,10.086797,0.68988,0.605071,7.750099,186.987154,9967.74393,48.418192,124.270336,86.997069,92.25079,75.723145,4126.34384,1232.007895,0.28687,150.813039,8474.40047,114.822649,7.828855,6.51,1413.900719,13.297266,3.501318,154.612705,5.919837,1.436407,0.384497,3.004574,48.340855,2.825468,4962.50559,3.64,2.930317,31.41607,3.75015,1.425973,34.024003,1.486382,6.2155,32.705117,1302.001693,8.599985,1970.212299,17827.04187,7.535775
9/15/2009,3.67285,91.536635,3.837205,1.16133,68.820057,1.338591,0.3765,6.97209,1.809136,1.078338,1.036229,551.215166,6.828923,1996.794936,17.3455,5.517137,10.088869,0.682958,0.607039,7.750028,185.850365,9919.353026,48.573592,124.490103,88.141186,91.086917,75.712793,4128.2162,1217.773166,0.286334,151.027334,8478.147286,114.835059,7.776003,6.51,1411.52314,13.332986,3.501666,154.17851,5.906186,1.425319,0.384497,3.004574,48.308602,2.849565,4923.409414,3.64,2.920138,30.947364,3.750045,1.422472,33.899139,1.48742,6.2155,32.600314,1304.004442,8.475144,1965.252861,17726.05113,7.397509
9/22/2009,3.6729,90.988889,3.836124,1.144855,68.81703,1.323285,0.3764,6.972056,1.805527,1.068438,1.024112,540.781055,6.826889,1929.275186,17.005033,5.504592,10.70738,0.675973,0.611369,7.750357,183.567958,9692.162581,47.918877,123.132286,88.281087,91.245313,74.579728,4141.17249,1202.031214,0.286444,150.869403,8478.155074,114.810035,7.692948,6.51,1415.184993,13.309423,3.47932,154.484964,5.835444,1.386723,0.384497,3.004574,47.504141,2.815494,4922.839584,3.64,2.872737,30.224381,3.75015,1.411835,33.612235,1.480336,6.2155,32.374429,1296.99611,8.46001,1931.250166,17834.97882,7.410465
9/29/2009,3.67285,92.004132,3.84117,1.148361,68.58739,1.344295,0.37655,7.018731,1.79239,1.087454,1.038521,545.274193,6.827773,1921.612521,17.305309,5.50089,10.708657,0.686768,0.627184,7.750178,185.317837,9697.594904,48.087034,124.694225,88.515522,90.130378,75.16702,4149.238649,1186.608189,0.287045,150.955803,8473.201732,114.779937,7.778349,6.51,1423.700625,13.559159,3.484849,151.034072,5.853805,1.399675,0.384497,3.004574,47.610423,2.896075,4899.477363,3.64,2.880707,30.225134,3.75015,1.418495,33.609017,1.490903,6.2155,32.427968,1312.000103,8.444603,1940.000822,17840.02825,7.424037
10/6/2009,3.6729,91.529734,3.83689,1.12412,68.599395,1.328498,0.3765,6.969921,1.75028,1.060162,1.0265,554.299858,6.82699,1924.883823,17.373101,5.483976,10.712499,0.679147,0.628774,7.750172,181.408255,9419.968198,46.856734,123.960167,88.596344,88.910664,74.972986,4174.97196,1168.014004,0.286263,150.965571,8521.292827,114.812569,7.705536,6.51,1438.881144,13.516347,3.434498,146.693933,5.688861,1.361532,0.384497,3.004574,46.566122,2.836775,4892.299304,3.64,2.89452,29.722138,3.75015,1.40151,33.339337,1.468159,6.2155,32.137354,1306.005502,8.360126,1921.502751,17835.04055,7.415694
10/13/2009,3.67285,93.369848,3.828659,1.102008,69.09239,1.315807,0.3765,6.969203,1.73345,1.032189,1.022683,554.030455,6.827047,1852.993464,17.450111,5.476738,10.715621,0.674331,0.631124,7.750071,180.922727,9442.650192,46.330637,124.29402,88.254227,89.65417,75.128243,4176.521656,1166.719261,0.286494,150.792123,8522.794537,114.789992,7.643323,6.51,1444.134109,13.18059,3.392075,150.632127,5.615166,1.358932,0.384497,3.004574,46.488654,2.84782,4877.504239,3.64,2.889004,29.515666,3.75015,1.396863,33.289275,1.457634,6.2155,32.291767,1315.005248,8.326042,1916.252503,17840.0409,7.329745
10/20/2009,3.672795,92.308242,3.821225,1.082436,68.894678,1.306402,0.3765,7.020476,1.745163,1.04316,1.01217,543.738667,6.826157,1870.651893,17.208944,5.470935,10.72005,0.669894,0.610141,7.749862,176.893231,9427.530778,46.183837,122.896082,88.354286,90.678646,75.279287,4155.2861,1171.594295,0.286146,150.741223,8477.796674,114.790207,7.612252,6.51,1437.712524,12.898067,3.363669,150.25203,5.582276,1.333446,0.384497,3.004574,46.659977,2.776034,4882.727811,3.64,2.871033,29.274213,3.75015,1.393094,33.386646,1.456932,6.2155,32.292156,1318.502184,8.23516,1896.47902,17850.05177,7.353357
10/27/2009,3.6725,92.932505,3.828906,1.091267,69.629515,1.314922,0.37655,7.089179,1.731721,1.064879,1.020608,534.63509,6.830184,1954.450057,17.577494,5.49289,10.784728,0.674855,0.610902,7.74987,180.966727,9593.075721,46.939093,123.77513,89.107877,91.973759,75.666734,4195.949321,1185.741953,0.287238,152.180082,8559.669423,115.392161,7.657815,6.51,1441.415403,13.253224,3.401672,152.213796,5.642494,1.341196,0.384497,3.004574,47.284435,2.825938,4908.809282,3.64,2.890102,29.178189,3.75015,1.397686,33.425807,1.492474,6.2155,32.515337,1337.913977,8.224423,1883.356354,18027.23854,7.63245
11/3/2009,3.67285,94.077635,3.819644,1.112267,68.953568,1.334299,0.37655,7.020388,1.758246,1.073099,1.02962,531.122345,6.827948,1996.912582,17.911073,5.47469,10.726928,0.681065,0.611019,7.75022,189.586597,9637.570098,47.346312,125.153646,88.522107,90.286154,75.38141,4157.657068,1185.485059,0.286398,150.859123,8466.341042,114.79401,7.749733,6.51,1420.598485,13.318503,3.429991,151.305239,5.799997,1.393852,0.384497,3.004574,47.714288,2.924001,4875.171807,3.64,2.933957,29.35288,3.75015,1.401412,33.471214,1.508694,6.2155,32.577679,1327.094256,8.168182,1880.066026,17859.95511,7.892807
11/10/2009,3.67285,92.070241,3.816288,1.07725,68.90951,1.306839,0.3765,7.021129,1.713378,1.053651,1.009021,510.185223,6.826987,1968.66732,17.051026,5.459239,10.731128,0.667995,0.599169,7.749847,181.710453,9419.279934,46.404889,124.16636,88.772656,89.834722,74.383658,4150.899559,1160.763285,0.285545,150.711972,8454.915007,114.359485,7.612795,6.51,1419.48663,13.289872,3.384336,152.698643,5.59898,1.349534,0.384497,3.004574,46.930237,2.808566,4872.314329,3.64,2.871482,28.863481,3.750105,1.388474,33.307757,1.477287,6.28525,32.351298,1325.491501,8.139991,1882.494742,17898.75491,7.428234
11/17/2009,3.6729,92.49104,3.816577,1.077105,68.97367,1.314834,0.37655,7.022434,1.71544,1.054968,1.0157,494.810051,6.827077,1968.343169,17.107117,5.457635,10.735188,0.672226,0.59545,7.749896,178.295065,9388.924117,46.228876,123.380575,88.774404,89.266883,74.637999,4158.443039,1154.97158,0.285231,149.153009,8456.810824,114.266994,7.651546,6.51,1427.673291,13.039482,3.366681,151.964347,5.605918,1.341443,0.384497,3.004574,46.6873,2.757109,4862.79957,3.64,2.88887,28.711828,3.75015,1.386813,33.191742,1.483115,6.30025,32.122565,1333.14078,8.125,1866.246639,17864.95832,7.461589
11/24/2009,3.6729,91.889523,3.801316,1.088284,68.782295,1.306577,0.3765,7.020696,1.727247,1.058182,1.009682,493.57974,6.830091,1967.601975,17.328836,5.455613,10.739617,0.668543,0.6032,7.749845,178.800875,9496.051437,46.373743,122.648374,88.50165,88.55342,74.727666,4155.424257,1155.691094,0.285738,148.963883,8462.227069,114.360059,7.612761,6.51,1432.498831,12.920729,3.387334,149.699948,5.612864,1.377241,0.384497,3.004574,47.049485,2.748948,4819.997161,3.64,2.851593,28.80362,3.7502,1.385565,33.231376,1.49787,6.26025,32.250833,1338.500561,8.039989,1876.597903,17884.98564,7.464098
12/1/2009,3.6729,92.395582,3.81352,1.082109,68.96005,1.297476,0.3765,7.021032,1.729273,1.044991,0.999449,496.144364,6.827329,1999.893874,17.206319,5.476136,10.77273,0.662686,0.602256,7.749853,180.186334,9448.811561,46.252962,121.892721,83.293092,86.750152,74.806672,4157.594162,1157.210885,0.285043,148.72817,8468.497744,114.379877,7.577138,6.51,1447.757131,12.864899,3.378217,147.672816,5.621441,1.375781,0.384497,3.004574,46.859915,2.726416,4792.926914,3.64,2.820231,29.177124,3.7508,1.380543,33.184709,1.502763,6.26025,32.16129,1337.500909,7.999828,1874.999586,18289.97061,7.323421
12/8/2009,3.673,92.603929,3.804431,1.102285,68.893286,1.323822,0.3765,7.0168,1.744552,1.058352,1.023829,502.616721,6.828317,2004.331836,17.40054,5.464445,10.743814,0.678144,0.613099,7.750333,184.239295,9465.231041,46.60795,124.395682,85.383486,88.552169,75.54168,4145.110898,1153.415751,0.285024,148.991955,8453.426628,114.209845,7.702976,6.51,1457.228435,12.766943,3.394489,150.873429,5.747534,1.408908,0.384497,3.004574,46.078038,2.779884,4767.501032,3.64,2.867968,30.651828,3.75025,1.391972,33.164353,1.505686,6.26025,32.287339,1338.499486,7.995026,1869.898992,18754.99953,7.504409
12/15/2009,3.6726,94.104026,3.812172,1.103633,69.155933,1.345035,0.3763,7.020654,1.756591,1.062412,1.040797,498.898297,6.828419,1999.34138,17.984492,5.491997,10.750304,0.688441,0.615651,7.75315,190.898895,9464.762399,46.702307,126.39875,89.094299,89.677934,75.293445,4147.367623,1158.843239,0.285814,148.680372,8457.789767,114.309911,7.798277,6.51,1457.638429,12.754037,3.413012,149.731891,5.823323,1.386776,0.384497,3.004574,46.183477,2.8791,4642.716175,3.64,2.924564,30.347956,3.75015,1.394642,33.156648,1.51266,6.26025,32.308976,1338.995757,7.992418,1924.249364,18269.97325,7.468845
12/22/2009,3.672725,95.551653,3.808624,1.13994,69.26678,1.369715,0.3765,6.971815,1.783449,1.057079,1.048888,507.269282,6.829118,2047.07247,18.388347,5.504618,10.752824,0.701608,0.626088,7.754818,192.049356,9494.475749,46.788873,128.269045,88.841802,91.704944,76.050589,4146.077705,1179.585694,0.287032,148.419478,8483.362926,114.309884,7.913828,6.51,1432.563927,12.934793,3.435725,148.874839,5.868335,1.424301,0.384497,3.004574,46.476929,2.925275,4477.497344,3.64,2.957125,30.575285,3.74988,1.406757,33.256709,1.526433,6.26025,32.351677,1331.000881,7.998448,1904.000832,18469.98336,7.723964
12/29/2009,3.672775,96.185685,3.803152,1.11554,69.150741,1.3551,0.37655,7.02008,1.736332,1.040881,1.03441,507.077928,6.829926,2038.511663,18.313318,5.491153,10.756435,0.695966,0.627667,7.7553,189.048366,9438.569457,46.642226,125.467366,89.09473,91.90135,75.775221,4147.042728,1168.519464,0.286891,148.491061,8464.906811,114.316853,7.850524,6.51,1432.677849,13.053529,3.431741,149.746706,5.787487,1.390727,0.384497,3.004574,46.277654,2.872792,4692.786167,3.64,2.925707,30.05065,3.750875,1.403694,33.338464,1.508388,6.26025,32.309356,1340.160556,7.971989,1906.498511,18470.00471,7.410671
1/5/2010,3.672725,95.647242,3.796274,1.094237,68.95229,1.354255,0.3763,7.020247,1.724062,1.037143,1.031381,503.461485,6.827519,2002.299416,18.172833,5.465845,10.79393,0.694935,0.624472,7.756406,186.364631,9339.512468,46.201215,124.693103,87.566515,91.664585,75.350229,4150.138284,1138.78505,0.28679,148.286163,8479.298781,114.309988,7.847154,6.51,1432.55214,12.807654,3.386616,149.3776,5.696407,1.359899,0.384497,3.004574,45.905482,2.833403,4592.581339,3.64,2.903328,29.779722,3.74988,1.395524,33.147053,1.473793,6.31525,31.865677,1327.496933,8.037042,1919.997781,18469.94807,7.294616
1/12/2010,3.672775,93.627397,3.790558,1.083766,69.899608,1.350608,0.376475,7.017441,1.745102,1.036697,1.017616,491.013357,6.827692,1960.286094,18.108275,5.44251,10.689922,0.689699,0.618839,7.755136,185.004242,9172.146349,45.669577,124.248785,89.022228,91.155493,75.623468,4152.487017,1122.38112,0.286943,148.054987,8472.58891,114.259818,7.826317,6.51,1471.905379,12.745505,3.343192,150.782037,5.647462,1.351815,0.384497,3.004574,45.664104,2.820109,4681.558356,3.64,2.857198,29.347354,3.750125,1.389736,33.027004,1.455133,6.31525,31.800717,1333.496741,8.02516,1920.998481,18469.93757,7.447305
1/19/2010,3.67275,96.271993,3.80213,1.084412,69.217226,1.369715,0.3763,7.021735,1.777493,1.031336,1.032988,492.122806,6.827951,1961.30796,18.134768,5.424732,10.763525,0.699967,0.611396,7.762853,187.612576,9281.857208,45.827345,125.544778,89.04396,91.027493,75.848997,4155.351215,1127.840465,0.287127,147.953842,8473.828209,114.208718,7.921014,6.51,1442.471062,12.684057,3.340427,150.699734,5.703476,1.35768,0.384497,3.004574,45.868436,2.822537,4642.453533,3.64,2.88578,29.681555,3.750125,1.391145,32.886994,1.459865,6.31525,31.826799,1349.967106,8.127808,1940.201569,18470.00035,7.417113
1/26/2010,3.67275,98.050369,3.80702,1.114899,69.050322,1.38858,0.3763,7.020035,1.840355,1.063436,1.045842,511.09998,6.827387,1968.895793,18.490909,5.458769,10.777873,0.710559,0.620002,7.774158,193.683904,9389.148168,46.19764,127.544706,89.044198,89.654086,76.328089,4157.019737,1162.987955,0.287239,148.03592,8472.821157,114.495236,8.008865,6.51,1442.640653,12.913415,3.421461,150.650127,5.852085,1.415808,0.384497,3.004574,46.590414,2.90394,4717.505077,3.64,2.931374,30.293556,3.750125,1.404199,33.038995,1.496515,6.31525,32.051939,1340.504281,8.119756,1957.250927,18470.04324,7.610414
2/2/2010,3.673,99.95814,3.83632,1.131206,68.94767,1.403326,0.37655,7.019758,1.838264,1.059453,1.055924,527.989788,6.827634,1972.857383,18.64543,5.470124,10.811061,0.716495,0.626367,7.767659,194.135692,9352.142325,46.141241,127.405909,89.216323,90.476744,76.090417,4154.857731,1159.275677,0.288305,147.87927,8475.248547,114.660026,8.076239,6.51,1452.498816,12.872577,3.416755,151.225075,5.843137,1.407875,0.384497,3.004574,46.370441,2.864103,4774.999713,3.64,2.933834,30.040276,3.750025,1.409077,33.134872,1.487343,6.31525,32.043741,1342.502109,8.07599,1945.499441,18475.01177,7.466513
2/9/2010,3.672775,100.907222,3.841724,1.140939,69.266654,1.421377,0.37655,7.021696,1.851046,1.067823,1.065099,541.068759,6.827486,1982.339699,19.011993,5.490744,10.811425,0.725514,0.638226,7.769804,197.304272,9355.756264,46.562205,128.173397,89.11871,89.62696,76.652562,4169.00548,1160.823484,0.288618,148.037576,8458.73016,114.709998,8.163294,6.51,1444.493721,13.103465,3.430388,151.249936,5.914253,1.441286,0.384497,3.004574,46.350749,2.963299,4692.494691,3.64,2.9976,30.356763,3.750125,1.417209,33.170994,1.511121,6.26025,32.074094,1348.997333,8.079966,1979.998834,18469.95647,7.69762
2/16/2010,3.6703,101.458466,3.85999,1.112291,69.12878,1.432936,0.37655,7.019801,1.847198,1.043972,1.070078,525.760968,6.833631,1930.256206,19.08711,5.490577,10.811045,0.727944,0.63563,7.770591,199.140371,9300.293488,46.093257,127.79912,89.341048,90.128749,77.349739,4185.081112,1149.422415,0.289253,148.078794,8510.167631,114.409917,8.214859,6.51,1442.532142,12.879198,3.42184,151.326435,5.87591,1.418899,0.384497,3.004574,46.070624,2.940508,4695.029251,3.64,3.009476,30.278808,3.750125,1.406232,33.180232,1.511544,6.26025,32.089633,1348.495157,8.019962,2018.599232,18704.95905,7.701704
2/23/2010,3.672725,101.955129,3.865685,1.118259,69.316316,1.440536,0.3763,7.016585,1.820749,1.050515,1.08205,528.74694,6.827496,1924.223917,18.983296,5.482086,10.761251,0.739242,0.648028,7.761953,198.948981,9289.317533,46.23618,128.551841,89.258242,90.350856,76.969177,4192.964867,1151.610551,0.289344,147.35298,8503.722472,114.260381,8.258239,6.51,1432.508728,12.841904,3.397084,150.565178,5.923886,1.43752,0.384497,3.004574,46.083084,2.924284,4712.507296,3.64,3.040623,30.062473,3.750025,1.409516,33.074282,1.536959,6.26025,32.071987,1352.508433,7.980053,2008.254408,18630.06585,7.711864
3/2/2010,3.672775,102.45282,3.860672,1.106537,69.280817,1.443619,0.3765,7.028654,1.786227,1.034933,1.077775,523.450091,6.826493,1925.787244,19.024676,5.488913,11.157948,0.736145,0.668827,7.762972,196.849059,9290.074884,45.936714,128.567225,89.652948,88.906286,76.938949,4192.213751,1148.817126,0.288804,147.551717,8504.472764,114.674287,8.255804,6.51,1451.902421,12.710349,3.378972,150.497931,5.941005,1.436157,0.384497,3.004574,46.06223,2.889504,4710.870287,3.64,3.029612,30.030004,3.750025,1.403397,32.724589,1.535424,6.30025,32.033856,1362.11488,7.987155,2044.177528,19069.17427,7.593757
3/9/2010,3.672825,102.481693,3.858242,1.096963,69.286083,1.442661,0.376505,7.026014,1.792959,1.027097,1.076801,520.483831,6.827078,1918.138534,18.907655,5.485766,11.155349,0.735953,0.667464,7.76004,196.955534,9201.815322,45.602842,128.281314,89.632766,89.871928,76.823372,4190.633673,1134.874378,0.289182,147.485678,8500.679133,114.411365,8.262396,6.51,1451.485262,12.660742,3.340044,150.547303,5.91775,1.427036,0.384497,3.004574,45.760112,2.87335,4699.819876,3.64,3.022426,29.885826,3.750125,1.399609,32.724287,1.539747,6.29025,31.843528,1361.284178,7.981825,2051.004397,19056.56111,7.419697
3/16/2010,3.67255,101.776137,3.860052,1.091565,69.222096,1.42521,0.37655,7.022237,1.763039,1.014927,1.055814,522.187228,6.826523,1893.522919,18.562879,5.483369,11.13168,0.726711,0.658276,7.760212,192.316608,9169.705549,45.488526,125.582717,89.273824,90.399019,76.945179,4186.338388,1133.209153,0.288271,147.053249,8488.447643,113.791884,8.179367,6.51,1417.778161,12.525016,3.316286,150.364649,5.832174,1.413208,0.384497,3.004574,45.703112,2.832107,4712.957644,3.64,2.978191,29.24913,3.750125,1.395316,32.424168,1.525648,6.29025,31.81753,1358.996218,7.976997,2086.996397,18684.9608,7.373909
3/23/2010,3.6726,102.690092,3.865168,1.089072,69.199985,1.446716,0.376515,6.97,1.784352,1.017825,1.057678,534.626333,6.82701,1903.42987,18.809327,5.49515,11.198925,0.739364,0.664649,7.762004,195.456018,9112.484304,45.529288,127.439967,88.890095,90.308389,76.988684,4155.000555,1136.412495,0.28859,146.950087,8454.996819,114.727827,8.280699,6.51,1392.49639,12.531774,3.320238,150.050015,5.940191,1.416068,0.384497,3.004574,45.610531,2.881278,4694.998332,3.64,3.012246,29.623106,3.750125,1.40095,32.319905,1.542877,6.29025,31.854278,1362.999956,7.94302,2130.000463,18670.00407,7.333467
3/30/2010,3.672725,103.326621,3.868704,1.08823,69.377228,1.450686,0.37651,7.065344,1.793468,1.018901,1.064779,526.54645,6.825742,1932.118129,18.893657,5.513893,11.192713,0.744951,0.663018,7.764701,197.045013,9082.735083,45.073415,128.264227,89.751946,92.738149,77.16398,4214.105378,1130.355066,0.28872,148.285464,8546.772882,114.680512,8.302475,6.51,1360.498094,12.412521,3.26757,150.314229,5.978483,1.407497,0.384497,3.004574,45.26881,2.87487,4735.30741,3.64,3.02449,29.401383,3.750025,1.399496,32.334229,1.527652,6.29025,31.804287,1355.047819,8.026242,2079.956338,18999.94059,7.390159
4/6/2010,3.672705,103.186168,3.877043,1.080765,69.153901,1.459999,0.376495,6.970394,1.763024,1.000586,1.06935,520.599916,6.826301,1909.677019,18.853099,5.5047,11.178173,0.746733,0.656778,7.765614,198.017099,9041.207856,44.432029,128.363052,88.656618,93.887403,77.242314,4155.231577,1123.241034,0.288731,146.971701,8416.246118,113.810022,8.346826,6.51,1362.700455,12.249827,3.213846,150.061119,5.978807,1.425016,0.384497,3.004574,44.917305,2.86272,4672.844846,3.64,3.057427,29.371687,3.750025,1.397037,32.37438,1.509918,6.33025,31.661068,1362.005158,7.92404,2077.504296,18950.05046,7.265415
4/13/2010,3.67275,102.255692,3.87447,1.078275,68.712019,1.439899,0.3765,6.96649,1.756268,1.002766,1.056534,518.792867,6.826296,1927.557069,18.522838,5.48899,11.120878,0.735638,0.649377,7.760768,194.502784,9027.000045,44.516177,125.950819,88.488748,93.005992,77.186158,4154.028293,1123.888087,0.287569,145.889343,8391.725687,113.443817,8.248497,6.51,1357.009438,12.191682,3.221639,149.823855,5.880749,1.403737,0.384497,3.004574,44.682112,2.858573,4697.983461,3.64,3.048269,28.942771,3.750125,1.392462,32.347637,1.487804,6.30025,31.575625,1362.759943,7.861282,2077.495955,18984.93978,7.278849
4/20/2010,3.672705,102.967013,3.869455,1.073659,69.190741,1.450256,0.37655,7.01601,1.749992,1.004153,1.065799,527.324904,6.82612,1952.469463,18.78139,5.517644,11.168181,0.743446,0.650264,7.763134,196.529356,9004.382184,44.485912,126.617701,88.773981,93.105088,77.094421,4183.426064,1118.01143,0.288222,146.931523,8451.680335,113.916246,8.302615,6.51,1366.703759,12.215036,3.204995,150.243323,5.897757,1.406001,0.384497,3.004574,44.551609,2.881581,4731.062391,3.64,3.077206,29.030308,3.750125,1.375288,32.162764,1.487624,6.31025,31.435105,1358.69871,7.917872,2084.858483,18964.99733,7.419198
4/27/2010,3.672725,104.40445,3.872043,1.08945,69.241314,1.471644,0.37655,7.118904,1.758638,1.011948,1.083938,529.752846,6.826521,1944.985273,19.235883,5.542046,11.267102,0.757011,0.654197,7.763854,201.184415,9027.998175,44.428942,128.829167,89.382896,93.338548,77.24165,4244.95538,1109.979655,0.288741,149.091894,8578.02784,114.743041,8.390642,6.51,1387.137547,12.242544,3.190088,151.21275,5.920359,1.400213,0.384497,3.004574,44.475878,2.947028,4773.999692,3.64,3.110671,29.055724,3.750125,1.37133,32.2409,1.491897,6.31025,31.371692,1375.919767,8.034594,2088.006866,18884.98578,7.419868
5/4/2010,3.67275,104.830572,3.881313,1.095753,70.437083,1.494244,0.3763,7.139729,1.742905,1.021376,1.09843,525.056183,6.827081,1953.949584,19.566116,5.60567,11.314213,0.767697,0.660035,7.764269,209.579516,9021.780045,44.687023,128.474905,89.255915,94.510984,77.765999,4275.702002,1115.288011,0.28959,148.920462,8416.889296,114.728271,8.503394,6.51,1394.947391,12.387743,3.216067,152.005273,5.99928,1.38357,0.384497,3.004574,44.685632,3.024295,4760.749721,3.64,3.168517,29.308859,3.750125,1.377675,32.282711,1.507414,6.31525,31.453614,1408.430163,8.060191,2121.929728,18944.96188,7.51246
5/11/2010,3.672725,107.761029,3.895549,1.115071,69.354549,1.540255,0.37655,6.97046,1.781196,1.022616,1.108988,536.281532,6.829597,2004.811796,20.117788,5.602981,11.172352,0.787979,0.672034,7.780562,216.851868,9093.710915,45.186621,128.75555,88.473815,92.642562,77.982011,4175.274776,1135.726894,0.28964,146.679841,8266.683415,113.660181,8.72055,6.51,1377.783194,12.524354,3.211237,150.552635,6.173009,1.393369,0.384497,3.004574,44.989251,3.1894,4722.978694,3.64,3.290575,30.243612,3.750125,1.383931,32.327629,1.535347,6.29525,31.717769,1451.807702,7.915,2174.9389,18970.05001,7.548328
5/18/2010,3.67275,110.541249,3.900146,1.147539,69.405837,1.573717,0.3765,7.017707,1.794406,1.032055,1.13731,548.988053,6.828136,1980.074209,20.51825,5.624354,11.17535,0.813702,0.694231,7.79594,223.021907,9141.3591,45.598941,130.335957,88.450541,92.523378,78.451468,4178.635243,1146.405549,0.291246,146.427134,8304.228838,113.704767,8.874587,6.51,1387.373029,12.563244,3.215077,151.892248,6.263829,1.433544,0.384497,3.004574,45.248711,3.217734,4742.278335,3.64,3.380658,30.187152,3.750125,1.388472,32.322528,1.538758,6.32025,31.905076,1423.665103,7.927979,2172.851891,18974.95204,7.560157
5/25/2010,3.672775,111.813112,3.904108,1.223069,69.484291,1.600111,0.3763,7.023474,1.889636,1.07641,1.16046,545.559951,6.830995,1983.579339,20.900726,5.65965,11.1823,0.812806,0.69584,7.801935,228.794106,9348.663165,47.475241,131.041564,88.353938,89.878858,79.804235,4186.336112,1246.14978,0.290221,146.921944,8307.650086,113.760125,8.992146,6.51,1382.498765,13.209265,3.361989,151.224881,6.625622,1.503159,0.384497,3.004574,47.125131,3.406856,4745.000409,3.64,3.41748,31.549986,3.750125,1.417723,32.530401,1.592156,6.30025,32.334922,1505.817377,7.928989,2252.042216,18974.97947,7.944523
6/1/2010,3.67275,111.982927,3.913347,1.197421,70.199588,1.609062,0.37655,7.106387,1.827672,1.050344,1.160186,535.330565,6.829272,1970.779158,21.043261,5.697383,11.301504,0.817893,0.683972,7.791917,227.18002,9256.340819,47.099108,129.560513,88.806096,91.060128,79.909746,4270.868054,1212.556741,0.293562,148.588271,8389.118305,114.484954,9.028051,6.51,1403.338231,12.951492,3.306597,152.560023,6.500322,1.479132,0.384497,3.004574,46.647254,3.384615,4794.795463,3.64,3.434531,31.242785,3.749625,1.412257,32.585779,1.585578,6.30025,32.343866,1463.099638,8.021625,2226.468622,18874.98453,7.702114
6/8/2010,3.672795,114.125587,3.923537,1.214829,69.494843,1.637761,0.37655,7.019472,1.863774,1.05119,1.153319,547.726972,6.829563,1962.745971,21.729698,5.674789,11.190712,0.835809,0.693105,7.804566,236.911735,9276.955874,46.890612,130.77652,87.760598,91.445068,81.996092,4194.683437,1233.884981,0.29326,147.209224,8299.127876,113.659801,9.171032,6.51,1382.356389,12.915326,3.325,151.179691,6.669305,1.504026,0.384497,3.004574,46.645774,3.460894,4762.248426,3.64,3.527312,31.684012,3.74988,1.415572,32.613763,1.603136,6.30025,32.45134,1440.494758,7.922985,2290.749473,18979.95805,7.758221
6/15/2010,3.672705,111.473042,3.925777,1.161078,69.403146,1.595542,0.3765,7.022847,1.797691,1.028194,1.135724,536.536463,6.833478,1926.483178,20.926336,5.679658,11.198232,0.811825,0.676418,7.79112,228.533798,9184.859085,46.457127,127.867876,87.211601,91.30003,80.735669,4206.705637,1226.376686,0.292043,147.268087,8307.445179,113.555332,8.98354,6.51,1377.901713,12.616221,3.262223,151.397097,6.386499,1.436614,0.384497,3.004574,46.441104,3.323054,4768.213881,3.64,3.448455,31.461436,3.750125,1.394428,32.399255,1.573666,6.30025,32.28827,1457.001207,7.91503,2250.000139,18965.05303,7.636462
6/22/2010,3.672675,111.447065,3.92652,1.142293,69.584192,1.595542,0.3765,7.018401,1.770635,1.024113,1.108034,532.671621,6.813946,1890.681311,21.005988,5.67636,11.199107,0.814422,0.676706,7.77927,228.410882,9020.20374,46.093484,127.695589,86.838338,90.53069,80.970314,4199.045758,1186.953422,0.29137,147.019646,8274.692364,113.584911,8.981433,6.51,1377.451738,12.539102,3.212071,151.247247,6.464764,1.416406,0.384497,3.004574,45.72317,3.312204,4769.913816,3.64,3.447849,31.063934,3.750125,1.382607,32.324162,1.562552,6.30025,32.031308,1457.50319,7.913004,2252.498552,18945.00122,7.554537
6/29/2010,3.672725,111.821498,3.931928,1.17345,69.645838,1.60339,0.3763,7.019582,1.800574,1.053051,1.083156,542.297971,6.798486,1901.263215,21.066453,5.696822,11.206735,0.820401,0.663903,7.784316,234.9737,9068.515539,46.501659,128.393604,86.844336,88.579751,81.89583,4204.747844,1217.064122,0.291565,147.489954,8270.856862,113.522448,9.015741,6.51,1364.641244,12.837708,3.25453,150.397601,6.491553,1.44237,0.384497,3.004574,46.458616,3.410641,4782.750103,3.64,3.590153,31.340171,3.750125,1.400777,32.419898,1.58373,6.29525,32.213252,1472.505124,7.910012,2280.499791,19035.02255,7.642684
7/6/2010,3.672705,108.539604,3.931956,1.174078,69.419091,1.554826,0.3763,6.971411,1.76462,1.055894,1.060652,537.488608,6.780922,1881.969254,20.289003,5.692314,11.208478,0.792302,0.659686,7.78865,225.965955,9072.810768,46.806546,124.783738,86.743294,87.629051,81.507857,4259.840011,1222.319299,0.290009,147.305165,8225.539948,113.410277,8.791879,6.51,1363.065872,12.962854,3.203751,149.853266,6.388046,1.440238,0.384497,3.004574,46.396653,3.260116,4750.040274,3.64,3.362823,31.042345,3.74988,1.387513,32.423943,1.556459,6.30025,32.189629,1506.009261,7.909031,2270.506058,19080.07051,7.646047
7/13/2010,3.672725,108.002121,3.931791,1.136181,69.505507,1.556063,0.3765,7.017529,1.755483,1.03139,1.056495,535.796651,6.772823,1875.09781,20.146129,5.695045,11.210236,0.787769,0.660119,7.773735,221.19735,9044.284182,46.803547,124.936619,86.782326,88.354285,81.74998,4214.517838,1210.112432,0.29,147.427499,8239.474899,113.200999,8.784133,6.51,1361.844419,12.745488,3.200074,150.366045,6.290928,1.395093,0.384497,3.004574,46.387068,3.241944,4756.124199,3.64,3.379939,30.796031,3.74988,1.378202,32.35972,1.553871,6.31025,32.180958,1500.059193,7.899745,2261.420762,19023.97621,7.554586
7/20/2010,3.672725,105.024345,3.934618,1.138903,69.516038,1.522746,0.37651,7.019096,1.792576,1.051927,1.051852,531.811614,6.77892,1875.766518,19.726411,5.697923,11.22125,0.776053,0.65679,7.774901,225.701297,9085.137759,47.28404,122.709008,86.982635,87.132006,81.768083,4224.455372,1206.585023,0.289476,147.500135,8248.610713,112.809957,8.649638,6.51,1362.493873,12.898667,3.211695,150.699675,6.303346,1.40388,0.384497,3.004574,46.425698,3.219713,4767.491234,3.64,3.325445,30.606825,3.750125,1.375451,32.290209,1.539024,6.31025,32.154569,1500.493514,7.903969,2259.99448,19089.92977,7.608743
7/27/2010,3.672705,104.369014,3.933137,1.107568,69.518436,1.500664,0.37655,7.019333,1.761364,1.032523,1.059343,518.65087,6.778406,1856.134733,19.250854,5.703484,11.22392,0.769282,0.642652,7.765855,218.299275,9014.077948,46.522122,121.011769,86.987063,87.663179,80.623008,4202.599233,1181.960895,0.288491,147.51354,8254.461137,112.789863,8.534502,6.51,1354.410565,12.634996,3.183183,150.234734,6.150241,1.361154,0.384497,3.004574,45.78765,3.072585,4782.343187,3.64,3.263049,30.171271,3.74988,1.361468,32.188279,1.512268,6.31025,32.032455,1511.968142,7.899514,2250.096778,19092.17003,7.31192
8/3/2010,3.672775,102.936516,3.938195,1.095322,69.680614,1.479325,0.37655,7.023093,1.755069,1.023458,1.03817,517.270047,6.77369,1832.403101,18.702529,5.695008,11.237651,0.755787,0.627369,7.761608,213.011248,8935.092675,46.139632,118.288399,87.000253,85.850552,80.159863,4196.851464,1170.014464,0.286785,147.510557,8247.002874,112.309965,8.439363,6.51,1347.827071,12.587322,3.15826,150.168099,5.958925,1.362182,0.384497,3.004574,45.096671,3.022767,4765.577733,3.64,3.206157,29.706233,3.750025,1.350179,32.165525,1.494758,6.31025,31.801081,1519.999395,7.897023,2222.501547,19095.02262,7.280664
8/10/2010,3.67285,103.75118,3.930943,1.098779,69.195539,1.489237,0.3765,6.969551,1.758855,1.033636,1.054077,513.568507,6.771938,1809.101677,18.872274,5.676277,11.233954,0.760643,0.633488,7.763693,212.721802,8951.293055,46.367525,117.293628,86.74146,85.80225,79.594562,4249.725744,1167.242137,0.287233,147.204955,8200.277241,112.360057,8.498617,6.51,1339.046829,12.689329,3.152497,150.209908,6.030411,1.38717,0.384497,3.004574,44.942515,3.033656,4747.578844,3.64,3.228358,29.924238,3.750125,1.355536,31.960176,1.4996,6.29025,31.789132,1524.49949,7.890042,2201.502269,19090.01432,7.237618
8/17/2010,3.673305,105.797123,3.932714,1.105021,69.647472,1.520852,0.37655,7.01974,1.7503,1.034133,1.043074,502.821912,6.792042,1807.875205,19.337573,5.696055,11.243156,0.776404,0.641146,7.769834,216.538636,8954.306508,46.601921,118.930239,86.990284,85.417706,80.405416,4256.845008,1177.855903,0.288071,147.27518,8217.023717,112.359943,8.624557,6.51,1312.504844,12.603144,3.156777,150.614914,6.140667,1.404824,0.384497,3.004574,45.134393,3.087792,4767.494608,3.64,3.292218,30.511507,3.750125,1.354225,31.727437,1.498934,6.30025,31.915773,1517.963787,7.895459,2215.995482,19099.94876,7.256832
8/24/2010,3.671245,107.70237,3.946097,1.131172,69.762788,1.55088,0.3763,7.079183,1.772322,1.060273,1.035456,508.934075,6.797697,1822.251355,19.689619,5.721752,11.301341,0.790117,0.64837,7.776564,225.486565,8991.351,46.900943,121.168675,87.258414,84.175355,81.551455,4238.638593,1191.553559,0.289645,148.310865,8291.219015,112.780006,8.788579,6.51,1320.050464,12.947815,3.145353,151.456692,6.294857,1.420851,0.384497,3.004574,45.478191,3.189279,4788.890806,3.64,3.358879,30.782595,3.750125,1.361594,31.526717,1.532264,6.30025,32.06385,1530.547078,7.956607,2267.850282,19619.3719,7.377056
8/31/2010,3.67275,108.036513,3.943976,1.124458,69.408173,1.542441,0.3763,6.970821,1.758491,1.064619,1.016623,502.738519,6.806348,1823.953111,19.585547,5.704336,11.25611,0.78796,0.650993,7.779264,225.837017,9037.634689,47.040247,120.530451,86.589951,84.201909,81.008593,4195.49705,1198.084175,0.288321,147.250294,8168.023502,112.709921,8.71939,6.51,1300,13.214866,3.148972,151.424995,6.3089,1.43254,0.384497,3.004574,45.30054,3.165221,4760.006873,3.64,3.356674,30.814483,3.750125,1.355374,31.28191,1.526655,6.30025,32.050362,1514.994101,7.886994,2255.998033,19489.96459,7.397736
9/7/2010,3.672795,107.432351,3.944401,1.095749,69.651124,1.534695,0.376505,7.020114,1.727333,1.043911,1.011397,498.607364,6.791091,1809.573001,19.419819,5.703797,12.616779,0.786687,0.651972,7.767847,224.797007,9016.452999,46.814534,117.954267,87.062826,83.798352,81.046999,4215.073234,1176.565727,0.288018,147.367554,8189.579959,112.579894,8.707584,6.51,1317.430438,13.049118,3.125498,151.046246,6.20162,1.387187,0.384497,3.004574,44.562339,3.089375,4792.37861,3.64,3.367086,30.813444,3.750125,1.348137,31.173339,1.512662,6.29025,31.970602,1519.502205,7.945014,2237.001111,19455.00447,7.268867
9/14/2010,3.672705,105.528889,3.944428,1.063926,69.304769,1.522035,0.37651,7.020175,1.709326,1.025173,0.998474,494.516826,6.745652,1792.779936,19.125287,5.706523,12.61686,0.770318,0.645278,7.766521,219.766395,8955.533874,46.300935,117.423158,86.832042,83.150104,80.992322,4230.105152,1162.103889,0.287673,147.147212,8185.438911,112.389724,8.637722,6.51,1327.24614,12.847797,3.103908,151.785585,6.08232,1.36284,0.384497,3.004574,44.335777,3.069183,4802.041903,3.64,3.285132,30.733252,3.74988,1.335483,30.775832,1.498734,6.30025,31.763073,1516.496078,7.926985,2253.997168,19484.94272,7.100574
9/21/2010,3.672775,104.316039,3.952381,1.053617,69.819204,1.490713,0.376505,6.97224,1.729631,1.029297,1.00081,498.007738,6.709014,1802.819025,18.820196,5.704626,12.630054,0.758266,0.642587,7.761844,213.263206,8955.172548,45.623868,116.535313,87.069006,85.293625,81.050948,4211.314192,1159.691529,0.287123,147.42679,8153.645579,112.433144,8.490652,6.51,1322.245762,12.761773,3.098621,153.283715,6.025295,1.369416,0.384497,3.004574,43.905429,3.00686,4791.438929,3.64,3.249376,31.214624,3.750125,1.331451,30.766573,1.494091,6.31025,31.65252,1513.300503,7.943871,2259.704718,19484.96159,7.102375
9/28/2010,3.672725,101.89154,3.968966,1.036029,69.674393,1.453057,0.37655,6.972445,1.710487,1.031132,0.979769,484.978232,6.691416,1803.842449,18.27977,5.699163,12.63469,0.737353,0.632262,7.758147,206.496453,8949.139479,45.095638,114.20444,86.745374,83.95375,80.803614,4241.48662,1146.887557,0.285338,147.418691,8111.0211,111.819697,8.315897,6.51,1324.492533,12.518613,3.089163,154.999648,5.886628,1.356579,0.384497,3.004574,44.006172,2.954012,4799.989692,3.64,3.163661,30.57136,3.750125,1.319468,30.564682,1.471465,6.31025,31.431408,1511.493522,7.933987,2247.997452,19479.92808,6.992369
10/5/2010,3.672725,100.158287,3.959376,1.033621,70.563915,1.419314,0.37655,7.016409,1.68448,1.018311,0.967438,483.553362,6.691643,1802.976439,17.757215,5.694423,12.633891,0.723378,0.628968,7.75632,198.100251,8932.440355,44.552449,111.822364,87.042194,83.236225,80.702144,4212.844565,1128.995059,0.283964,147.396674,8100.677358,111.574765,8.147553,6.51,1311.797729,12.527041,3.0948,153.459295,5.8267,1.338513,0.384497,3.004574,43.694323,2.881567,4914.116709,3.64,3.10225,30.30429,3.750125,1.310949,30.118296,1.439843,6.31025,31.050254,1481.964717,7.952476,2252.497283,19494.95414,6.918003
10/12/2010,3.672725,100.138599,3.958396,1.015631,70.318983,1.413876,0.376505,6.971887,1.670177,1.011807,0.959165,478.703959,6.673212,1786.316372,17.733968,5.704069,12.646729,0.720565,0.632442,7.759516,197.922672,8936.328466,44.598298,111.779832,86.772585,81.849783,80.882117,4230.995373,1129.480687,0.282475,147.726091,8036.434541,111.624906,8.136686,6.51,1307.728974,12.444482,3.106796,152.213558,5.870692,1.325436,0.384497,3.004574,43.68847,2.865611,4895.429788,3.64,3.089673,30.182476,3.750025,1.306518,29.944325,1.420376,6.31025,31.009694,1506.002595,7.94503,2262.502165,19450.02884,6.887075
10/19/2010,3.672795,99.88281,3.953993,1.026359,70.301159,1.411224,0.37651,6.970116,1.689564,1.029156,0.96921,486.819516,6.644662,1809.760079,17.720605,5.736698,12.647402,0.725456,0.635967,7.759398,199.76319,8935.029034,44.411733,111.436782,86.463896,81.607341,80.824647,4245.070784,1126.961822,0.282431,147.496026,8009.76766,111.784935,8.133936,6.51,1292.516018,12.458755,3.112344,151.138326,5.902964,1.337819,0.384497,3.004574,43.426704,2.840248,4932.525724,3.64,3.10325,30.621528,3.750125,1.308727,29.937423,1.427704,6.31025,30.903297,1494.053012,7.95299,2272.021492,19489.96739,6.958245
10/26/2010,3.672705,99.597337,3.954216,1.014712,70.955218,1.405848,0.376505,7.022995,1.703448,1.023314,0.980477,490.918627,6.663416,1833.510636,17.720352,5.77489,12.657822,0.721056,0.630571,7.758249,197.581858,8922.814545,44.544135,111.524348,86.769893,81.344805,80.703255,4216.801934,1120.075156,0.281511,147.541443,8055.905693,111.677759,8.083853,6.51,1287.644616,12.39418,3.098143,150.725897,5.846827,1.334181,0.384497,3.004574,43.197101,2.828637,4962.396963,3.64,3.075591,30.524118,3.750125,1.297545,29.899275,1.422991,6.31025,30.69258,1494.538938,7.949044,2283.534219,19495.04974,6.927347
11/2/2010,3.67265,98.770042,3.957734,1.000638,70.545807,1.395217,0.376495,6.972553,1.702815,1.009907,0.98009,486.566419,6.68035,1836.895364,17.481912,5.77456,12.661776,0.712971,0.624197,7.751278,193.233006,8925.997153,44.232711,110.471029,86.516239,80.731855,80.47735,4211.542838,1112.062788,0.280504,147.503845,8020.225567,111.657313,8.043602,6.51,1280.039307,12.300925,3.085391,150.127136,5.848763,1.295995,0.384497,3.004574,42.658475,2.82123,4932.380497,3.64,3.057993,30.780668,3.750125,1.287782,29.781752,1.414058,6.31025,30.499429,1494.929348,7.95002,2286.002447,19480.01648,6.929117
11/9/2010,3.67265,99.950831,3.960515,0.989981,70.417759,1.402521,0.37655,6.971759,1.696194,1.002967,0.965226,476.743935,6.64549,1833.893836,17.662929,5.745617,12.667372,0.723065,0.622388,7.75111,196.648234,8912.671686,44.335786,110.327644,86.717986,81.209892,80.418199,4056.021886,1111.973109,0.28091,147.480738,8033.575762,111.517846,8.083291,6.51,1277.46702,12.190245,3.096993,150.298946,5.808907,1.276217,0.384497,3.004574,43.219069,2.812406,4911.825145,3.64,3.07774,30.738157,3.750075,1.28587,29.508154,1.407704,6.31025,30.151082,1488.471782,7.960967,2290.95896,19484.95332,6.827047
11/16/2010,3.67265,102.283815,3.967377,1.02274,70.281248,1.436831,0.3765,6.968147,1.732806,1.019679,0.991061,484.025352,6.63863,1874.256093,18.118537,5.749151,12.670963,0.739712,0.627932,7.754615,203.908767,8972.79657,45.41742,112.566819,86.596306,83.28872,80.281925,4051.514326,1131.344368,0.281197,147.672443,8013.220467,111.664957,8.23876,6.51,1274.211218,12.374562,3.133278,150.937681,6.031427,1.300566,0.384497,3.004574,43.792551,2.892448,4763.897947,3.64,3.159376,31.108216,3.74988,1.301867,29.886561,1.457179,6.31025,30.280814,1503.400705,7.95178,2294.804063,19484.83463,7.030556
11/23/2010,3.672675,102.894064,3.971496,1.025877,70.300361,1.449181,0.3763,6.968053,1.735387,1.023151,0.993091,481.646549,6.644399,1893.603426,18.336418,5.755772,12.67901,0.746296,0.631289,7.758553,204.621332,8992.749382,45.62036,112.831214,86.68655,83.149952,80.169369,4058.87008,1161.130636,0.281135,147.234189,8009.123518,111.226046,8.32239,6.51,1254.862285,12.430787,3.136831,150.516687,6.093182,1.312323,0.384497,3.004574,44.321181,2.929979,4697.552916,3.64,3.200777,31.441245,3.74988,1.312973,30.055134,1.47782,6.31025,30.490051,1462.031217,7.960041,2293.253598,19490.06632,7.088453
11/30/2010,3.67275,106.486718,3.979045,1.042654,70.348801,1.504705,0.37655,6.959886,1.718249,1.02513,1.000613,488.016947,6.666963,1919.025129,19.169746,5.789812,12.684306,0.76877,0.643063,7.766952,217.91266,9040.84852,45.920314,117.32304,87.215104,83.710647,80.819536,4074.131651,1160.361476,0.282103,147.602189,8048.348669,111.391111,8.550043,6.51,1237.310571,12.504827,3.166202,150.875617,6.209637,1.34655,0.384497,3.004574,44.111677,3.130635,4717.75527,3.64,3.300548,31.438485,3.750125,1.322588,30.191626,1.510065,6.31025,30.482309,1485.65777,7.968999,2312.49513,19499.90375,7.112472
12/7/2010,3.67265,104.194187,3.979214,1.010251,70.709947,1.463605,0.37655,7.013464,1.675732,1.007089,0.982497,477.156174,6.645891,1891.645895,18.784765,5.783848,12.695949,0.751697,0.633758,7.763025,208.263526,9004.457914,44.689268,113.813405,87.006387,83.057785,80.319694,4062.006411,1130.11443,0.281789,147.421941,8017.916782,111.110703,8.358785,6.51,1225.640872,12.37714,3.143472,151.179232,5.9724,1.31278,0.384497,3.004574,43.576635,3.002095,4643.335245,3.64,3.220661,31.098336,3.75027,1.304272,29.999992,1.476051,6.31025,30.100044,1474.017678,7.94607,2300.020528,19490.02174,6.883948
12/14/2010,3.672775,104.563311,3.971278,1.000785,70.447254,1.455761,0.37655,6.999784,1.696105,1.005961,0.960545,473.417436,6.65639,1905.589129,18.740916,5.794422,12.688491,0.746559,0.632863,7.773305,206.194541,9009.487032,44.949389,114.046339,86.883566,83.409231,80.47163,4052.277559,1139.331995,0.281717,147.166624,8064.078303,110.789977,8.322257,6.51,1212.711492,12.383018,3.12629,152.196819,5.884628,1.3272,0.384497,3.004574,43.716356,2.969855,4641.950436,3.64,3.196052,30.674007,3.750225,1.300417,30.005178,1.505204,6.31025,29.896884,1447.499218,7.969985,2306.497752,19499.97023,6.825339
12/21/2010,3.67275,105.337578,3.9752,1.002917,70.591968,1.486747,0.37651,7.011862,1.699066,1.01825,0.958668,469.24881,6.658623,1933.123526,19.222481,5.808307,12.707408,0.762387,0.646597,7.773719,209.869183,9033.403851,45.216717,116.777992,86.893139,83.700034,80.451678,4056.073554,1153.550316,0.28251,147.235077,8075.565108,111.187599,8.472099,6.51,1221.512968,12.384682,3.130585,154.707341,5.976786,1.344562,0.384497,3.004574,44.349716,3.036108,4642.607146,3.64,3.260979,30.605509,3.750125,1.312987,30.153984,1.556535,6.31025,29.875617,1453.497469,7.974999,2291.997188,19499.94299,6.814441
12/28/2010,3.672725,105.07424,3.974209,0.989271,70.898816,1.48224,0.37655,6.95988,1.685995,1.00102,0.950537,469.779569,6.625541,1959.704303,19.242254,5.808531,12.708552,0.761667,0.649184,7.780605,211.477519,9015.569742,45.028847,115.854458,86.616722,82.211114,80.651262,4062.542865,1144.420494,0.282451,147.355304,8060.302084,110.908592,8.475626,6.51,1228.533755,12.351438,3.092544,153.934895,5.944463,1.322975,0.384497,3.004574,43.896006,3.018037,4641.635555,3.64,3.254781,30.383342,3.750125,1.29644,30.176631,1.559377,6.31025,29.494049,1458.515612,7.968004,2319.005684,19485.03115,6.68793
1/4/2011,3.672725,103.97171,3.971801,0.99359,71.144378,1.457279,0.37651,7.01092,1.661447,0.996526,0.946569,488.144865,6.608494,1904.936754,18.58305,5.79211,12.717199,0.75058,0.640908,7.768661,205.741015,8988.097143,45.013469,114.822196,86.854648,82.045681,80.94126,4044.801744,1121.08625,0.281091,147.309058,8073.032337,110.799423,8.336593,6.51,1260.084494,12.221832,3.064305,152.349884,5.842283,1.303393,0.384497,2.800036,43.582586,2.935921,4641.732949,3.64,3.186995,30.553046,3.750125,1.286076,30.06752,1.546128,6.33025,29.160929,1479.711571,7.969963,2319.999698,19499.97012,6.665823
1/11/2011,3.672725,106.811831,3.977006,1.014323,71.173739,1.510516,0.37651,7.012832,1.689511,0.9906,0.972107,496.186429,6.62301,1865.465353,18.936038,5.80388,12.725627,0.770941,0.641133,7.77628,215.120174,9082.516452,45.13274,118.49414,86.941586,83.230177,81.026669,4041.215686,1124.338164,0.28232,147.230012,8080.29912,110.683147,8.576709,6.51,1244.644277,12.190195,3.069213,152.671074,5.958274,1.316739,0.384497,2.803454,44.150638,3.002935,4564.92597,3.64,3.28693,30.600362,3.750125,1.294538,30.511594,1.57999,6.31525,29.1639,1475.004055,7.982015,2343.500688,19455.03352,6.861298
1/18/2011,3.67275,103.765685,3.979115,1.002376,71.107655,1.462729,0.3763,6.960751,1.673964,0.989556,0.961541,490.625691,6.583635,1872.924821,18.159201,5.823868,12.728683,0.747027,0.625607,7.776999,203.770242,9041.56115,45.425234,117.129934,86.675661,82.577139,80.936119,4039.294256,1111.857183,0.280694,146.899671,8027.265201,110.777635,8.364715,6.51,1236.984145,12.006977,3.056715,152.459659,5.841137,1.296841,0.384497,2.786935,44.516052,2.894847,4641.718002,3.64,3.183453,29.896002,3.750125,1.283112,30.478328,1.536475,6.31525,29.021895,1482.491025,7.947443,2392.491026,19491.11091,6.902282
1/25/2011,3.67275,102.162031,3.985354,1.007237,71.118862,1.438522,0.37655,6.957552,1.671388,0.998591,0.944647,492.910687,6.582644,1850.615997,17.782126,5.816774,12.733478,0.732322,0.632887,7.792389,202.243946,9040.568614,45.764893,117.017398,86.821726,82.340539,80.865319,4042.286231,1121.103033,0.279898,146.745658,8070.026184,110.844004,8.233848,6.51,1237.186599,12.095665,3.052966,152.367415,5.769675,1.306852,0.384497,2.776099,44.579534,2.850471,4641.796797,3.64,3.131782,29.819976,3.749725,1.282205,30.95419,1.567597,6.31525,29.036477,1508.50061,7.938022,2299.997426,19499.98161,7.068672
2/1/2011,3.67275,101.268834,4.002973,0.989938,71.162407,1.421894,0.3763,7.011227,1.664567,0.993345,0.938544,480.253213,6.591144,1859.990042,17.493517,5.857391,12.743717,0.724386,0.620044,7.791721,197.207516,9023.626243,45.683416,115.593956,87.061724,81.472022,81.16306,4044.843795,1111.439858,0.279756,146.829105,8057.466303,110.760107,8.167799,6.51,1244.253726,12.048685,3.055074,152.309907,5.722357,1.282664,0.384497,2.769725,44.114026,2.845365,4617.043039,3.64,3.093527,29.733997,3.750225,1.273158,30.887552,1.588139,6.31525,29.031595,1507.503032,7.950018,2307.502341,19495.01854,7.150192
2/8/2011,3.672705,103.024844,4.019262,0.985391,71.300037,1.434408,0.37655,6.96,1.673134,0.992123,0.958642,478.778267,6.570649,1871.027655,17.618759,5.878506,12.749707,0.732527,0.622095,7.781548,197.34269,8918.281437,45.237788,115.750274,86.590156,82.183359,81.174682,4034.998166,1102.369146,0.28,146.650311,8034.998166,110.930158,8.218588,6.51,1254.002193,12.011389,3.03136,152.61239,5.75639,1.289679,0.384497,2.767751,43.367031,2.849725,4592.50183,3.64,3.117984,29.176607,3.750125,1.272227,30.701754,1.576763,6.31525,28.916953,1507.499083,7.952032,2331.250455,19490.00359,7.213211
2/15/2011,3.67275,103.219393,4.024852,1.001916,70.90202,1.44768,0.37655,7.011294,1.667908,0.987762,0.96878,471.534909,6.589597,1898.392485,18.000469,5.879546,12.754799,0.741152,0.62005,7.793509,200.78936,8902.507368,45.490204,117.521591,86.847834,83.801204,81.458803,4035.746262,1121.027203,0.280243,146.40132,8071.470318,110.768024,8.285465,6.51,1252.725374,12.086645,3.05045,152.564828,5.813067,1.329529,0.384497,2.769828,43.638467,2.907994,4582.62574,3.64,3.148438,29.332813,3.750125,1.280105,30.701634,1.592708,6.31525,29.470191,1500.580962,7.958984,2371.496188,19509.94308,7.303522
2/22/2011,3.672775,102.095993,4.024739,1.00013,71.067246,1.431049,0.37655,7.012735,1.668324,0.988096,0.939137,471.666538,6.579472,1887.884567,17.933283,5.889381,12.75699,0.732086,0.61947,7.791124,199.238917,8869.686179,45.236744,117.563109,86.948257,82.945028,82.006865,4026.575079,1125.713873,0.280187,146.203193,8068.562669,110.892662,8.215726,6.51,1247.770776,12.102565,3.046177,153.576842,5.674927,1.337298,0.384497,2.772304,43.673476,2.901515,4593.004251,3.64,3.094474,29.351794,3.750125,1.278863,30.603119,1.596455,6.300375,29.518719,1515.708773,7.951092,2347.789894,20880.03534,7.14556
3/1/2011,3.672825,101.066483,4.031017,0.984334,71.457787,1.414695,0.376545,7.008657,1.661893,0.972645,0.929032,476.003397,6.570318,1911.760673,17.634438,5.90044,12.76697,0.724906,0.614314,7.788645,197.440345,8811.038592,44.943058,115.766615,86.877787,81.93513,82.738134,4028.753946,1122.856761,0.27851,145.863233,8062.67472,110.712008,8.127758,6.51,1247.562886,12.095959,3.03327,153.451486,5.582767,1.333542,0.384497,2.775222,43.433871,2.873418,4567.618279,3.64,3.046467,28.598156,3.750175,1.270879,30.549561,1.608412,6.31675,29.573817,1518.553844,7.945455,2369.772818,20870.26394,6.954931
3/8/2011,3.67275,100.788872,4.027883,0.990354,71.750989,1.407264,0.37655,7.011951,1.654475,0.972357,0.933825,475.562541,6.569358,1895.486987,17.442604,5.910926,12.779726,0.719204,0.618962,7.788885,196.099481,8783.204038,45.063449,116.025747,86.977981,82.604003,83.261804,4016.297489,1117.446161,0.278468,145.619283,8042.455605,110.009983,8.093068,6.51,1247.727644,12.037325,3.033625,154.397201,5.581768,1.351663,0.384497,2.76925,43.502633,2.867175,4457.9054,3.64,3.01356,28.277894,3.750125,1.268468,30.360274,1.592811,6.31525,29.420002,1513.641308,7.941009,2385.038905,20870.01648,6.899711
3/15/2011,3.672725,100.451129,4.033817,1.012027,71.685673,1.408682,0.376545,7.013591,1.671069,0.98671,0.918027,484.19099,6.572729,1880.625493,17.540019,5.929365,12.789232,0.716102,0.623223,7.79694,197.072548,8812.818205,45.228092,116.168201,87.192533,80.875363,85.85268,4037.25937,1136.149066,0.278323,146.085434,8068.329156,110.40412,8.086441,6.51,1227.794987,12.035325,3.067104,155.991626,5.679795,1.370149,0.384497,2.769836,43.801869,2.923077,4303.02213,3.64,3.00569,28.831552,3.75015,1.28311,30.438193,1.586593,6.30025,29.542034,1513.612756,7.962461,2427.496269,20869.94,6.997084
3/22/2011,3.672725,98.979089,4.042464,0.988429,72.077812,1.376269,0.37655,6.962659,1.664236,0.97864,0.903545,482.202478,6.549244,1869.190481,17.199344,5.943476,12.793765,0.703899,0.610486,7.793697,190.304982,8708.977471,44.949273,113.674936,86.938386,80.986389,84.891883,4011.516769,1122.702934,0.276941,145.895122,8022.48378,110.318805,7.968808,6.51,1210.875385,11.981043,3.027881,155.224082,5.565538,1.347914,0.384497,2.783158,43.340629,2.838505,4273.162529,3.64,2.905079,28.281905,3.750125,1.263286,30.219928,1.568486,6.3225,29.559799,1505.74429,7.96497,2408.698539,20830.00422,6.897897
3/29/2011,3.672725,99.707663,4.043348,0.974804,72.868762,1.390455,0.376485,7.014192,1.658943,0.975635,0.920765,482.341673,6.560433,1880.612233,17.417636,5.948372,12.799459,0.709674,0.625794,7.794591,190.245814,8709.481122,44.743014,115.003626,87.191212,82.327425,83.654288,4022.403761,1112.139833,0.277673,145.630164,8068.043154,110.360003,8.015613,6.51,1194.594938,11.967149,3.027971,155.962349,5.61097,1.325739,0.384497,2.815597,43.51258,2.840537,4178.165428,3.64,2.929032,28.383436,3.750105,1.262358,30.319508,1.561882,6.312275,29.487676,1506.861197,7.972143,2404.42624,20870.06384,6.867858
4/5/2011,3.67262,99.140998,4.050847,0.968217,72.81448,1.380641,0.376525,7.006611,1.610379,0.964298,0.924512,474.493697,6.541303,1843.4852,17.221916,5.951601,16.764911,0.703525,0.614827,7.774203,186.360623,8647.114336,44.362202,114.33918,85.184225,84.620416,83.708565,4013.342538,1088.006483,0.277391,145.610634,8041.437244,110.309751,7.968447,6.51,1199.553127,11.845015,3.025972,153.921185,5.484779,1.300675,0.384497,2.810974,43.377582,2.833545,4079.245542,3.64,2.901892,28.324636,3.750125,1.26073,30.196134,1.532215,6.31525,29.259388,1507.98226,7.975006,2382.566042,20834.34237,6.721444
4/12/2011,3.672725,98.087723,4.047419,0.954831,72.933782,1.351634,0.376515,7.013081,1.585009,0.960814,0.898026,473.797613,6.54022,1818.740352,16.887372,5.964177,16.790155,0.691121,0.614686,7.773357,184.059494,8663.336029,44.346081,112.406269,85.283101,83.892967,84.095898,3976.739537,1091.697868,0.276625,145.409246,8058.195923,110.361911,7.819098,6.51,1205.181396,11.79839,3.025601,155.326504,5.45592,1.274358,0.384497,2.791046,43.160422,2.745888,4090.066852,3.64,2.843274,28.065628,3.750125,1.257326,30.1425,1.517527,6.31525,29.087724,1511.351099,7.969965,2330.117687,20804.94292,6.716756
4/19/2011,3.672795,98.924663,4.070989,0.951526,72.894981,1.367512,0.37654,6.957365,1.581943,0.956921,0.898787,473.913596,6.530343,1793.112925,16.862723,5.949028,16.797646,0.698064,0.61331,7.777563,186.300247,8688.356869,44.477447,113.720281,85.109316,82.542879,83.802292,3983.4884,1087.290081,0.276147,145.420164,8023.173542,110.350078,7.909679,6.51,1212.218018,11.694809,3.024119,154.529657,5.427964,1.269471,0.384497,2.821904,43.300247,2.781779,4062.038414,3.64,2.857131,28.204625,3.75015,1.245731,30.041466,1.533017,6.328,29.072132,1512.229898,7.977504,2377.445661,20899.93777,6.834039
4/26/2011,3.672795,96.940476,4.079177,0.928532,72.954494,1.338042,0.37655,7.010396,1.565619,0.951992,0.877461,466.114723,6.528272,1785.856947,16.470896,5.94606,16.816117,0.683418,0.607004,7.771534,180.888446,8640.576345,44.513343,112.55056,85.347977,81.708088,83.684941,4060.247889,1083.714473,0.275585,145.514773,8037.183485,110.160106,7.775408,6.51,1247.712383,11.585998,2.98704,154.798054,5.32212,1.241668,0.384497,2.82808,43.237442,2.691387,3962.99961,3.64,2.786167,27.845921,3.750105,1.233054,29.960447,1.524526,6.329,28.915474,1507.504461,7.972528,2372.550575,20680.61018,6.696598
5/3/2011,3.672825,95.969672,4.082316,0.919669,73.057078,1.323285,0.37655,7.010662,1.588643,0.952149,0.862575,461.219952,6.497027,1774.70767,16.343538,5.959346,16.821158,0.674169,0.606387,7.76742,179.568175,8551.256595,44.486246,111.225993,85.189877,80.902306,83.452118,4067.303484,1072.096311,0.274438,145.827587,8045.138024,109.762828,7.692378,6.51,1265.520832,11.569211,2.976195,154.87883,5.266384,1.248654,0.384497,2.828922,42.905396,2.668674,3990.100903,3.64,2.774987,27.428138,3.750075,1.22735,30.001762,1.532052,6.32525,28.579706,1510.57818,7.972487,2382.500335,20604.99141,6.630782
5/10/2011,3.67275,98.716712,4.075848,0.924669,73.321378,1.362178,0.37645,6.891998,1.609295,0.959145,0.879244,466.334018,6.491987,1779.710332,16.86191,5.928371,16.824092,0.695364,0.61158,7.772338,183.603024,8552.292314,44.733236,113.820307,84.921578,80.71443,84.771354,4011.16301,1081.310401,0.275413,145.901103,8017.807982,109.723912,7.881848,6.51,1245.433312,11.587931,2.987777,156.140223,5.436048,1.259953,0.384497,2.797107,42.958262,2.738195,3985.504071,3.64,2.847475,27.821958,3.750125,1.232737,30.152396,1.561801,6.32525,28.581544,1517.48825,7.974949,2387.495898,20599.93878,6.760928
5/17/2011,3.67275,99.621618,4.078924,0.944778,73.239267,1.380154,0.37622,7.004176,1.630142,0.974615,0.883503,474.494381,6.505996,1822.082285,17.23464,5.939076,16.833989,0.704466,0.616046,7.774679,188.693892,8568.911184,45.122992,115.712347,85.196815,81.480283,86.555013,4006.669868,1090.857333,0.276102,145.595342,8042.598123,109.760115,7.977066,6.51,1212.36893,11.750003,3.043531,155.802549,5.6005,1.280193,0.384497,2.759327,43.327286,2.772423,4004.783368,3.64,2.902886,28.242645,3.750105,1.248414,30.291579,1.587579,6.32525,28.86387,1526.509901,7.989995,2397.48184,20655.01792,6.986375
5/24/2011,3.672775,100.154218,4.087274,0.946679,73.388527,1.388186,0.37647,7.013685,1.628471,0.977334,0.879871,471.943807,6.49869,1828.306548,17.437802,5.956761,16.841671,0.708961,0.618426,7.776558,191.192628,8563.292406,45.198198,116.64964,85.189757,81.992202,86.355328,4102.158088,1093.575965,0.276466,145.224109,8045.921428,109.956782,7.998426,6.51,1215.75933,11.704256,3.049867,156.933852,5.561398,1.252038,0.384497,2.75066,43.40715,2.801689,3996.477586,3.64,2.924621,28.376678,3.750016667,1.246362,30.404618,1.600132,6.313525,28.920969,1533.999759,8.000043,2390.251345,20583.35018,7.0031
5/31/2011,3.672783333,98.89220533,4.082452667,0.938167,73.56011667,1.359180667,0.376666667,6.966053333,1.581399333,0.969410667,0.853242667,465.5962553,6.481322667,1803.863601,17.05700867,5.938003333,16.82278267,0.695218,0.607368,7.777367333,185.2504013,8539.957843,45.04459067,114.721788,84.917209,81.459102,85.71093867,4071.977023,1078.204471,0.274699333,145.3457693,7999.731132,109.6545673,7.865842,6.51,1233.887527,11.57351333,3.009298667,156.2380927,5.384158667,1.215077,0.384664667,2.769434667,43.25759867,2.747132,4032.446266,3.640266667,2.869711333,27.991406,3.74995,1.233717333,30.303562,1.595046667,6.3255,28.65883,1539.666667,7.978028667,2395.001388,20500.0463,6.827507333
6/7/2011,3.672666667,97.198626,4.088281333,0.933683881,73.78661933,1.33363,0.3766,6.959643333,1.577952667,0.974614,0.836281333,466.818724,6.477682667,1771.684888,16.501222,5.939350667,16.884744,0.681378,0.608524,7.778958667,180.7590607,8506.057672,44.67272333,113.2790407,85.260369,80.119936,87.58619867,4087.135535,1080.435678,0.273956667,145.407768,8015.95177,109.5067787,7.740957333,6.51,1249.673109,11.74245733,3.00456,155.341346,5.343789333,1.218234348,0.384664667,2.788034,43.18982667,2.689993333,3987.897759,3.640333333,2.832262667,27.64984267,3.74995,1.227572,30.27135067,1.581483333,6.330183333,28.69933933,1564.654268,7.988318,2396.643937,20533.35253,6.715453333
6/14/2011,3.672666667,98.65318467,4.092253333,0.937132225,73.97656933,1.353762,0.376676667,6.907582667,1.58214,0.969991333,0.843310667,466.6812813,6.477514667,1773.218222,16.70591067,5.948929333,16.89738267,0.691758,0.610271,7.78408,183.194052,8537.19028,44.728762,114.7875127,85.008898,80.39489133,89.36072667,4093.542982,1082.071123,0.274229333,145.766498,7994.070829,109.5065193,7.849274,6.51,1241.52261,11.81038333,3.030602667,156.6075973,5.398162,1.222507296,0.384664667,2.761166,43.30062,2.719658667,3983.102086,3.640366667,2.886246667,27.85943,3.749896667,1.230977333,30.446668,1.582478667,6.3335,28.83603133,1565.664779,7.983328667,2407.832401,20553.05293,6.754676
6/21/2011,3.672683333,98.56591067,4.094995333,0.94399408,74.07198467,1.359638,0.37665,6.908710667,1.588792667,0.972962667,0.841850667,472.0013407,6.466883333,1784.34189,16.83533867,5.948276,16.91257067,0.694501071,0.616105241,7.789734667,185.6473873,8601.938119,44.836858,114.944976,85.036099,80.195102,91.404678,4081.209968,1077.224793,0.274321333,146.02519,8003.605139,109.560418,7.873639333,6.51,1261.707354,11.80556333,3.029608,156.54096,5.495478667,1.231549816,0.384664667,2.756376,43.48746467,2.764124667,4006.799755,3.640366667,2.942556,27.99488067,3.750016667,1.232394667,30.48919067,1.608184,6.3335,28.88735867,1592.44117,7.990025333,2481.000144,20580.02027,6.730018
6/28/2011,3.6727,98.648982,4.099815333,0.951020268,74.130312,1.367995333,0.376646667,6.991506667,1.583099333,0.982947333,0.83191,472.8502953,6.471716667,1783.675788,17.037914,5.963912667,16.92762667,0.696735697,0.62556543,7.785402,187.9759,8621.819604,45.01899467,115.4947013,85.364019,80.998994,89.99429,4113.583115,1081.412341,0.274702667,146.2583493,8025.839703,109.6207727,7.909363333,6.51,1259.538377,11.84534667,3.048367333,154.028206,5.437334,1.235753698,0.384664667,2.757254,43.52361933,2.805538667,3998.243036,3.640366667,2.940962667,28.14231933,3.74997,1.239875333,30.951436,1.643774667,6.325566667,28.91884133,1614.67036,7.992030667,2603.487367,20573.37653,6.851485333
7/5/2011,3.672816667,97.54956133,4.108726,0.935378565,74.299258,1.353650667,0.376646667,6.992966667,1.563145333,0.962409333,0.842532667,465.2246887,6.464584667,1763.307358,16.81548867,5.964754,16.94154,0.692677702,0.622148746,7.78055,183.3072747,8535.603395,44.38906,114.2941793,85.366637,81.07518467,88.693996,4115.780227,1066.217967,0.274182667,145.5598347,8018.750271,109.4809513,7.843078667,6.51,1243.524625,11.62508533,3.008400667,152.6903587,5.361144667,1.2096642,0.384664667,2.749508,43.01275733,2.73209,3979.128832,3.6404,2.89409,27.845476,3.74997,1.228014667,30.47458933,1.626488667,6.3335,28.77304733,1613.421109,7.990469333,2538.463527,20570.08787,6.739127333
7/12/2011,3.672683333,99.31478267,4.097638667,0.943131078,74.50386133,1.399406667,0.37665,6.906402,1.579132,0.967152,0.831187333,467.3480413,6.468768,1762.341937,17.32847867,5.95962,16.953454,0.715197436,0.628939843,7.794141333,192.0675533,8569.256385,44.669844,117.9578847,85.025806,79.24931267,90.01771667,4089.840916,1066.100028,0.275024,145.9894447,7990.524794,109.566852,8.066262667,6.51,1239.772231,11.80517267,3.032217333,151.7263907,5.57633,1.221144659,0.384498,2.741932,43.12892333,2.885062667,3956.831659,3.6403,3.061874,28.23499267,3.74995,1.225841333,30.32240933,1.651803333,6.330716667,28.86830667,1583.000711,7.985549333,2609.336069,20568.69662,6.868604667
7/19/2011,3.672783333,97.84462667,4.123522667,0.933975105,74.521652,1.381284,0.3767,6.958216667,1.568112,0.951635333,0.821796667,461.668354,6.463423333,1759.610775,17.29955467,5.957426,16.98577,0.706661382,0.620191314,7.794835333,191.6372007,8545.966861,44.48284667,117.124676,85.411769,79.04707333,90.040958,4094.967185,1058.625481,0.274110667,146.2343867,8019.778611,109.443642,7.975850667,6.508397,1231.483787,11.68249867,3.005649333,152.1203313,5.533374667,1.170276357,0.384664667,2.737514,42.80588267,2.841363333,3914.206165,3.640333333,3.004398,28.05025867,3.749983333,1.215478667,29.90606867,1.659644667,6.329883333,28.90142333,1555.667474,7.994185333,2591.644676,20608.99395,6.941048
7/26/2011,3.67273,96.68184533,4.132578667,0.913133427,74.76264133,1.350194,0.376656667,6.961156667,1.536052,0.943112667,0.802006667,458.9557973,6.440996667,1762.085692,16.79117467,5.955252,16.98663,0.689482298,0.609507046,7.790142,184.770314,8499.204061,44.149364,114.3830387,85.226772,77.98313,90.29122067,4097.270012,1049.811673,0.272716667,145.544824,7981.363073,109.4065013,7.827266,6.409654,1250.620468,11.622536,2.953242,152.2039453,5.351561333,1.147659096,0.384664667,2.736601333,42.20268333,2.762245333,3858.263541,3.640166667,2.919394667,27.55482733,3.74995,1.202913333,29.68538267,1.705199333,6.325216667,28.80866267,1565.998458,7.997381333,2596.950433,20571.87939,6.679185333
8/2/2011,3.672603333,98.05651733,4.13651,0.925255462,74.792854,1.3794,0.37666,6.962424,1.567974,0.960238,0.769024,457.58932,6.43357,1766.512907,17.09518933,5.954416667,16.98611067,0.704080108,0.614151743,7.794659333,190.8465387,8476.269635,44.259216,115.8408093,85.375442,77.17301,91.33585733,4104.243791,1053.465833,0.273144,146.0683193,8017.928735,109.3801207,7.960032667,6.507751,1249.466973,11.81320533,2.95998,152.2401133,5.403158,1.152531484,0.384498,2.740409333,42.17041933,2.841789333,3784.879561,3.640366667,2.986203333,27.80017067,3.74995,1.205392,29.773442,1.704950667,6.323883333,28.85980333,1589.336151,8.00134,2642.399749,20578.57611,6.763850667
8/9/2011,3.672666667,97.64332533,4.146329333,0.97166907,74.74501667,1.366944667,0.37665,6.899546,1.613506,0.983881333,0.728109333,473.4193273,6.431858,1810.992175,16.84393333,5.937606,17.01318467,0.69808503,0.613650677,7.807732,191.027462,8564.972015,45.178756,114.977506,85.215653,77.112634,94.92864133,4093.398183,1086.458703,0.272602,146.6276233,7983.696414,109.7567453,7.902228,6.409931,1226.992355,12.23184067,3.021175333,152.2560367,5.473923333,1.203307013,0.384664667,2.750157333,42.47748,2.857920667,3879.984767,3.640233333,2.980682,29.71105067,3.750016667,1.211779333,29.86637667,1.760996,6.325516667,29.018688,1611.669097,7.976118667,2726.588521,20801.22391,7.20402
8/16/2011,3.672603333,96.927728,4.161326,0.955923279,74.774808,1.360392,0.37651,6.899828,1.593456,0.982784667,0.791161333,471.2002153,6.3795,1778.987801,16.95259267,5.964238,17.00416267,0.694190344,0.608913898,7.791917333,187.9897227,8530.809497,45.34715533,113.8728407,85.030266,76.75319467,93.03047067,4079.849178,1070.838581,0.272439333,146.5440793,7985.580607,109.8078593,7.870060667,6.410008,1222.780437,12.26727667,2.981120667,153.5412093,5.448160667,1.198713217,0.384531333,2.739169333,42.39065667,2.888592,3883.333983,3.640333333,2.970930667,28.74846933,3.749983333,1.202125333,29.817858,1.778728667,6.31465,28.91245133,1624.366405,7.996200667,2789.493185,20760.46522,7.150485333
8/23/2011,3.672716667,97.05541467,4.176728667,0.951021015,74.31706267,1.352954667,0.376676667,6.996468667,1.597933333,0.987568,0.79072,467.1692073,6.389268,1778.014221,16.878192,5.979113333,17.06422133,0.692590235,0.605974106,7.796414667,187.884614,8541.22391,45.62498333,112.9833907,85.671871,76.627958,92.70248,4090.620187,1077.465843,0.272324667,146.4729327,7988.483723,109.9565693,7.846535333,6.431792,1215.558009,12.308474,2.964421333,155.74616,5.416704667,1.198067121,0.384664667,2.733198667,42.27860533,2.86868,3884.696104,3.640333333,2.945743333,28.97877067,3.750016667,1.203990667,29.83557533,1.77713,6.330066667,28.9636,1621.473243,7.996994667,2791.510464,20817.31156,7.175652667
8/30/2011,3.67245,96.97861067,4.188014,0.936697011,73.69662733,1.356711333,0.376633333,6.899692667,1.593912,0.978260667,0.819736,465.2449533,6.373378667,1787.223913,16.69218067,5.954950667,17.07593667,0.692478355,0.613500555,7.793783333,188.9121367,8538.307417,46.045998,113.7667233,85.657903,76.71455867,93.72080133,4088.147973,1072.294577,0.272141333,146.363032,7982.81124,109.6900993,7.859016667,6.411203,1235.168357,12.50793533,2.981498,154.8432527,5.369164667,1.173405152,0.384664667,2.729333333,42.349078,2.882686667,3876.90793,3.6404,2.923973333,28.89637267,3.754533333,1.206576667,30.00726333,1.735185333,6.3335,29.03378733,1620.265565,7.993443333,2809.561642,20826.71656,7.064924
9/6/2011,3.67265,99.683198,4.201610667,0.951081561,74.15469533,1.390401333,0.376666667,6.989058667,1.653604,0.990715333,0.853040667,463.78879,6.38008,1788.729653,17.39434733,5.958399333,17.06303333,0.713819923,0.625920406,7.794542667,197.2950687,8553.422003,46.03893733,115.227288,85.334889,77.523018,93.604906,4088.150711,1075.245969,0.2734,146.9169667,7986.768893,109.996778,8.030402,6.414766,1245.191545,12.51966267,2.981004,155.458408,5.392978,1.212115214,0.384664667,2.729391333,42.31656467,3.008457333,3905.686637,3.6404,3.023892667,29.551086,3.7503,1.209706,29.93456267,1.765092,6.329166667,29.10209333,1620.358771,8.010505333,2814.530915,20803.0108,7.151112667
9/13/2011,3.6725,102.720688,4.201664,0.968801324,74.653506,1.431871333,0.3767,6.993664,1.712149333,0.988314,0.880251333,475.6708427,6.393934667,1814.219503,17.959494,5.953364,17.08448533,0.731000717,0.633160418,7.803788,207.6213713,8692.469533,47.55650333,117.2553193,85.601144,76.91774533,94.43291333,4086.072434,1085.912073,0.275447333,147.354722,8018.721863,110.086834,8.207776,6.512122,1255.040736,12.88703667,3.060546,155.455284,5.636682667,1.213886162,0.384664667,2.733696667,43.03824067,3.171888,3956.204668,3.640266667,3.133216667,30.12555533,3.750416667,1.241255333,30.19006867,1.772703333,6.326033333,29.487066,1638.66663,8.00218,2805.332968,20798.29941,7.318966
9/20/2011,3.672733333,102.4295973,4.197858667,0.973561165,74.985922,1.426640667,0.3767,6.96201,1.784147333,0.991958667,0.88554,489.133898,6.385206,1848.850969,18.03861133,5.96371,17.088508,0.730241984,0.635761649,7.791648,210.6671747,8895.921597,48.02378733,116.5520993,85.42082,76.44973733,96.117004,4074.927609,1142.345036,0.275724,147.3374467,7996.218342,110.0398707,8.20319,6.410272,1262.036093,13.15630333,3.117880667,156.998998,5.644166667,1.214150162,0.384664667,2.736787333,43.49967333,3.186358,4018.267402,3.640333333,3.124361333,31.35780667,3.750333333,1.258556667,30.39952133,1.783850667,6.3335,29.87713533,1635.999571,7.997332,2788.330823,20800.0078,7.692198
9/27/2011,3.672696667,103.4241233,4.201283333,1.008376337,75.185474,1.439748667,0.376666667,6.990724667,1.805126667,1.019354667,0.897305333,505.2301867,6.417378,1893.570029,17.98860733,5.963555333,17.09390333,0.735639677,0.639560163,7.795479333,210.9241507,8930.835231,48.969554,118.06841,85.686734,76.66209667,102.8187113,4063.170919,1167.731072,0.27693,147.6841047,8019.578439,110.2766267,8.248312,6.509654,1258.621511,13.349684,3.145009333,157.980634,5.744544,1.267404666,0.384531333,2.767702667,43.305688,3.221151333,4119.594044,3.640333333,3.166142667,31.76488133,3.750386667,1.282021333,30.84379933,1.844578,6.3335,30.410392,1678.999953,7.997375333,2848.162752,20800.8526,7.844328
10/4/2011,3.672666667,105.4570507,4.202129333,1.051108206,75.43973533,1.477742667,0.37664,6.992998,1.878385333,1.054827333,0.919426667,533.461284,6.406684,1965.022162,18.79689067,5.957734,17.10329133,0.751203864,0.647539888,7.784815333,225.6632407,8915.479666,49.36079467,119.1031267,85.915218,76.807054,102.1655527,4078.14167,1197.431256,0.277152667,148.175544,8024.305197,110.1498093,8.426058667,6.510198,1261.693364,13.90817467,3.197842,158.7515347,5.904084667,1.321400096,0.384531333,2.777528667,43.97094867,3.325782,4163.374117,3.640333333,3.263110667,32.74600533,3.750233333,1.311782,31.18176733,1.899242667,6.3335,30.648342,1675.530187,8.00247,2855.863662,20811.53003,8.232184667
10/11/2011,3.672636667,103.0275493,4.207764,1.003810781,75.47664333,1.436006,0.37664,6.960844,1.767456,1.028487333,0.908052,511.585388,6.407944667,1921.558143,18.18271333,5.965560667,17.109632,0.732617539,0.640865812,7.780842,216.317808,8924.639763,49.29115667,116.3791513,85.952953,76.64852867,106.258808,4091.954015,1170.999304,0.276089333,147.9566327,7990.351363,110.0600213,8.224953333,6.507188,1277.053675,13.352566,3.139879333,160.7396087,5.698226667,1.281362546,0.384631333,2.730832667,43.40748067,3.17364,4151.387009,3.640266667,3.176408667,31.53315867,3.750183333,1.283305333,30.92830267,1.841417333,6.3335,30.35689733,1711.437624,8.006504,2877.531635,20861.94181,7.915218
10/18/2011,3.672733333,102.4719033,4.218325333,0.977710966,75.94184867,1.427905333,0.376653333,6.995664,1.762202667,1.017389333,0.900036667,510.0661193,6.397533333,1896.524023,18.183256,5.974993333,17.11959733,0.72794766,0.636739964,7.777168,216.9911407,8822.922517,49.33435933,115.874928,86.248523,76.77599333,99.73237733,4094.694039,1148.405563,0.275800667,147.8399227,8014.486465,110.156514,8.189809333,6.509783,1278.305407,13.44887067,3.132767333,158.583134,5.637403333,1.260874626,0.384564667,2.722832,43.27580333,3.186006,4161.662581,3.6403,3.178092,31.24158733,3.750233333,1.27015,30.73836,1.86466,6.3335,30.187332,1697.474511,7.998975333,2838.450446,20917.38011,8.016168667
10/25/2011,3.672733333,101.341636,4.234169333,0.957495538,75.77521667,1.405660667,0.37669,6.963377333,1.756756,1.011868667,0.878797333,502.760858,6.376139333,1876.519892,17.901396,5.972208667,17.12663,0.718959164,0.625066045,7.775142,213.6230967,8846.736396,49.478438,114.294644,85.690065,76.03319467,100.419492,4080.999504,1129.603687,0.274677333,147.9644607,7989.701687,109.9866907,8.08073,6.412464,1295.330797,13.442684,3.126692667,156.8784067,5.529490667,1.253748534,0.384664667,2.717082,43.149194,3.141754667,4178.866743,3.640266667,3.106640667,30.51857533,3.750233333,1.262622667,30.81273,1.785959333,6.3335,30.11543533,1744.999976,7.996103333,2752.846373,20947.62102,7.902758667
11/1/2011,3.672696667,103.1522993,4.236830667,0.969520169,76.262568,1.4327,0.376693333,6.991432,1.75058,1.018920667,0.889272667,489.8450473,6.3706,1887.876633,18.39253467,5.969179333,17.14823333,0.730998275,0.627293949,7.771734667,225.6646687,8898.347557,49.27231333,115.5060593,86.279122,78.29404933,98.316092,4081.073353,1122.158041,0.275552,147.975092,8012.866649,110.1198413,8.214434,6.508618,1291.483192,13.659544,3.119103333,158.9175173,5.672702,1.25848816,0.384664667,2.710179333,42.70888333,3.268455333,4165.019307,3.640333333,3.185490667,30.94360733,3.7502,1.276602667,30.902816,1.794644,6.3335,30.09904933,1800.664797,8.012335333,2608.331195,21005.86043,8.109982667
11/8/2011,3.6729,103.0573433,4.258562667,0.965667839,76.508066,1.424760667,0.376683333,6.960728667,1.745697333,1.011372667,0.898186,501.4370667,6.351722,1915.175385,18.36356067,5.982578667,17.18405267,0.726293336,0.623074932,7.770574667,222.8025733,8943.116043,49.667772,115.9684607,86.225798,77.76423333,94.45444467,4044.734381,1119.17501,0.275896,147.911728,8000.62657,110.7000027,8.164362667,6.509996,1311.723757,13.3859,3.127584,158.866548,5.617654667,1.25796967,0.384716,2.701832667,43.17316267,3.186790667,4301.664085,3.640733333,3.170466,30.41703667,3.750166667,1.271240667,30.68435467,1.784736,6.328983333,30.10766067,1717.087003,8.011318667,2547.218723,21005.73232,7.888816
11/15/2011,3.672833333,103.9422967,4.268954667,0.984807468,76.52156667,1.443828,0.37666,6.943487333,1.769593333,1.022638667,0.916464,508.7294473,6.350154667,1917.010951,19.045802,5.980202,17.19780267,0.739492559,0.631985024,7.782794,233.1282947,8998.666371,50.685512,117.2524113,85.809957,77.02727533,93.990684,4051.522885,1129.583744,0.275257333,148.2347553,7994.566539,110.161632,8.27545,6.460482,1291.730523,13.59434467,3.155339333,159.191374,5.75868,1.298941133,0.384816,2.706832667,43.46822067,3.272692,4287.496801,3.6409,3.2177,30.69838733,3.7503,1.292056667,30.819168,1.798085333,6.335166667,30.22423933,1752.327464,8.014604,2591.991573,21006.06836,8.165047333
11/22/2011,3.671767333,103.6544833,4.257079333,1.015902273,76.58658933,1.446491333,0.376643333,6.882488,1.812381333,1.038064,0.91371,518.5772333,6.364066667,1920.335423,18.83021333,5.991794,17.188722,0.740104707,0.639478358,7.791380667,225.5865253,9042.323256,52.44632533,118.0129547,86.118257,76.97724667,89.98772067,4034.005111,1144.805965,0.276509333,147.4768147,8001.147105,113.7035553,8.281146667,6.428433,1305.77569,13.982972,3.175734,159.146484,5.779868,1.338210695,0.384757333,2.70073,43.268568,3.297907333,4362.782175,3.63994,3.221276,31.01928333,3.749196,1.300918,31.18488533,1.85047,6.327864667,30.301872,1696.934623,7.98204,2526.788272,21005.93366,8.389852667
11/29/2011,3.671799333,105.35426,4.267995333,0.998015273,76.803368,1.467588,0.376600667,6.89219,1.84543,1.029788667,0.91996,523.9847487,6.374862667,1953.828747,19.16479333,6.002171333,17.21902267,0.750035943,0.640343626,7.790889333,231.7355873,9172.592118,51.97391667,119.2637007,86.109666,77.86742,89.39877333,4021.02265,1140.721497,0.277008667,147.6437967,8007.448209,113.7490593,8.368979333,6.510138,1339.117861,13.87812267,3.175480667,160.9867113,5.858432667,1.311786479,0.384745333,2.707995333,43.623576,3.394724667,4456.700372,3.639896,3.267597333,31.31727533,3.749849333,1.296302,31.24698533,1.850857333,6.328704,30.38104133,1683.858067,8.01486,2569.04775,21010.08432,8.340087333
12/6/2011,3.671799333,102.0838733,4.278844,0.977039857,77.10126,1.460678667,0.376582,6.876092,1.791896,1.011987333,0.925843333,512.7367233,6.359554,1935.099098,18.82694467,6.004644,17.23054,0.74626899,0.640897803,7.771794,223.8161067,9041.932017,51.28332133,118.87072,86.342444,77.72173733,89.524558,4021.605285,1129.067567,0.27675,147.626508,7979.312528,113.750046,8.333148667,6.409359,1335.826857,13.49166733,3.134948667,161.58909,5.757520667,1.284069852,0.384558,2.697822,43.40309533,3.328616,4442.102753,3.640917333,3.248718667,31.29901533,3.749715333,1.284268667,30.82526,1.835669333,6.334389333,30.21574533,1643.952401,8.016100667,2492.340965,21009.42177,8.036981333
12/13/2011,3.672933333,105.7077073,4.279222,0.994990787,77.433788,1.490105333,0.376683333,6.874915333,1.853985333,1.031027333,0.942948,514.998584,6.372170667,1929.873651,19.56879867,6.034762,17.25584933,0.765597017,0.644766768,7.778595333,232.2854433,9089.176226,53.13839933,120.5862533,86.463752,77.924412,88.97506,4024.722097,1156.301587,0.277489333,147.885156,7975.877933,113.8474173,8.506946667,6.459195,1375.717711,13.82149133,3.178514,162.252968,5.900373333,1.315918104,0.384749333,2.695106,43.863602,3.481758,4397.965235,3.640966667,3.316783333,31.708602,3.750166667,1.303057333,31.193358,1.875275333,6.335233333,30.244588,1610.81176,8.012202,2416.516729,21011.44741,8.288186667
12/20/2011,3.672933333,105.543498,4.289682667,0.994730441,79.49361067,1.496310667,0.376683333,6.893213333,1.849415333,1.030544667,0.931655333,519.6459893,6.347022,1935.215223,19.50790467,6.020542667,17.21569467,0.764717795,0.638920787,7.782566,229.9856947,9078.697033,52.83567933,122.258672,86.305421,77.847664,83.54978667,4018.430829,1158.69821,0.278232667,148.1612713,7992.976072,113.78937,8.509814,6.509969,1371.662365,13.794926,3.177883333,162.3000033,5.896434667,1.302678688,0.384832667,2.696499333,43.83189467,3.40581,4463.333015,3.640033333,3.298279333,32.02736667,3.75005,1.299382667,31.24509733,1.887951333,6.340133333,30.331506,1586.262888,7.996574667,2359.964315,21007.75855,8.233088667
12/27/2011,3.672866667,105.0711247,4.293598,0.984657521,81.05795467,1.497113333,0.376643333,6.893276,1.859198667,1.019168667,0.934072,522.1806393,6.326279333,1921.859153,19.72553067,6.026697333,17.25776333,0.765169346,0.638137928,7.776826,233.800284,9135.674752,52.93694,122.2115787,86.149994,77.85066533,83.61674533,4033.645613,1155.749901,0.278335333,148.3251573,7993.009319,114.062632,8.507902667,6.510037,1376.672769,13.94764533,3.172076667,164.5671413,5.963204667,1.295190794,0.384682667,2.697197333,43.81127933,3.366778,4425.051215,3.640866667,3.283272,31.32321667,3.750016667,1.295746667,31.43723867,1.898496,6.33775,30.314416,1592.33258,8.021461333,2441.709043,21029.69604,8.139658
1/3/2012,3.6728,106.654288,4.302246667,0.965055718,81.828218,1.502242,0.376676667,6.876944667,1.837501333,1.010851333,0.933099333,514.5856567,6.301846667,1914.970687,19.71653867,6.031388667,17.282816,0.766353175,0.639743949,7.767592667,242.313158,9173.053251,53.11935,121.8780653,86.036316,76.66527067,85.39984867,4036.147614,1146.110427,0.2782,148.467282,7989.155721,113.841454,8.546156667,6.459987,1383.788755,13.70575733,3.144988667,160.1235513,5.919188667,1.267368149,0.384832667,2.695947333,43.71811867,3.431914,4454.913971,3.640633333,3.314991333,31.72130667,3.750016667,1.284059333,31.352218,1.877769333,6.349933333,30.28598733,1581.16764,8.001730667,2443.335484,21026.79587,8.045134667
1/10/2012,3.672833333,107.867622,4.312048,0.968970098,82.63909,1.528861333,0.376676667,6.893393333,1.800887333,1.016466,0.948654,508.791088,6.31244,1869.38295,20.155808,6.036759333,17.31827533,0.782517577,0.646092189,7.765789333,243.2632267,9146.992765,51.671102,123.7686373,86.202004,76.825252,87.18482267,4042.729425,1153.75517,0.279338,148.5524267,8000.970467,113.8442387,8.661201333,6.51037,1416.719122,13.61227267,3.13521,162.1828507,5.985341333,1.259213016,0.384682667,2.693268,43.94711467,3.485106667,4551.838944,3.641,3.409108667,31.55197267,3.750133333,1.288692,31.621188,1.867647333,6.329533333,30.00836933,1580.666729,8.012443333,2456.596901,21002.7434,8.082016667
1/17/2012,3.672866667,108.013972,4.314578,0.962679712,83.808788,1.531952667,0.376643333,6.882234,1.779558667,1.014262,0.94843,497.2450887,6.309965333,1837.648106,20.07411533,6.041761333,17.27729667,0.784876078,0.651328837,7.7649,242.8019947,9088.511207,50.711766,124.8421653,86.028185,76.80739133,86.33117,4084.091889,1143.029267,0.279292667,148.345294,8005.493855,113.831932,8.686758667,6.461537,1416.048251,13.44994267,3.120699333,162.5982427,6.020074667,1.250290438,0.384682667,2.6925,43.61276533,3.419082,4610.004559,3.641,3.395732667,31.56151867,3.750066667,1.284044667,31.76583267,1.841377333,6.32445,29.9715,1590.168124,8.04677,2408.362523,21006.24107,8.031079333
1/24/2012,3.672783333,106.0421833,4.331047333,0.9548639,84.40695933,1.504078,0.376676667,6.879808667,1.760289333,1.010358,0.928145333,491.6780433,6.315624,1813.826187,19.48618667,6.041034667,17.28334133,0.768230057,0.640934633,7.760496,231.0531667,9002.236856,50.04720333,123.6541593,86.04947,77.68703067,85.90973933,4072.724742,1130.377816,0.278540667,148.5452033,7983.887897,113.8383947,8.534951333,6.461671,1382.776121,13.16603067,3.096676,160.8495107,5.886266,1.234961513,0.384799333,2.690836667,43.16155867,3.292991333,4660.005134,3.640866667,3.336832667,30.842766,3.750283333,1.26926,31.44110933,1.824546667,6.327466667,29.88548533,1589.565919,8.030656,2369.501368,20808.1824,7.940554667
1/31/2012,3.672866667,105.848954,4.333821333,0.941397292,84.52750933,1.488886667,0.37666,6.895455333,1.745192667,1.001457333,0.91901,490.5892227,6.305994,1807.916373,19.23362133,6.029853333,17.310924,0.764203637,0.634426284,7.755440667,223.963164,8982.166059,49.490668,123.0491373,86.263067,76.26967733,83.80845467,4074.408715,1124.292961,0.277884667,148.6883047,7981.476135,113.861622,8.491473333,6.510512,1361.738585,13.00089667,3.042068,161.1082533,5.848766,1.211105381,0.385916,2.690640667,42.86944133,3.214178,4724.415644,3.640866667,3.307934,30.21106733,3.7501,1.255652,30.963796,1.773472,6.3299,29.60428467,1589.334103,8.02984,2320.661865,21004.19898,7.80608
2/7/2012,3.672833333,104.9612133,4.335027333,0.926233706,84.20265867,1.486569333,0.376676667,6.876742667,1.724408667,0.995460667,0.914435333,478.5552973,6.302874667,1782.518838,18.88152467,6.03114,17.32203933,0.755419462,0.630040725,7.753652,220.53025,8963.751811,49.21997533,122.716238,86.055308,76.796536,83.270186,4037.043779,1117.714526,0.277932,148.6844753,7986.837585,114.194331,8.439914,6.460404,1355.890883,12.67592,3.01169,160.1084947,5.781244667,1.197698697,0.384782667,2.688335333,42.455852,3.15954,4556.671549,3.640766667,3.300386667,29.852706,3.7501,1.246698667,30.882788,1.753356667,6.3282,29.54318933,1591.167095,8.029958,2308.415675,20902.42099,7.569320667
2/14/2012,3.67285,105.604348,4.345907333,0.935460423,83.41919933,1.487848,0.376633333,6.893789333,1.718996667,0.999171333,0.919227333,483.2378887,6.298751333,1789.425999,19.085984,6.034934,17.33554333,0.761551776,0.637180144,7.753974,221.76613,8999.977346,49.429332,122.6175093,86.80455,78.35710467,82.86950133,4023.610315,1125.838327,0.278132667,148.3301053,7973.271564,120.0820353,8.475002667,6.509994,1325.000311,12.75622133,3.04416,158.5664867,5.729701333,1.201796607,0.384799333,2.685998,42.745772,3.183645333,4537.49491,3.640666667,3.307367333,30.069324,3.75015,1.264211333,30.83106133,1.769069333,6.3385,29.57112333,1587.449935,8.031076667,2311.594199,20842.69072,7.709886667
2/21/2012,3.672866667,105.0802133,4.351816667,0.937264126,82.17431133,1.479270667,0.376633333,6.893133333,1.716111333,0.996384,0.912087333,481.5823447,6.29711,1778.246547,18.816904,6.037277333,17.34761667,0.755313353,0.633264369,7.754576,217.0849053,9013.113372,49.26107933,123.4864347,86.442691,79.70137467,83.26199267,4016.517205,1125.287541,0.277803333,147.981664,7978.007693,118.1381713,8.430354,6.509601,1326.611903,12.753776,3.021489333,157.6435527,5.685830667,1.198482852,0.384866,2.681724,42.64936467,3.15794,4334.824407,3.640933333,3.292244,29.80045133,3.750066667,1.256610667,30.70781,1.751653333,6.327933333,29.56297933,1591.626389,8.010967333,2346.665028,20814.98089,7.719662
2/28/2012,3.672866667,104.3501267,4.357858,0.931368671,81.71290067,1.455850667,0.376676667,6.892456667,1.712074,0.9954,0.895698667,479.9913473,6.298666,1777.822693,18.51597,6.035430667,17.399458,0.743639205,0.628985755,7.755962,216.047134,9044.736262,49.22570467,125.155976,86.592464,80.67793333,82.76521067,4000.991533,1126.138319,0.277484,147.7562927,7952.137107,122.908472,8.330148,6.510004,1322.999757,12.841898,3.015053333,157.6166393,5.574065333,1.195547947,0.384866,2.675168,42.90313333,3.078464667,4318.334325,3.64025,3.239643333,29.060684,3.75015,1.252181333,30.37324933,1.75822,6.339116667,29.55873667,1592.821017,8.011766667,2418.148592,20825.83557,7.522225333
3/6/2012,3.672833333,106.3172133,4.335747333,0.94703297,81.670522,1.489284667,0.376676667,6.877120667,1.755361333,1.0005,0.918292667,490.3137727,6.312312667,1779.112142,18.94359667,6.03205,17.39332733,0.762292615,0.635389753,7.763033333,223.919894,9167.710903,50.37352333,125.82692,86.189991,80.89752533,82.69353133,4007.418823,1124.169367,0.278311333,147.9103533,7948.1527,121.367174,8.476774,6.459433,1324.280822,12.96681333,3.025254667,157.6157407,5.692009333,1.2304835,0.384849333,2.678112,43.04179467,3.165747333,4251.580416,3.640366667,3.314843333,29.58498733,3.750216667,1.263569333,30.798128,1.788778667,6.331483333,29.535192,1597.935125,8.039825333,2503.899984,20825.89599,7.639589333
3/13/2012,3.672833333,106.6110173,4.346360667,0.949703674,81.83090333,1.496718,0.376633333,6.876458,1.802947333,0.989721333,0.922798,484.9911913,6.331989333,1763.651145,18.80215733,6.031016667,17.40528,0.764358371,0.637394272,7.760016,223.9966413,9167.85945,49.91435333,126.8857173,86.430296,82.82805733,82.23342467,4005.543057,1123.769527,0.278934,147.9286007,7947.511503,123.305502,8.520833333,6.460424,1320.892607,12.61416133,3.031387333,157.956972,5.695834,1.217180162,0.384799333,2.668783333,42.73357133,3.152703333,4278.521433,3.640466667,3.337317333,29.55766667,3.750233333,1.259359333,30.61006067,1.792611333,6.336916667,29.51435,1590.76603,8.016655333,2458.33253,20791.65272,7.543421333
3/20/2012,3.672833333,105.7684393,4.363444667,0.954076869,81.91803667,1.481732667,0.376676667,6.880069333,1.820003333,0.992052,0.912262,484.7949053,6.32192,1758.171667,18.51157133,6.03422,17.39900467,0.756449616,0.630604848,7.763621333,219.2002467,9153.867859,50.47643733,125.9330767,86.448263,83.70099667,82.53835533,4002.041912,1126.993257,0.278527333,147.7220347,7971.966389,129.43453,8.433838,6.45988,1322.140072,12.680094,3.080989333,157.496924,5.761609333,1.224389248,0.384716,2.671003333,42.99878933,3.121536667,4275.010275,3.640566667,3.313020667,29.26311933,3.7503,1.263407333,30.77675733,1.820612,6.338683333,29.55304,1591.303725,8.023338,2483.232999,20819.91924,7.612859333
3/27/2012,3.6729,105.0582967,4.371568667,0.954359053,81.77911333,1.468097333,0.37666,6.877422667,1.818846,0.994054,0.904401333,486.545086,6.305646667,1761.955458,18.43810533,6.037531333,17.41424067,0.750422626,0.626805731,7.764073333,218.6927347,9160.494875,50.70436733,126.393424,86.510093,83.10364333,82.98330533,4003.511309,1134.810844,0.277975333,147.638482,7966.798939,129.6177593,8.384565333,6.460224,1310.863011,12.68211667,3.055842,157.4535673,5.692730667,1.217859831,0.384716,2.670394667,42.924704,3.106218667,4270.100058,3.640866667,3.279678667,29.02613733,3.750266667,1.256568667,30.71042267,1.786368667,6.347483333,29.56373,1592.665358,8.025657333,2501.665417,20832.79814,7.579043333
4/3/2012,3.672866667,104.994576,4.375962,0.966959224,81.82907933,1.472688667,0.37666,6.909654667,1.825666,0.991109333,0.906996,481.715866,6.300159333,1768.568685,18.54750467,6.038852,17.42419,0.75393018,0.627347504,7.764697333,221.4433647,9136.007197,50.62229533,126.3418533,86.49512,82.543718,83.11669733,3997.45996,1124.213284,0.278039333,147.6845947,7973.843844,125.970196,8.406408667,7.344893,1305.833333,12.756974,3.047406,157.6082073,5.696893333,1.220222375,0.384816,2.669998,42.66928133,3.116506667,4271.664165,3.640633333,3.297206667,29.26462067,3.7501,1.253314,30.821154,1.779476667,6.34395,29.474258,1593.006006,8.033202667,2502.507507,20834.73173,7.710139333
4/10/2012,3.672833333,106.571582,4.381341333,0.974378585,81.82233467,1.493395333,0.376643333,6.923501333,1.828178,1.002393333,0.918224,487.2851133,6.310248667,1791.160618,18.92705467,6.034284,17.38964533,0.764543331,0.630647594,7.764957333,226.9861713,9154.056225,51.472142,128.0651647,86.731657,80.857334,83.05494067,3992.966035,1139.81032,0.278360667,147.5706987,7973.867194,127.3952633,8.493599333,415.641933,1306.667517,13.11437133,3.069416667,157.5601667,5.800597333,1.226673955,0.384716,2.667100667,42.83085933,3.195249333,4318.334755,3.6407,3.337775333,29.73599933,3.7501,1.261832,30.959932,1.807400667,6.3378,29.53688933,1580.33409,8.024502,2484.116239,20812.91821,7.977240667
4/17/2012,3.672866667,106.5889147,4.392084,0.962763183,81.85480267,1.490406667,0.376676667,6.909712,1.852789333,0.991306667,0.915088,485.4092433,6.300414667,1770.013099,18.86545267,6.040136667,17.471798,0.761849627,0.627644721,7.759261333,225.8758087,9177.047924,51.43076933,126.8443353,86.69762,80.81189067,83.18173267,4004.163337,1135.326703,0.278195333,147.5971787,7971.352205,128.2384993,8.480316667,822.226213,1306.976689,13.11746,3.064880667,157.3970013,5.743642667,1.218100266,0.384882667,2.656883333,42.65000733,3.183255333,4301.745957,3.6408,3.331876,29.54048133,3.750183333,1.248818667,30.78766933,1.789048667,6.342,29.499374,1577.361878,8.023336667,2513.902474,20814.18808,7.810355333
4/24/2012,3.672866667,105.998736,4.405588,0.970486648,81.87495867,1.485582667,0.376676667,6.92512,1.879354,0.987992667,0.911282667,487.7410807,6.306410667,1769.104606,18.933536,6.044100667,17.43963533,0.758112756,0.619639026,7.759816667,224.3105107,9192.398792,52.629554,126.2275567,86.778228,81.28009267,83.249544,4031.099201,1139.480363,0.278020667,147.652132,7964.941312,131.703208,8.455042667,821.046661,1313.448049,13.15150533,3.064546,157.133902,5.731517333,1.23062432,0.384716,2.652162667,42.73592533,3.185871333,4324.994641,3.6407,3.323824667,29.358968,3.750066667,1.246688,30.92266267,1.782960667,6.334783333,29.46541467,1583.313667,8.033604,2509.816448,20809.19496,7.795726
5/1/2012,3.672866667,106.075462,4.410572,0.966689607,81.86845933,1.480373333,0.376673333,6.909594667,1.901263333,0.984891333,0.908093333,484.37141,6.298217333,1760.264075,18.76689267,6.037244,17.503532,0.755785087,0.616388947,7.758215333,215.4765667,9190.524949,52.55578467,125.5916127,86.803003,80.12171467,83.11757267,4045.142481,1128.551637,0.277738,147.750272,7966.906533,129.4283487,8.432205333,823.283019,1307.397063,12.91480467,3.029672667,157.4520767,5.721702667,1.226016562,0.384732667,2.639826667,42.160502,3.143108667,4339.890013,3.640566667,3.344330667,29.35696267,3.750183333,1.235822,30.708854,1.755512667,6.345316667,29.12571333,1585.377584,8.035618667,2507.57298,20831.33036,7.730107333
5/8/2012,3.672866667,107.3210807,4.433262,0.987583582,81.85928933,1.503158,0.376686667,6.926704667,1.934354,0.997918667,0.922999333,485.2279293,6.302446,1764.314452,19.341318,6.038399333,17.56059067,0.768614815,0.61897903,7.761927333,220.413786,9203.353487,53.12702867,124.774846,86.798303,79.84294867,83.198716,4021.430247,1137.42257,0.278346,147.8494613,7996.552653,127.8201093,8.554731333,824.717094,1309.966715,13.297244,3.054383333,157.4627347,5.820558,1.267940423,0.384682667,2.643106,42.32277333,3.224978667,4296.565499,3.64065,3.385443333,30.09313733,3.750166667,1.246907333,31.000128,1.770837333,6.340416667,29.323618,1576.801768,8.035352667,2479.838113,20823.52651,7.880209333
5/15/2012,3.672833333,108.5605273,4.440028,1.004055075,81.80542867,1.528014,0.376686667,6.92627,1.995179333,1.004512667,0.940689333,497.9488327,6.31825,1782.319597,19.991394,6.0338,17.56764667,0.784241318,0.624480885,7.767408667,229.230434,9260.613291,53.808788,126.7690893,86.895408,80.111452,83.930344,4014.833143,1154.923947,0.278937333,148.003158,7962.561679,128.8655387,8.677998,829.278476,1310.895701,13.75526467,3.080950667,158.0318733,5.972130667,1.296686767,0.384716,2.668434,42.66740133,3.393265333,4322.299807,3.640466667,3.474658667,30.547266,3.750166667,1.258999333,31.32619133,1.81568,6.343283333,29.54997733,1576.332426,8.038671333,2497.002836,20831.01178,8.259554667
5/22/2012,3.6729,109.2800887,4.461270667,1.016895682,81.825012,1.535836667,0.376653333,6.959994667,2.064221333,1.01963,0.944782,505.0651227,6.320296667,1825.16517,19.864124,6.039574667,17.61929267,0.787269054,0.634178503,7.764952,234.530972,9269.96037,55.34764867,127.280498,87.245022,79.94201333,85.02340333,4014.569437,1165.156053,0.279356667,147.7411253,7996.635387,129.5065267,8.702261333,838.179932,1316.594276,13.79063867,3.121674667,159.07465,5.956464667,1.321075302,0.384716,2.673353333,43.140032,3.408538667,4474.756827,3.6408,3.499022,31.16365467,3.7501,1.271527333,31.37667067,1.831060667,6.33805,29.51629733,1589.666779,8.072666667,2481.667372,20847.00966,8.289206667
5/29/2012,3.672866667,111.4316907,4.467387333,1.016572011,81.9029,1.563587333,0.376653333,6.943862,1.989820667,1.023516,0.960688,511.8647893,6.341887333,1817.812859,20.37814067,6.041749333,17.64321,0.800286694,0.639219691,7.763789333,237.8528147,9452.228885,55.65449733,129.717444,87.573892,79.50715,85.81256133,4054.474019,1175.697374,0.280276,147.8780133,7998.849435,131.7215427,8.823336667,841.251659,1312.835226,13.90979533,3.151390667,159.04189,6.019028,1.313639868,0.384782667,2.699837333,43.328772,3.483554667,4367.506379,3.640583333,3.569056667,32.24456467,3.750133333,1.278137333,31.713206,1.833671333,6.338933333,29.61836267,1587.290301,8.081465333,2476.768083,20832.78341,8.327616667
6/5/2012,3.672833333,111.5890473,4.472719333,1.026838015,81.95744133,1.573293333,0.376633333,6.909935333,2.034787333,1.039014667,0.965080667,513.452976,6.367504667,1800.17809,20.62535333,6.043425333,17.67192933,0.803543118,0.650834446,7.758548,242.6181633,9416.627444,55.57551,129.65154,87.766377,78.595274,85.794418,4055.689701,1178.536051,0.280723333,148.8118087,7998.97404,129.953248,8.862728667,842.173226,1309.106391,14.22392733,3.198838667,161.8970493,6.108746667,1.323559942,0.384682667,2.69934,43.48913533,3.518077333,4488.070588,3.640133333,3.588763333,33.130014,3.7501,1.287048,31.587644,1.848136,6.333816667,29.95055,1582.830923,8.081006667,2483.331057,20888.73964,8.448521333
6/12/2012,3.672866667,110.932092,4.488469333,1.006152336,81.92591067,1.564658667,0.376686667,6.946687333,2.0611,1.026834,0.960873333,503.9114127,6.370599333,1775.198515,20.53787933,6.040916667,17.69970267,0.800100912,0.642555525,7.758494,237.4932273,9411.801793,55.75843867,129.2640087,87.620522,79.514148,85.459256,4094.344579,1169.32785,0.280480667,148.8718727,7984.404205,132.4005173,8.833632,843.234954,1310.824385,14.00179867,3.179594,162.7336747,6.024077333,1.287855878,0.384682667,2.681671333,42.89311067,3.459187333,4491.691243,3.640466667,3.566144,32.94704,3.7501,1.282928667,31.58940067,1.826102667,6.340416667,29.94441867,1581.100607,8.116318667,2485.729689,20860.77954,8.411754667
6/19/2012,3.672866667,108.9225367,4.477328,0.981975214,81.91685133,1.547896667,0.3767,6.959933333,2.036435333,1.018628,0.947644,496.8451707,6.356978,1776.853264,20.10974733,6.049539333,17.73229333,0.788546801,0.63635098,7.758938,227.8370033,9411.706025,55.898198,124.9268007,87.998529,78.94179,84.13243533,4095.626945,1153.818103,0.279797333,148.8366753,7993.241957,132.460748,8.731435333,850.208875,1316.624567,13.70922267,3.155987333,161.249914,5.943885333,1.253691295,0.384682667,2.643417333,42.319898,3.358682667,4534.859753,3.640833333,3.526765333,32.47147067,3.750233333,1.265996667,31.37949667,1.800989333,6.33715,29.85617333,1577.064825,8.078242,2487.956935,20954.37986,8.219932667
6/26/2012,3.672866667,110.5372247,4.506916,0.994621928,81.953922,1.567958667,0.3767,6.959061333,2.070846,1.025336,0.961898,508.641806,6.363884667,1805.420268,20.771512,6.058182,17.73894067,0.800896207,0.639940952,7.759050667,229.1545793,9462.409486,56.97661,126.1975747,88.336997,79.43675067,83.93498733,4094.713183,1158.163271,0.280439333,149.3168407,7994.973349,133.4117513,8.828582,858.598685,1332.176923,13.836162,3.191464667,162.731004,6.015085333,1.264645525,0.384666,2.662522667,42.46117933,3.404772,4554.46343,3.6408,3.566634667,32.970792,3.750166667,1.279045333,31.84113133,1.812472,6.337966667,29.96947067,1574.999705,8.078672,2470.940421,20923.9078,8.459886667
7/3/2012,3.6729,109.4215467,4.525086667,0.973070882,81.85973333,1.553691333,0.376666667,6.980558,1.999257333,1.013362,0.953116,497.8643953,6.351842,1775.013177,20.26361733,6.055027333,17.76370333,0.793315993,0.637574386,7.754006,226.758562,9356.664106,54.307278,125.4343707,87.999143,79.79353867,83.96421933,4100.1667,1134.208488,0.280036,149.4450067,7994.925619,133.1664193,8.773512667,879.680113,1331.665009,13.33445,3.150899333,162.7613187,5.967418667,1.244251994,0.384732667,2.648664,41.63118733,3.33704,4508.867744,3.6406,3.537026667,32.30195733,3.750166667,1.262718,31.41839133,1.798960667,6.336966667,29.83390133,1577.095481,8.076128,2472.808849,20864.9036,8.094363333
7/10/2012,3.672909333,111.5922227,4.536261333,0.980407639,82.00131133,1.594458,0.376994667,6.984378,2.033077333,1.021186,0.979554667,493.6201933,6.365130667,1791.08812,20.69740467,6.059117333,17.8653,0.816097725,0.644653697,7.754241333,234.8756687,9430.533146,55.403914,128.283334,88.599478,79.412772,84.011292,4098.208889,1140.578774,0.281683333,150.0900153,8023.07329,133.5734073,8.97148,886.29,1326.666667,13.34242133,3.174485333,161.0265487,6.097901333,1.258122482,0.384921333,2.637933333,41.82859,3.41558,4492.09575,3.6411,3.686058,32.87428933,3.750192667,1.267919333,31.67117267,1.817666667,6.395716667,29.93103533,1587.049341,8.111429333,2473.212633,20895.76222,8.206332
7/17/2012,3.673092,112.16,4.547188,0.971070012,81.705512,1.592184667,0.37702,6.975161333,2.026976667,1.012957333,0.978132,489.4643773,6.373775333,1779.333247,20.57558667,6.063780667,17.85388867,0.814611027,0.639493329,7.756303333,233.135002,9441.695543,55.02976,126.6355553,88.560476,79.058642,84.19201667,4080.693333,1144.744196,0.281791333,149.7862607,8013.655512,133.5246953,8.954375333,878.965,1326.666667,13.179854,3.165340667,160.5614413,6.080644,1.254190704,0.385135333,2.622033333,41.731458,3.391377333,4423.982417,3.640633333,3.71564,32.384172,3.750026,1.261128667,31.63657467,1.807541333,6.386274667,29.947992,1584.127675,8.08858,2470.696597,20837.17055,8.184293333
7/24/2012,3.672976,113.652222,4.568679333,0.976342527,81.88862267,1.619816,0.37702,6.979086,2.044726667,1.020914,0.995150667,493.838984,6.386735333,1796.898128,21.14722067,6.065892,17.89866667,0.828992719,0.644658414,7.757356,239.5242267,9468.970543,56.15167133,124.7800007,88.870207,78.19762467,84.35915,4115.244445,1148.783026,0.282212,150.0658347,8000.344445,130.389428,9.082248,872.315,1326.666667,13.688638,3.178030667,160.8291713,6.108220667,1.271742511,0.384963333,2.640674667,42.01585733,3.492094667,4380.520372,3.640834,3.834898667,32.86275067,3.750059333,1.261164,31.76897467,1.827882667,6.403516667,30.13298533,1580.969805,8.086892,2481.353263,20879.81055,8.512362
7/31/2012,3.673100667,111.5166667,4.580471333,0.951661651,81.731244,1.591522,0.377048,6.961892667,2.051948,1.002461333,0.976518,482.6004453,6.365241333,1791.172446,20.57732067,6.073764,17.884844,0.812691295,0.637880612,7.753935333,228.084502,9444.927795,55.593844,120.7666667,88.959985,78.12764,84.27905267,4077.143333,1130.260207,0.28191,149.895416,8002.542222,131.7296887,8.94126,874.59,1371,13.295304,3.125243333,160.6093093,6.028779333,1.235298127,0.38508,2.624092,41.716438,3.343298,4416.969073,3.641050667,3.726105333,32.19507067,3.750209333,1.244276667,31.49472933,1.792656667,6.39166,29.92171133,1576.984512,8.094970667,2477.996605,20849.39388,8.219426667
8/7/2012,3.672776,110.386666,4.592674,0.94651728,81.48875467,1.575468,0.376980667,6.980219333,2.027354667,0.996975333,0.967924667,477.8805147,6.370032,1788.716462,20.23765533,6.076199333,17.94687733,0.806043871,0.639479622,7.754696,223.155388,9461.170732,55.07729733,119.237778,89.21525,78.58814667,83.998376,4074.837778,1128.793827,0.281696667,150.1508447,8004.802222,131.8486273,8.880062,873.955,1371,13.18683933,3.101136,161.6825573,5.91686,1.223875545,0.384886667,2.619942,41.78817067,3.269444667,4403.88439,3.640684667,3.661394,31.553264,3.750274,1.241424667,31.47730533,1.782867333,6.390983333,29.914738,1576.773858,8.099448,2482.367031,20858.66222,8.152583333
8/14/2012,3.673034,110.97,4.605334,0.952311851,81.71457733,1.585516667,0.376984667,6.982944667,2.024319333,0.991902,0.973964667,482.080606,6.360359333,1799.98745,20.299454,6.069516,17.97285533,0.811298811,0.637440178,7.756847333,226.0464033,9488.100059,55.64165067,119.63,89.292675,78.71721333,83.86954333,4069.357778,1130.002862,0.282677333,149.3909327,8016.511068,131.850294,8.922632,874.46,1381,13.145712,3.114378,158.3956613,5.925582667,1.240129342,0.384988667,2.618933333,41.964906,3.30941,4413.231057,3.640634,3.651112,31.81808733,3.750468,1.246382667,31.44228467,1.798817333,6.39225,29.96408933,1575.710525,8.106345333,2481.216597,20920.03888,8.165608
8/21/2012,3.672990667,109.9011107,4.611095333,0.953816803,81.473622,1.571764,0.377016667,6.967394667,2.014522667,0.988064667,0.963902,482.9064213,6.356621333,1817.508937,19.92950267,6.081109333,17.91195533,0.80240554,0.633846369,7.756751333,221.7296373,9492.926891,55.39133133,119.0144433,88.997,79.34172,83.97310333,4058.984445,1130.843726,0.281973333,149.062472,7986.28,132.040432,8.854738,873.58,1380,13.112772,3.124953,157.3930627,5.884222667,1.232670593,0.384984667,2.610724667,42.256962,3.270358,4393.308127,3.640982667,3.600280667,31.80218867,3.750226,1.250368,31.402102,1.795190667,6.386156,29.93010133,1569.296179,8.089495333,2484.575373,20808.90055,8.259034667
8/28/2012,3.672967333,109.8188893,4.624402667,0.963951403,81.32435467,1.558622667,0.376992,6.969111333,2.042681333,0.987789333,0.956040667,479.9662327,6.354766,1824.658937,19.736588,6.086515333,17.94321067,0.796185622,0.632359039,7.75608,223.7574587,9533.113257,55.66279867,121.235556,89.139361,78.52124933,84.14856867,4063.093333,1134.871025,0.282096667,149.0045833,7994.975555,132.276886,8.794784667,872.4,1387.666667,13.18071,3.119168667,158.0971547,5.821937333,1.242225723,0.384773333,2.610192,42.308804,3.269016,4411.572723,3.640934,3.54661,32.00635467,3.750148667,1.252474667,31.280802,1.805845333,6.413033333,29.92152,1567.534785,8.103399333,2497.258333,20843.74722,8.400452
9/4/2012,3.673142667,109.7399993,4.643383333,0.977529111,81.77673267,1.555826,0.37697,6.980344667,2.038976,0.985716667,0.955355333,480.8293847,6.347071333,1824.92792,19.78297267,6.104619333,17.98621133,0.795625622,0.629843714,7.756289333,226.1965207,9571.68962,55.62702467,122.6266673,89.394819,78.38456533,84.654394,4065.63,1133.235857,0.282136667,149.516138,8022.65,132.2414693,8.78013,871.01,1387.666667,13.173032,3.10663,158.408796,5.798294,1.258989055,0.385008667,2.611592,41.88812133,3.33573,4426.377407,3.640984,3.569744667,32.24634467,3.750026,1.246462667,31.19853667,1.819274,6.385825333,29.82815,1575.638859,8.179765333,2511.265469,20855.15722,8.403432
9/11/2012,3.672909333,107.3211107,4.660695333,0.959365537,81.667134,1.525803333,0.377108,6.966452667,2.018802667,0.972700667,0.939868667,474.1114073,6.336126667,1800.395192,19.03425667,6.091072,17.97283333,0.778149983,0.622675664,7.754314,220.9264033,9575.241281,55.28244467,121.9988887,89.127144,77.80839733,83.960456,4050.11,1127.918133,0.281475333,149.4859053,7986.966667,132.2406367,8.647431333,867.325,1399.333333,13.00409733,3.088089333,157.7862973,5.769757333,1.224085914,0.384978667,2.606424667,41.53058867,3.187694,4410.978127,3.640982667,3.496304,31.62077933,3.750184667,1.229845333,31.04824,1.804078667,6.386058,29.592268,1568.42284,8.081500667,2497.223341,20807.68888,8.164757333
9/18/2012,3.673142,106.4377773,4.671973333,0.957697412,81.774066,1.499092,0.377021333,6.980369333,2.025998667,0.974622,0.92839,470.0624667,6.322138,1798.415192,19.015034,6.088155333,18.03346667,0.766597491,0.615609908,7.752212667,217.0484247,9502.797749,53.95340533,122.1033327,89.390379,78.735612,84.858504,4062.886667,1118.409287,0.280578667,149.9366833,7992.731068,131.852794,8.523952667,866.975,1400.333333,12.80340533,3.061796,157.8180793,5.712916,1.209077281,0.385048667,2.602300667,41.77584867,3.151444667,4419.828127,3.641000667,3.452593333,30.956956,3.750357333,1.225435333,30.824832,1.79731,6.399456,29.35819267,1572.39784,8.129251333,2509.260468,20845.14388,8.199389333
9/25/2012,3.673,108.2366667,4.687000667,0.961087766,81.798822,1.515007333,0.377048,6.972088667,2.028332667,0.979736,0.936519333,471.5,6.308037333,1797.902222,19.29344533,6.089522,18.02013333,0.774478001,0.617062622,7.753470667,220.0290573,9572.969172,53.35190333,124.0688887,89.407733,77.803854,84.85913333,4059.94,1118.744033,0.280784667,150.0711093,7987.251068,130.9777773,8.591328667,862.365,1396.666667,12.84751467,3.070378667,157.6266653,5.724838,1.215141862,0.385028667,2.5967,41.69222733,3.206238,4434.613333,3.640855333,3.491886667,31.12989267,3.750188667,1.227062667,30.91673,1.791778667,6.395644667,29.33263733,1574.482222,8.143333333,2521.957778,20852.43778,8.207114667
10/2/2012,3.673022,107.8788893,4.696186,0.97295804,81.70780067,1.513052,0.377011333,6.971178,2.025837333,0.983267333,0.935832,472.9333307,6.307884667,1799.026667,19.36676133,6.098478,18.02862267,0.773671213,0.619368647,7.754685333,221.2369113,9579.593452,52.410616,123.205556,89.365068,78.11504733,85.02846733,4055.893333,1112.845649,0.281106667,150.1722207,7993.719957,129.233334,8.59978,860.29,1396,12.84875133,3.050682667,157.1800007,5.700091333,1.20682512,0.385028667,2.598966667,41.57697133,3.180378667,4423.482222,3.641044667,3.501283333,31.10783933,3.750122,1.229925333,30.68492267,1.791052667,6.394455333,29.277492,1573.017778,8.149155333,2563.051111,20874.27333,8.354808
10/9/2012,3.673014667,108.3067507,4.709326667,0.980006052,81.43446667,1.513966,0.376955333,6.98567,2.033439333,0.977704667,0.939129333,474.4310987,6.291021333,1798.489619,19.321018,6.088649333,18.06373333,0.776310824,0.62491498,7.752077333,219.4103033,9598.889492,52.67224133,122.6583333,89.727836,78.24298933,85.23958533,4037.53375,1111.151765,0.281102667,150.5757933,7991.591634,128.2668527,8.595721333,856.82025,1387.333333,12.85233667,3.070419333,157.4970253,5.726144,1.22262147,0.384915333,2.593499333,41.43541733,3.15418,4459.017142,3.640458667,3.538551333,31.12200267,3.750083333,1.229957333,30.67065533,1.818309333,6.38776,29.29840867,1573.444939,8.138216,2575.859279,20878.66444,8.741586667
10/16/2012,3.672946,107.0396667,4.717783333,0.973340612,81.135734,1.499476,0.377036667,6.969811333,2.033356,0.985956667,0.926536,471.9566433,6.264564667,1797.052153,19.02441933,6.101812667,18.02808333,0.766202702,0.620702155,7.75105,213.1182367,9589.254385,52.850954,122.5700007,89.729053,78.875684,85.02543733,4018.5375,1106.655325,0.280989333,150.4090387,7972.250801,128.6239907,8.523410667,850.933375,1370.555555,12.815998,3.051699333,157.1647767,5.661954,1.228289049,0.38498,2.580838,41.344232,3.132822,4426.654592,3.640488,3.506210667,30.87869533,3.750067333,1.220193333,30.664868,1.805025333,6.376084,29.15352467,1571.548943,8.138000667,2580.515244,20813.06044,8.711996
10/23/2012,3.672905333,107.3706673,4.740502,0.974428345,81.30301667,1.504750667,0.377044,6.984263333,2.027404667,0.993333333,0.931869333,481.1336527,6.253456667,1812.135101,19.15841467,6.100742667,18.0908,0.77035579,0.626806647,7.75008,216.451028,9610.409125,53.719966,125.338334,90.375294,79.83063067,85.18878733,4037.081667,1103.277015,0.281178,150.7096127,7983.015801,129.803734,8.562548667,852.066375,1383.222222,12.96034467,3.055812,157.293798,5.718163333,1.231883921,0.384978667,2.584266,41.36003933,3.175539333,4473.169991,3.640694,3.520249333,31.29126267,3.750061333,1.224702,30.75643667,1.800436667,6.39934,29.30764267,1581.445797,8.170727333,2583.190577,20846.82044,8.755424667
10/30/2012,3.672898,107.7903327,4.759694667,0.964582448,81.192692,1.509594667,0.376896667,6.975522667,2.031045333,0.999527333,0.932217333,480.2084847,6.243304667,1828.868244,19.29424933,6.10739,18.07610867,0.771428387,0.622066033,7.749916,219.0973747,9612.859111,53.96208267,127.3775,90.440733,79.58136067,85.14767067,4026.418333,1091.478981,0.281234667,150.5797793,7994.80625,130.078556,8.566422,850.107625,1379.111111,13.05952133,3.049974667,156.9310693,5.732412667,1.218422457,0.384991333,2.596648,41.17993067,3.188172,4464.174761,3.640838667,3.50223,31.37457733,3.750149333,1.219234667,30.7012,1.797726667,6.379909333,29.22514533,1583.624879,8.168980667,2587.428477,20817.86444,8.640362
11/6/2012,3.672944667,109.06325,4.773298,0.958456235,81.243542,1.527524667,0.377060667,6.980950667,2.032939333,0.992746,0.942998,479.418858,6.248958667,1819.603577,19.72754467,6.11715,18.11092533,0.780532449,0.625385791,7.750156,220.021382,9618.796829,54.420266,127.1658333,90.583823,80.31105133,85.47515533,4004.160833,1090.319669,0.281699333,150.8467127,7983.5,130.6148027,8.648358667,850.352125,1396.666667,12.97840267,3.061170667,156.9175127,5.7171,1.208552025,0.385058667,2.602019333,41.215244,3.2144,4463.211428,3.641774,3.526407333,31.43320267,3.750106667,1.223102667,30.75911733,1.775092667,6.382514,29.23705067,1590.702016,8.183690667,2581.684577,20840.51777,8.655870667
11/13/2012,3.67296,109.615834,4.782160667,0.958884924,81.75915,1.540188,0.376973333,6.982689333,2.059953333,1.001570667,0.947751333,483.1269033,6.22767,1817.021604,20.04672733,6.100184667,18.15671667,0.787062531,0.629944477,7.750407333,224.0886287,9622.800175,54.92256867,129.07,90.746323,79.407776,85.38204067,4002.026667,1089.584955,0.282328,150.859442,8008.21,130.46307,8.715365333,850.73675,1396.666667,13.23465133,3.064379333,157.821016,5.768189333,1.223620523,0.385026667,2.608933333,41.10958867,3.290698667,4462.939428,3.641026667,3.571307333,31.75644,3.750298667,1.223050667,30.66316667,1.804631333,6.38523,28.996872,1593.758177,8.179544667,2603.880889,20843.86444,8.788154
11/20/2012,3.673227333,108.937916,4.803636,0.962968195,81.236892,1.527120667,0.376975333,6.97933,2.080278667,0.996686,0.940205333,478.9575187,6.234959333,1816.983576,19.80663733,6.102483333,18.14,0.780399552,0.628018685,7.750537333,219.5144187,9631.556379,55.09153467,126.7075,90.83977,81.63813067,85.63821267,3998.924167,1083.16636,0.282287333,150.2994613,8001.998333,130.2469107,8.652459333,850.939,1391.666667,13.02911067,3.058725333,157.9059773,5.732860667,1.224634736,0.385032667,2.587099333,41.17614867,3.218994,4454.757428,3.641016,3.540247333,31.344316,3.750112667,1.224418667,30.66736067,1.795155333,6.379682,29.11003467,1593.015879,8.163838667,2619.736256,20835.80311,8.848471333
11/27/2012,3.673018,107.95325,4.821770667,0.956592077,81.23342533,1.510320667,0.376968667,6.978276667,2.079468667,0.993669333,0.930173333,480.529592,6.225705333,1823.514339,19.54770267,6.104059333,18.15425,0.772765572,0.624067242,7.749914,216.4997773,9600.409425,55.41754933,125.931666,91.057496,82.15403,85.81660933,3996.60875,1085.962872,0.281847333,150.281218,7981.410801,130.101998,8.579865333,851.722125,1391.666667,13.00362067,3.045622667,157.4721753,5.682437333,1.21835457,0.385023333,2.587759333,40.808494,3.16271,4438.834095,3.639614667,3.479482667,31.02041333,3.750054,1.222279333,30.66792,1.791861333,6.374116,29.107434,1602.752859,8.163544,2688.614372,20840.70844,8.81994
12/4/2012,3.673001333,106.781,4.843536,0.95491144,81.36062533,1.494418667,0.377044,6.97796,2.114812667,0.992914667,0.926635333,480.6040627,6.221586,1813.748277,19.287548,6.113053333,18.17297533,0.763915633,0.620967145,7.749774667,215.9668813,9603.563587,54.698532,124.915834,91.288594,81.90127733,85.78797,3996.89125,1083.593932,0.281413333,150.5683647,7983.851634,128.2746773,8.503238667,851.688625,1396.666667,12.95483133,3.042158,157.0656767,5.619904,1.213333412,0.384995333,2.577133333,40.865058,3.154855333,4368.110964,3.640684,3.462783333,30.833864,3.750138667,1.217584667,30.669128,1.78397,6.380481333,29.08014533,1600.271525,8.182081333,2680.765605,20832.66844,8.791172667
12/11/2012,3.672980667,107.5669993,4.865908667,0.950707341,81.09447467,1.505281333,0.376976667,6.97804,2.077532,0.986417333,0.932546,475.1559173,6.240979333,1799.01482,19.43923733,6.149495333,18.21105,0.769280052,0.62084746,7.749784667,216.9666067,9631.721939,54.27923,126.7508327,91.68131,82.47000933,85.847728,3995.76375,1075.428719,0.281694,150.3331927,7971.550833,128.737746,8.550394,852.69575,1398.888889,12.75665667,3.056305333,157.2842567,5.649700667,1.192676353,0.38499,2.573815333,40.87833467,3.148845333,4305.736065,3.640834,3.495680667,30.702094,3.750172,1.221140667,30.60568733,1.782718,6.378738,29.053824,1599.501887,8.103836,2683.461353,20839.38844,8.651172
12/18/2012,3.673062,105.7889167,4.883912,0.949731937,80.65568333,1.481422,0.376908,6.970428667,2.089505333,0.985362667,0.913949333,474.4344587,6.226346,1794.288292,19.07583533,6.169156,18.18003333,0.756230345,0.615639539,7.750084,217.8634887,9643.956943,54.88413,125.9658333,92.046921,84.099384,85.925144,3987.66125,1072.66612,0.281300667,150.442325,7969.286634,128.641456,8.439064667,851.926875,1388,12.723874,3.054610667,157.5715167,5.598366,1.188460214,0.385008,2.559291333,41.05314867,3.09116,4300.203977,3.640991333,3.383172667,30.79963133,3.750282667,1.217615333,30.580828,1.779421333,6.371832,29.02254333,1593.875212,8.090192,2653.437929,20803.26311,8.495273333
12/25/2012,3.672546,105.604251,4.902985,0.96449,80.485338,1.483711,0.377036,6.995259,2.07955,0.992644,0.914997,479.450002,6.253019,1776.75,19.054437,6.1703,18.283763,0.758346,0.622205,7.750546,221.64225,9655.565,55.043612,127.258751,92.511612,84.789994,85.950601,4004.55375,1073.918738,0.281514,150.708873,8004.125,126.928249,8.455083,858.229875,1391.113348,12.983038,3.064178,157.309376,5.597918,1.217081,0.384926,2.564521,41.131462,3.097654,4278.48875,3.640589,3.356354,30.646212,3.750205333,1.221248,30.621188,1.794993,6.406934,29.080013,1583.8725,8.023229,2661.6675,20847.83333,8.577705
1/1/2013,3.672924667,105.799751,4.915731333,0.963259654,79.718142,1.482454,0.376992667,6.975758667,2.048058,0.993388,0.915236667,478.845342,6.241449333,1769.13126,19.02501333,6.348971333,18.23176667,0.757216753,0.615648606,7.750718667,220.7264193,9634.303949,54.70153533,128.1275007,92.327686,86.61168867,86.036502,3993.035,1063.655973,0.281202,150.282388,7971.925,127.560116,8.436016667,856.144625,1377.5,12.89314333,3.057178,156.0684533,5.561860667,1.209051757,0.384998,2.550262,41.04052133,3.087732667,4243.745887,3.640913333,3.367176,30.526924,3.750324,1.221429333,30.58483933,1.783566,6.3767,29.048564,1582.47921,8.038841333,2686.382408,20818.10444,8.459276
1/8/2013,3.67289,106.757584,4.929331333,0.952154086,79.85940867,1.494779333,0.377011333,6.983380667,2.038466,0.986458667,0.923899333,472.1113067,6.228135333,1771.6842,19.51762267,6.473910667,18.27235867,0.764426665,0.622723907,7.751268667,222.9511253,9673.317048,55.01492,129.0808333,92.487164,87.17523733,86.50726133,4006.72125,1063.411908,0.282003333,150.6900973,7955.542467,127.1497393,8.501438,857.89425,1386.666667,12.789262,3.042872667,156.5034427,5.601754,1.195422717,0.385008,2.549137333,40.81835467,3.143192667,4285.649244,3.640384,3.368578667,30.30833267,3.750289333,1.229098,30.41974333,1.778363333,6.389832667,29.04637133,1593.563559,8.049929333,2715.560173,20847.27377,8.563712667
1/15/2013,3.672870667,104.338334,4.947643333,0.946798511,79.85922533,1.468628667,0.376884667,6.975836,2.03459,0.984190667,0.928488667,474.3595853,6.214478667,1763.877117,19.21447267,6.575318,18.3102,0.751056047,0.622546653,7.751997333,221.4133967,9639.248616,54.59070667,128.544166,92.717394,88.84866733,86.78207933,4000.875,1056.491,0.281622,150.8783427,7952.96,126.4284953,8.384712,858.739875,1386.666667,12.622984,3.010016667,156.9830607,5.561274,1.190833713,0.384984,2.544136,40.57570333,3.085557333,4185.955389,3.640399333,3.267092667,30.28026067,3.750266,1.225724667,29.99238667,1.769082,6.394532,28.97162267,1598.448667,8.143349333,2675.09802,20851.26044,8.791791333
1/22/2013,3.672918,104.6843333,4.956136,0.946386511,79.67345,1.468266,0.37707,6.984351333,2.044200667,0.992006667,0.929752667,471.2071373,6.221446667,1773.433533,19.23031733,6.631277333,18.3116,0.750302917,0.631265574,7.753551333,220.6017407,9626.321949,53.75656533,128.1958333,92.990137,88.934392,87.30285533,3990.24875,1062.961908,0.281756667,150.8927487,7969.783701,126.6627867,8.375586667,859.135,1385.888889,12.63256667,3.039013333,157.1635113,5.581201333,1.188916318,0.385044,2.554568667,40.60842467,3.131236,4170.158723,3.640611333,3.266412667,30.24046,3.750104667,1.226883333,29.71682733,1.766946667,6.384788,28.99819867,1608.274272,8.124159333,2679.651353,20840.42177,8.836068667
1/29/2013,3.672962667,103.5226667,4.967477333,0.955395313,79.36057467,1.452616667,0.376978667,6.970721333,1.992216,1.002708667,0.922688667,471.6891373,6.23339,1775.653257,19.02420933,6.680324,18.28059133,0.741877632,0.634848418,7.75814,219.7957187,9682.350381,53.73424333,128.5975013,92.101859,90.742068,87.574372,3973.1125,1083.956489,0.281468667,150.6150107,7927.499167,126.6589867,8.306581333,857.274125,1377.333333,12.72150733,3.073453333,156.9761307,5.504063333,1.19272169,0.385005333,2.557928,40.74773733,3.106416,4124.154853,3.639864,3.247512,30.059688,3.750258,1.234364667,29.86177067,1.768502667,6.369314,29.45745133,1607.369764,8.111613333,2660.644889,20810.15644,9.028239333
2/5/2013,3.672875333,102.90475,4.983266667,0.96205026,78.59081667,1.441729333,0.376988,6.976466,1.986568667,0.996019333,0.908462,472.4108727,6.232964667,1786.391239,18.89654867,6.704144,18.34035867,0.736740935,0.637880251,7.754524,216.355918,9678.281715,53.116944,126.551666,91.986559,93.43669733,87.593338,3981.085,1087.216577,0.281555333,150.5429647,7921.005833,126.4199627,8.255992,857.321375,1387.666667,12.635926,3.090574667,157.1502253,5.474786,1.184450674,0.384992667,2.575700667,40.63385,3.076468,4133.616889,3.640654667,3.22308,29.97142333,3.750044,1.237389333,29.741356,1.75951,6.37574,29.51746333,1617.836216,8.138442,2656.152596,20809.86444,8.834766667
2/12/2013,3.672863333,103.9491667,4.995294667,0.971174906,78.48654933,1.456626667,0.377003333,6.977842,1.969693333,1.002817333,0.917365333,471.8301373,6.23697,1782.731239,18.83336533,6.718146,18.34122467,0.743955542,0.63864402,7.755171333,215.9139153,9638.635283,53.84419467,128.171668,94.071545,93.42835667,87.418108,3985.7125,1092.753496,0.282023333,150.406158,7917.6925,126.2688733,8.309580667,857.245,1386.666667,12.71335267,3.098982,157.2381873,5.491518,1.191077397,0.385010667,2.579822,40.69223733,3.105744667,4104.734853,3.640638667,3.275446,30.067112,3.750092667,1.239506667,29.84585933,1.772244667,6.375444,29.7432,1613.201185,8.102462667,2643.46302,20825.97244,8.910692667
2/19/2013,3.673081333,104.37575,5.018889333,0.966041636,78.84921667,1.462912667,0.377039333,6.972461333,1.957762,1.010928667,0.922612,471.8057167,6.248314,1790.843492,18.95031733,6.731712667,18.36328333,0.747522385,0.64763611,7.754354,217.7765193,9700.054381,54.19386867,128.829166,92.247962,93.62553267,87.48916067,3976.5675,1080.138493,0.282459333,150.3552987,7878.931667,127.1945073,8.352771333,857.500375,1384.777778,12.64471067,3.100278667,157.2552867,5.53992,1.18057779,0.385026,2.575324667,40.63475867,3.118280667,4016.229167,3.640780667,3.273074,30.09096333,3.750406,1.236749333,29.87046467,1.773457333,6.368014667,29.54285933,1616.917731,8.116519333,2660.607556,20824.64044,8.862636667
2/26/2013,3.672944667,106.501666,5.035245333,0.977090491,78.950366,1.495332,0.376976667,6.981722,1.981906,1.025264667,0.931249333,473.098572,6.237010667,1816.436243,19.52629467,6.736348,18.41188333,0.765033387,0.660974154,7.758335333,225.087688,9706.967715,54.08531533,126.9400007,95.256814,92.21349533,87.243296,3989.28,1088.931278,0.283031333,150.4614307,7883.769134,127.4356307,8.501447333,863.025,1382.444445,12.812748,3.100751333,157.541526,5.694254667,1.212418346,0.385010667,2.586082,40.730844,3.180426667,3928.089151,3.640776,3.342908667,30.57165067,3.750298667,1.238752667,29.81692867,1.804885333,6.379430667,29.67939133,1626.5366,8.140127333,2661.477929,20859.84844,8.812588
3/5/2013,3.672949333,107.0349993,5.054911333,0.975335314,78.824276,1.500576,0.376999333,6.97772,1.967901333,1.027245333,0.941235333,473.15397,6.227853333,1810.889607,19.610184,6.744518,18.39018333,0.766281175,0.660617675,7.755682667,228.196374,9691.027048,54.920938,124.5766667,95.268023,93.31260133,85.546656,3982.2225,1086.944863,0.283932667,150.6660827,7874.174134,127.4566353,8.525961333,864.061375,1392.777778,12.71516867,3.102024667,157.6240993,5.702974667,1.203864478,0.384996,2.593137333,40.744804,3.164565333,3984.118568,3.64051,3.34034,30.644456,3.750216667,1.245782,29.77770533,1.793305333,6.376506,29.66045467,1619.111405,8.11738,2646.36302,20934.91511,9.034597333
3/12/2013,3.672908,107.3458327,5.074820667,0.969262051,78.7003,1.501628,0.376962667,6.976795333,1.963432,1.026408667,0.947667333,471.286336,6.220988,1800.78224,19.65748867,6.763143333,18.40791667,0.767694643,0.671273622,7.756815333,234.5665893,9698.839048,54.19312867,126.1866667,96.550526,96.02879933,85.274288,3983.84875,1095.189373,0.284489333,150.782608,7865.938333,126.1947627,8.537136667,866.7725,1393.222222,12.472546,3.108840667,158.3195987,5.714701333,1.212102692,0.384997333,2.592828667,40.624038,3.178549333,3995.927235,3.640187333,3.358400667,30.70439333,3.750003333,1.247093333,29.63106933,1.802553333,6.395981333,29.66210667,1621.875501,8.119572667,2641.085687,20909.68577,9.146742667
3/19/2013,3.672982667,108.5291673,5.099402,0.964569475,78.711784,1.517698667,0.377075333,6.990842,1.98608,1.026215333,0.946912,472.2505833,6.224815333,1811.541659,19.87340867,6.796106,18.49865,0.777050414,0.662399752,7.761552667,237.171332,9713.4175,54.37926667,125.835,97.362375,95.06551667,85.61063333,4000.15875,1114.360003,0.284772667,151.1525,7854.748333,126.5849173,8.596619333,885.445,1393.222222,12.44837533,3.125197333,158.999916,5.832895333,1.212707132,0.385004,2.601499333,40.64275867,3.230606667,4013.49,3.640635333,3.428604,30.97645,3.749956,1.250752,29.2988,1.823919333,6.416975333,29.81485,1625.338333,8.148783333,2633.196667,20988.76,9.250002
3/26/2013,3.672763333,108.5446673,5.116448667,0.954190136,78.281325,1.51944,0.376935333,6.973372667,2.015216,1.017194,0.947186,472.391502,6.219174,1828.401667,19.990258,6.795693333,18.469487,0.777575659,0.659569374,7.76014,236.4174993,9728.330833,54.37705,123.986666,97.702874,94.49741667,85.86679133,3982.23875,1108.289992,0.284952,150.7458347,7790.096667,126.745875,8.621879333,883.195,1399.333333,12.352042,3.095622,158.2722513,5.824302667,1.191450371,0.384979333,2.583879333,40.9994,3.243844,4026.173333,3.640710667,3.426548667,30.86751667,3.75017,1.241364,29.301442,1.813579333,6.407956667,29.82105,1614.438333,8.1194,2608.205,20926.005,9.24683
4/2/2013,3.673116,109.0075,5.120376667,0.956924744,78.11395,1.52604,0.376957333,6.977958667,2.021076667,1.014882,0.94886,472.6330853,6.209380667,1819.373333,20.156942,6.807896,18.508088,0.780003637,0.662103984,7.762372,235.9273347,9726.293333,54.4372,123.4766667,97.998124,93.45873333,84.91015867,3986.766667,1117.647765,0.28561,150.8550013,7788.612222,126.4883327,8.64672,879.9925,1396.666667,12.284342,3.089137333,158.4319167,5.819307333,1.188098309,0.38499,2.588738667,40.81975867,3.264804,4026.033333,3.640824,3.449096,31.27823333,3.750272,1.239582,29.39615,1.803852667,6.407858667,29.88275,1618.266667,8.151116667,2590.088889,20927.06667,9.230119333
4/9/2013,3.672716667,107.044166,5.13371,0.954091801,77.98958267,1.498426,0.377007333,6.973568667,1.983252,1.016506,0.933269333,467.420586,6.206904667,1815.469501,19.68724267,6.849298667,18.47556667,0.76497985,0.652805637,7.763759333,227.5143673,9723.812143,54.50695,118.8150007,98.7974,99.014828,84.63775867,3970.995,1139.260141,0.285376,150.8154147,7756.207735,125.522268,8.513041333,878.36,1398.666667,12.15533133,3.038345333,157.4832133,5.716725333,1.174123263,0.384996,2.577384667,41.19149733,3.153452667,4054.1305,3.640601333,3.366658667,31.10178533,3.750148667,1.239615333,28.99687933,1.785118,6.398761333,29.99948667,1615.345497,8.130069333,2586.237263,20878.62222,8.944101333
4/16/2013,3.672766667,106.7639993,5.150866667,0.96272307,77.87540867,1.487816,0.377006,6.962845333,1.985428667,1.02065,0.923513333,472.078748,6.193654,1833.205555,19.6248,6.885256,18.4795,0.758763892,0.650887889,7.762402,223.266834,9715.182222,54.085184,117.4675007,98.877601,97.683608,83.920158,3969.948333,1115.695552,0.284718667,150.7964993,7735.851068,125.3631673,8.465944,878.97575,1401.666667,12.14341667,3.040002,158.0365,5.725318667,1.177923167,0.385012,2.587152,41.30890867,3.121012,4089.968889,3.640430667,3.321133333,31.24995867,3.750007333,1.23514,28.97737467,1.788293333,6.3956,29.80640867,1621.664445,8.124823333,2525.984445,20879.02222,9.097253333
4/23/2013,3.672842667,107.8493327,5.168833333,0.974589961,77.88641667,1.504241333,0.377006667,6.976960667,2.022600667,1.026283333,0.943174667,477.1375233,6.187079333,1838.955882,19.92758,6.916104,18.52382533,0.76933971,0.656365724,7.764460667,230.4588927,9720.265477,54.26198,117.29,99.010384,99.46110933,83.74510133,3985.588889,1119.812709,0.285273333,151.051874,7689.89,126.7799007,8.544718667,885.8085,1403,12.25573133,3.055198,158.7314373,5.901888,1.188595027,0.384952,2.603044,41.34743,3.177100667,4136.331945,3.640946,3.34521,31.65402733,3.750155333,1.240701333,28.796622,1.804139333,6.403318667,29.80706,1623.454377,8.132204,2568.704932,20896.03888,9.197735333
4/30/2013,3.672950667,106.9349993,5.183932,0.965803052,77.78015,1.490905333,0.377030667,6.966742,2.000956,1.009452667,0.932456,471.1768293,6.171284,1827.286232,19.61461933,6.925774,18.509842,0.760876709,0.644117848,7.760709333,228.3653407,9716.30381,53.83656133,116.605834,98.61879,97.569164,83.81874267,3982.665555,1103.869353,0.284358667,150.973544,7681.067735,126.8064593,8.471420667,887.3475,1412.666667,12.137628,3.039772,157.998948,5.788408667,1.170169818,0.384967333,2.639933333,41.17051533,3.166318,4129.494445,3.640382,3.300907333,31.13020133,3.750213333,1.232548,29.26430667,1.792751333,6.397908,29.49032667,1622.137163,8.095611333,2594.527677,20823.45555,8.997974667
5/7/2013,3.672941333,107.524166,5.206471333,0.981908595,78.03645067,1.495301333,0.377004667,6.981774,2.008292,1.005162,0.939919333,470.086768,6.162228667,1828.104768,19.71380533,6.942096,18.57738333,0.764694461,0.645433317,7.760386,226.2951447,9727.652143,54.027702,116.6433333,98.743871,99.03460467,83.78846133,3995.973333,1090.719598,0.284692,151.1098633,7651.076623,126.4101693,8.507620667,895.1025,1429,12.046078,2.984168,157.993426,5.839205333,1.182265414,0.385000667,2.616938,40.85523067,3.166475333,4135.287932,3.640682667,3.295279333,31.07424933,3.750632667,1.231862,29.578336,1.796481333,6.409941333,29.55859,1628.578562,8.138678667,2559.757349,20906.73888,9.023051333
5/14/2013,3.672918667,108.8822493,5.23476,1.009776287,77.92056733,1.511134,0.376984667,6.977680667,2.017348,1.016324,0.963761333,476.837035,6.150322,1836.763732,19.98783933,6.964245333,18.604042,0.772893213,0.656668065,7.761734,227.6386313,9731.469643,54.763,121.9275007,98.592351,102.1310893,83.667008,3990.932222,1110.185794,0.285530667,151.2963187,7665.51329,126.4423667,8.572095333,909.96025,1426.333333,12.17304133,2.988318,157.400016,5.824961333,1.21716379,0.384991333,2.600941333,41.12682467,3.215453333,4166.009445,3.640930667,3.345726667,31.36508067,3.750262,1.242166,29.66327733,1.812852,6.409785333,29.893402,1627.999917,8.147743333,2586.510722,20922.09722,9.202128
5/21/2013,3.673167333,109.2483333,5.244626667,1.020230017,77.738266,1.518146,0.377029333,6.970948667,2.038987333,1.026765333,0.969685333,484.3479347,6.142769333,1845.960097,20.20739133,6.981974667,18.58686667,0.775194484,0.659760593,7.761356,224.6433687,9772.082762,55.31804,123.040834,98.365171,102.5530767,84.08138267,3986.367789,1112.426027,0.286476667,150.7523793,7651.974401,126.3677187,8.609754,929.91875,1428.666667,12.32838467,3.017976,158.116052,5.804792667,1.223964606,0.385027333,2.643561333,41.21486333,3.240834,4193.08488,3.640224,3.371751333,31.249058,3.750490667,1.259509333,29.78416533,1.842594,6.399434667,29.86335067,1627.445229,8.153788667,2600.452677,20898.28055,9.524576
5/28/2013,3.673021333,109.4216667,5.269334667,1.039459927,77.934966,1.518679333,0.376998667,6.990848667,2.067116,1.038424,0.973896,490.5494527,6.128002,1890.659858,20.13963733,6.987922667,18.65925,0.777429316,0.664658539,7.763600667,223.5208887,9792.006929,56.02852333,124.2266673,98.810828,102.1125007,85.17755533,3996.666667,1127.794291,0.286508,151.1309747,7649.666623,126.369562,8.612995333,952.86625,1435,12.595788,3.040001333,158.432398,5.880581333,1.236638614,0.384993333,2.680846667,41.881614,3.264257333,4207.243213,3.641280667,3.36653,31.48023867,3.750179333,1.268780667,30.033502,1.855297333,6.417214667,30.019954,1629.58575,8.167236,2603.102779,20966.97222,9.736102
6/4/2013,3.672878667,107.497,5.288386,1.036297415,77.793658,1.496734667,0.376984,6.980377333,2.128023333,1.033874667,0.948135333,499.9338633,6.135717333,1898.350121,19.72693867,6.985239333,18.64281667,0.764611637,0.653191517,7.760419333,224.8096987,9806.042762,56.52331133,122.1441673,98.768778,100.074328,85.119056,4001.162222,1123.617417,0.285445333,151.3494167,7689.62329,126.4574287,8.504146,941.687875,1429,12.72138,3.094434667,158.4496307,5.814914,1.247706015,0.384997333,2.718144667,41.88716,3.245636667,4303.152389,3.64109,3.364989333,31.93076733,3.750178667,1.253178667,30.436782,1.877445333,6.405592667,29.91149867,1633.137822,8.153601333,2584.578097,20959.44722,9.824246
6/11/2013,3.673054667,106.059334,5.304322,1.061874848,77.752816,1.472242,0.377046667,6.975906,2.137110667,1.019542,0.926945333,502.6816793,6.142885333,1900.08678,19.25483333,6.992253333,18.64143333,0.751449693,0.639768998,7.764118667,223.5701707,9820.512762,58.28126933,120.4616667,99.085226,96.60096267,85.034486,4027.468889,1129.206142,0.284465333,151.4309407,7691.658889,127.567948,8.397429333,943.268,1423.333333,12.84717933,3.143206,159.3436953,5.772624,1.271543734,0.385013333,2.750170667,43.03557667,3.212085333,4362.963319,3.641591333,3.39818,32.36964,3.750186667,1.255255333,30.91189467,1.891038,6.396848667,29.84303267,1633.276869,8.131024667,2584.942389,20981.91388,10.091516
6/18/2013,3.672884,105.4753333,5.336783333,1.054805705,77.77330067,1.462064667,0.377010667,6.897472,2.173360667,1.020494667,0.920435333,498.404984,6.134009333,1896.928738,19.15935,6.996028,18.66665,0.746741567,0.639229479,7.758741333,218.991898,9902.266683,58.67656867,119.9091673,100.339392,95.27966533,85.63376733,4047.791122,1132.524456,0.283264667,151.271442,7700.494401,128.5390307,8.350993333,943.4395,1415.666667,12.86866933,3.150801333,160.31456,5.732476667,1.252330718,0.385024,2.743302,43.17200667,3.181846667,4389.908557,3.641238667,3.349365333,31.97490867,3.750294,1.260138667,30.819112,1.882984667,6.405038,29.87017,1638.772687,8.152946667,2596.38893,20991.38888,9.976947333
6/25/2013,3.673002667,107.3443333,5.361780667,1.0795963,77.95248333,1.493914667,0.377015333,6.904497333,2.220692667,1.050544,0.937244,508.591868,6.150854,1931.762087,19.72130933,7.011058,18.71825867,0.763938089,0.648398776,7.757526667,226.842346,9917.03585,59.659314,123.4691667,101.033927,97.86318067,85.87575133,4100.534455,1155.457977,0.284802,151.8597367,7729.294401,128.9241027,8.502638667,963.9685,1431.333333,13.23917,3.189157333,160.5811953,6.090388667,1.29087087,0.385010667,2.7907,43.40022867,3.307301333,4465.199073,3.642394,3.430813333,32.80591467,3.750466,1.270664,31.0436,1.933049333,6.415624,30.09314533,1625.261043,8.156963333,2596.230433,21013.37222,10.073526
7/2/2013,3.673038667,108.3196673,5.390215333,1.09278085,77.92284933,1.505469333,0.377012667,6.902093333,2.245527333,1.053550667,0.949574,503.293548,6.138292667,1919.339495,20.055878,7.019828,18.732358,0.770040043,0.659565775,7.753923333,226.1236493,9924.71835,59.51894867,124.1416667,100.956455,100.3706367,85.87709667,4017.512233,1135.593958,0.285570667,152.0665147,7762.487735,130.6710847,8.55139,979.99775,1433.333333,13.01657067,3.167271333,160.854204,6.104039333,1.288793699,0.384853333,2.78754,43.250092,3.339345333,4513.085313,3.640890667,3.416272667,33.12976267,3.750261333,1.270273333,30.972662,1.931004667,6.415482,30.05454,1633.420322,8.165217333,2583.894055,21208.97428,9.957100667
7/9/2013,3.672908667,109.389,5.407134667,1.090696085,77.96369133,1.527148667,0.377062,6.906362,2.257748,1.053408667,0.970721333,508.06332,6.139591333,1922.276208,20.20360467,7.022455333,18.75853333,0.781424871,0.672511052,7.756601333,229.0098673,9963.894167,60.203476,126.7,101.346705,101.1412127,86.73325933,4047.033333,1142.320987,0.286921333,152.555204,7785.018845,130.7925353,8.651477333,981.480625,1450.666667,12.90909333,3.188735333,161.896332,6.1784,1.274703117,0.385004,2.780165333,43.44044467,3.374409333,4510.39448,3.641688,3.468872,33.03153933,3.750262667,1.278355333,31.25370733,1.942614,6.419504,30.14682133,1622.92509,8.170917333,2598.498767,21257.51595,10.04233133
7/16/2013,3.673034,106.9073333,5.430673333,1.082369694,77.7467,1.490602,0.377012667,6.887264667,2.247926667,1.038645333,0.941964,501.4048187,6.153984,1882.816529,19.74907533,7.001548,18.71615,0.760960894,0.66104604,7.757296667,222.749986,10023.27,59.35757067,121.4999993,101.152945,99.265302,86.77479,4026.976667,1116.730566,0.285440667,152.5716513,7788.137778,131.2813147,8.468877333,982.302,1445.333333,12.64787067,3.186319333,161.0351087,6.008334,1.268106643,0.385013333,2.76161,43.32197,3.244284667,4456.027407,3.641112667,3.37418,32.47414067,3.750408667,1.259073333,31.063404,1.925297333,6.397728,29.80289133,1614.270923,8.1462,2590.805433,21218.86595,9.874274667
7/23/2013,3.673035333,106.0800007,5.459323333,1.078044499,77.683316,1.482474667,0.376998,6.886765333,2.220908,1.030646667,0.93605,502.2347427,6.141196,1885.684029,19.640822,7.002082,18.72947533,0.757126813,0.651385034,7.757599333,223.75911,10125.83918,59.675316,120.5066673,101.205765,99.63308867,87.22596867,4046.191111,1117.96271,0.285022,153.0400493,7776.341111,131.6502327,8.433377333,979.61,1478,12.504102,3.18087,161.383642,5.899284,1.25192858,0.384998,2.773104,43.21032867,3.187208,4469.834155,3.641094667,3.338459333,32.30541533,3.750433333,1.263538,30.943486,1.904096667,6.403928,29.89064533,1615.265923,8.130184667,2578.338222,21204.74095,9.707293333
7/30/2013,3.672981333,105.7074993,5.494782667,1.102482315,77.81205,1.475175333,0.377002667,6.894372,2.276756,1.029861333,0.929502,513.9246573,6.138461333,1889.939029,19.46184933,7.001368667,18.76815,0.753920027,0.655672749,7.755455333,225.2956653,10276.08807,60.529834,119.2691673,101.335115,98.03853267,87.17761667,4083.373333,1114.785127,0.284468,153.3356267,7781.335512,131.6088973,8.415002,977.255,1486.666667,12.75306333,3.229922667,160.7669167,5.932968667,1.251809273,0.384984667,2.784139333,43.35748,3.186693333,4424.604793,3.641242,3.311059333,32.92869933,3.750368,1.269773333,31.24714733,1.923796,6.404968,29.948628,1618.25759,8.129626667,2584.854889,21150.42428,9.804215333
8/6/2013,3.673139333,104.9506667,5.523942667,1.112938066,77.76425333,1.47164,0.377029333,6.887532,2.298034,1.037526667,0.926559333,514.2786813,6.12613,1881.148556,19.505108,6.995196667,18.70502667,0.751885715,0.651439715,7.756416,224.7377787,10283.52379,60.98685867,118.6286667,101.224263,97.911436,87.339296,4083.332583,1114.904195,0.284868667,153.5074387,7789.269967,131.5801933,8.39199,973.22802,1521.333333,12.62864667,3.245062667,159.5432927,5.922358,1.265877776,0.385022,2.791362667,43.45599533,3.165072,4421.670501,3.641371333,3.314795333,32.959042,3.750407333,1.267061333,31.38663933,1.925852,6.390928667,29.94933933,1618.643549,8.121270667,2571.775945,21111.11276,9.900526
8/13/2013,3.672966667,105.244,5.558935333,1.097933693,77.79808,1.473871333,0.377008667,6.899507333,2.306348667,1.033687333,0.931398667,510.159988,6.125032667,1878.896348,19.484458,6.98938,18.81067333,0.753811648,0.647275632,7.755127333,224.511568,10295.69045,61.25513467,119.6346667,101.356146,98.00512067,87.66850733,4085.16675,1116.463524,0.284662667,153.0948093,7804.794134,131.6359147,8.414026667,975.07842,1562.777778,12.70964667,3.257159333,160.671768,5.881946667,1.254602613,0.384991333,2.797084667,43.76155067,3.159929333,4407.614501,3.641357333,3.33229,33.053764,3.750326,1.26646,31.25629267,1.930567333,6.397176667,29.98244133,1618.435731,8.119482,2570.144545,21115.26609,9.948806667
8/20/2013,3.672988667,104.4126667,5.593910667,1.102960762,77.47957333,1.46003,0.377016,6.887538,2.397238667,1.038249333,0.918515333,515.2478667,6.125111333,1922.796929,19.23701333,6.988259333,18.78909333,0.745618218,0.638320595,7.754610667,223.3681427,10668.43972,63.25063733,119.798,101.299194,97.35887133,87.36597733,4069.725083,1119.807495,0.284413333,152.4043073,7806.408301,131.863236,8.344193333,968.64002,1563.333333,12.98708867,3.287212,161.338094,5.952359333,1.254918704,0.385002667,2.807808667,43.76799867,3.158379333,4426.497168,3.641339333,3.315974,32.944928,3.750118667,1.27412,31.59671733,1.948454667,6.403112,29.93868533,1614.743064,8.124251333,2591.016477,21115.08609,10.14153267
8/27/2013,3.673071333,104.7425333,5.639577333,1.114167929,77.46784667,1.462586667,0.37701,6.884941333,2.371946,1.048614667,0.918603333,514.3254607,6.123437333,1934.277636,19.20861,6.975035333,18.79612,0.747172819,0.643456555,7.75634,224.7800113,10952.60203,66.027398,120.0426667,101.414522,97.34539467,87.47344533,4079.68175,1116.303524,0.284457333,152.25417,7814.475833,132.8954907,8.359253333,968.67282,1588,13.21662667,3.326686,161.7179553,6.023018667,1.283818078,0.385028667,2.809783333,44.56266933,3.172977333,4435.819925,3.641564,3.314234,33.11816667,3.750531333,1.282392,32.136082,2.0291,6.401791333,29.98665667,1615.028397,8.114908667,2577.647244,21150.25276,10.374254
9/3/2013,3.673132667,106.1239333,5.686945333,1.105187533,77.55361933,1.484839333,0.377062,6.895657333,2.363451333,1.053448667,0.935946667,509.3307193,6.123039333,1943.0886,19.55713533,6.986486,18.83976667,0.759186367,0.642797152,7.75465,229.1559207,11087.54147,67.64357333,120.637334,101.580942,99.50166067,87.51910667,4091.678417,1098.811473,0.285815333,153.3468093,7851.5925,133.0243887,8.461982667,969.25832,1622.888889,13.37531467,3.283763333,162.9164653,6.074353333,1.281659223,0.385024667,2.808577333,44.45656667,3.240779333,4454.021428,3.641427333,3.364018,33.46794733,3.750442,1.277316,32.128188,2.049064667,6.398227333,29.80736133,1615.517731,8.138408667,2577.676347,21142.91276,10.295056
9/10/2013,3.672982,105.6839333,5.708825333,1.075284217,77.431246,1.476014667,0.377042667,6.888794,2.285622,1.035691333,0.934884,506.2679873,6.121321333,1939.030882,19.46835333,6.896968,18.83265333,0.753889302,0.635894229,7.75464,225.8348747,11207.12222,63.94289067,121.0320007,101.554439,100.24917,87.52742667,4073.995667,1085.843125,0.285052,153.4235013,7847.326667,132.8538373,8.414426667,968.19432,1690.111111,13.09113733,3.279764,163.368348,5.945966667,1.241130627,0.385011333,2.796399333,43.77353133,3.206138667,4459.952619,3.639417333,3.365966667,32.99697133,3.750572667,1.269132667,32.133712,2.018758667,6.40026,29.652062,1614.525497,8.16395,2576.698265,21124.43262,9.987682
9/17/2013,3.672962,105.0132667,5.732529333,1.069353222,77.38876667,1.464825333,0.376931333,6.890738667,2.261484667,1.029957333,0.925881333,503.0262167,6.119621333,1921.004296,19.26507067,6.892648,18.85532,0.74869637,0.628750422,7.754028,222.7579713,11382.71715,63.23620667,121.3893327,101.898985,99.123456,87.50931533,4040.946822,1082.717271,0.284069333,153.3802487,7843.211111,132.213348,8.348992667,972.90892,1677.944445,12.924814,3.250592667,162.1265327,5.906149333,1.215154361,0.38501,2.771616667,43.55275933,3.154021333,4431.859073,3.639482,3.351520667,32.24044067,3.750406,1.259792667,31.711944,2.001133333,6.391476667,29.62572933,1612.090649,8.18288,2568.482349,21128.79095,9.79315
9/24/2013,3.672930667,104.6136667,5.765774667,1.065287315,77.61297333,1.451591333,0.377013333,6.895292,2.200911333,1.029962,0.912533333,498.023204,6.121359333,1889.98987,19.205046,6.892808,18.88518,0.742116095,0.625080313,7.753547333,221.9487073,11458.05882,62.710702,121.11,102.320533,98.80668067,87.47000267,4054.895667,1074.152318,0.283366,153.150042,7834.147778,132.1438633,8.313686667,974.0352,1606.666667,12.93098533,3.212211333,160.3461013,5.963464,1.209279823,0.385007333,2.757548,43.40339333,3.126298,4424.636573,3.640540667,3.318346667,31.88015933,3.750264667,1.254142667,31.28699333,1.996282,6.405748667,29.57575067,1611.98516,8.183756667,2548.140069,21130.43262,9.854259333
10/1/2013,3.672777333,104.5429333,5.79419,1.064962891,77.70572,1.446262667,0.377000667,6.896928667,2.220409333,1.032264667,0.905965333,503.6790147,6.121196667,1895.506565,18.967342,6.892332667,18.89996,0.739424735,0.618116978,7.754054,219.340224,11486.39215,62.528746,120.7333333,102.939024,98.05006867,86.45960067,4061.804,1074.126043,0.283068,153.9611413,7859.857778,131.5538413,8.280921333,973.7128,1648,13.14583667,3.234125333,161.3305267,5.999486,1.209249162,0.384954,2.780624,43.30615667,3.119010667,4439.310627,3.640954,3.289826,32.24495667,3.750078667,1.252158,31.22689867,2.012096,6.407453333,29.537084,1608.498872,8.178496667,2554.08246,21130.39095,10.08448733
10/8/2013,3.672837333,104.1489333,5.820244667,1.06043752,77.51658667,1.441750667,0.376962667,6.893294,2.209280667,1.035246,0.903775333,499.9326813,6.119130667,1888.136529,18.78451,6.890928,18.90114667,0.736626458,0.621727736,7.754166667,217.5829707,11459.00882,61.863036,121.1653327,103.563232,96.92296733,84.92841,4054.770111,1073.371901,0.282765333,154.2444853,7844.085555,131.1769487,8.257806667,968.90112,1664.222222,13.18812067,3.193835333,160.0245873,5.972101333,1.204950979,0.384982,2.779960667,43.109196,3.090465333,4455.18074,3.640823333,3.268338,32.36208667,3.750099333,1.249162,31.36306067,1.989452667,6.405084667,29.364336,1608.24016,8.183829333,2542.75821,21130.60762,9.969508667
10/15/2013,3.673221333,103.497,5.836767333,1.049728256,77.64252667,1.446554667,0.376982,6.887578,2.179353333,1.037126667,0.912022,498.9716107,6.102683333,1882.833199,18.92072867,6.890891333,18.89593333,0.739234295,0.625304763,7.754533333,218.6042553,11265.8894,61.70533067,121.2533333,103.76723,98.27499933,84.97802133,4055.546222,1066.554628,0.282658667,153.6711867,7870.441111,131.113486,8.282310667,970.847,1668.333333,12.99308467,3.178113333,159.9973287,6.012130667,1.192368813,0.385014667,2.766542,43.08428067,3.085848667,4452.003452,3.641272667,3.286062,32.284768,3.750420667,1.243280667,31.26185467,1.985368667,6.392571333,29.34055467,1610.871827,8.183713333,2540.368512,21123.54095,9.947482
10/22/2013,3.672933333,102.102534,5.852254667,1.030887514,77.392194,1.423532667,0.377012,6.87575,2.172115333,1.028975333,0.896614667,499.5713933,6.092874667,1880.873199,18.72762,6.890812,18.87090667,0.726494468,0.616534377,7.752501333,212.6946573,11262.66752,61.54621467,120.2326667,104.194224,98.15635333,84.699828,4056.841778,1059.208399,0.282074667,153.5500293,7874.291111,130.8260913,8.170043333,967.96912,1675.111111,12.86390533,3.172361333,159.0634947,5.902270667,1.175813343,0.385002,2.75965,43.15620533,3.029844,4440.344887,3.640765333,3.219312,31.74030267,3.750300667,1.236770667,31.047788,1.969620667,6.392532,29.32255,1607.234327,8.165953333,2520.340422,21121.99095,9.742393333
10/29/2013,3.672990667,101.9748673,5.88981,1.054635457,77.29628,1.422239333,0.377004,6.894588,2.183569333,1.046036,0.897738,508.3124913,6.095373333,1883.633195,18.72343133,6.890260667,18.95442667,0.727304429,0.623035039,7.753386,213.5149833,11074.78518,61.37673533,120.292666,104.573496,98.08349733,85.22171067,4058.912333,1061.916551,0.281852,154.2966193,7884.498889,130.9374407,8.165320667,972.43902,1691.222222,12.91720533,3.145146,159.1290327,5.895596,1.210752769,0.384994667,2.761264,43.13175067,3.042511333,4427.48981,3.640928667,3.227711333,32.07036267,3.750336,1.240704667,31.04458733,1.989262667,6.396156667,29.42509467,1603.106073,8.174045333,2521.008755,21121.71595,9.861914667
11/5/2013,3.673027333,103.9906667,5.950506,1.052334184,77.645574,1.451861333,0.377020667,6.89624,2.280002,1.044877333,0.913275333,515.4028687,6.105306,1915.827778,19.17108,6.890507333,18.97333333,0.742218702,0.623236655,7.751713333,220.338666,11349.84444,61.73737333,121.5726667,104.587,98.54775333,85.36866067,4011.198211,1061.46,0.28296,154.098,7896.504445,131.1309993,8.300837333,971.05402,1690.888889,13.14189333,3.172822,158.5512007,5.983986,1.195917061,0.385008,2.79005,43.23882667,3.105069333,4425.018889,3.639753333,3.295306667,32.5228,3.750239333,1.242602667,31.27982667,2.027693333,6.39536,29.41806667,1605.155555,8.215041333,2512.733333,21086.16667,10.21106
11/12/2013,3.672969333,104.2033333,5.967732667,1.075175736,77.55822667,1.457216,0.377013333,6.886466667,2.331016,1.049096667,0.917960667,521.369404,6.097932667,1934.184445,20.11974,6.890077333,18.97156,0.744354175,0.628795545,7.752895333,222.4586667,11573.17778,63.67217333,122.7806673,104.247001,99.55181333,85.93039333,4008.715667,1072.072217,0.283550667,153.228,7928.222222,131.0846007,8.330097333,972.27002,1702.111111,13.1775,3.208703333,158.855466,6.187447333,1.216469671,0.385018,2.797504,43.72979333,3.130270667,4426.032196,3.640791333,3.316427333,32.86138667,3.750362,1.249462667,31.62074,2.051424667,6.3824,29.56884,1605.7,8.207446667,2518.288889,21091.18889,10.34695333
11/19/2013,3.673026667,103.5359993,6.030432,1.06040871,77.57549333,1.446013333,0.377023333,6.89136,2.273302667,1.046184,0.911439333,519.4845333,6.092203333,1919.596667,20.19375333,6.887155333,19.00224,0.738740515,0.62049396,7.751816,219.4475327,11589.46667,62.38363333,121.3533327,103.070001,100.1495333,86.28862,3978.327889,1055.347767,0.283224,153.1173333,7938.762222,131.0922007,8.269774667,971.49002,1715.222222,12.95808,3.179497333,158.9299327,6.094283333,1.195324227,0.385021333,2.801954,43.53426667,3.089873333,4427.465607,3.640800667,3.284742667,32.69401333,3.750519333,1.243569333,31.60998667,2.012969333,6.39352,29.45808,1605.333333,8.20962,2520.622222,21096,10.15980667
11/26/2013,3.673106,103.2526667,6.091938,1.09553809,77.61989333,1.442964,0.377022667,6.892073333,2.294548667,1.054273333,0.907111333,521.803934,6.093214667,1927.180011,20.14582667,6.888126,19.02285333,0.736934458,0.616818999,7.752392,220.022334,11751.31111,62.48175333,121.1386667,102.886,101.3362667,86.82149333,3988.408455,1060.457789,0.282799333,153.0733333,7973.27329,131.1645327,8.263821333,981.14602,1725.666667,13.04716667,3.218070667,158.657266,6.09436,1.220062375,0.385028,2.803494,43.76078,3.097598,4419.357773,3.640802667,3.274642,32.94755333,3.750262,1.251420667,32.06637333,2.010254,6.391453333,29.62397333,1609.177778,8.19638,2526.033323,21093.82222,10.10564
12/3/2013,3.672880667,103.1305333,6.173888667,1.094629643,77.61136667,1.441537333,0.377011333,6.892273333,2.370054667,1.064413333,0.904742667,533.6609333,6.094022,1942.086672,20.16653333,6.887314667,19.03478,0.735815774,0.610141635,7.752408,222.5533333,11865.31111,62.33220667,119.53,103.247899,102.4765327,86.65142,3981.556667,1060.316657,0.282971333,154.4528673,8000.445512,130.8664673,8.25807,982.2874,1724,13.11044,3.215826667,158.1934007,6.100407333,1.213656744,0.384979333,2.803084667,43.72796667,3.091736,4435.606667,3.641126667,3.278729333,33.24716,3.750402667,1.252872667,32.17342667,2.040956667,6.39435,29.58793333,1608.504445,8.21327,2525.091111,21107.38889,10.31121333
12/10/2013,3.672935333,101.9449333,6.259732,1.093298058,77.60566667,1.422688667,0.376978,6.890914667,2.309856667,1.060885333,0.887935333,530.7778687,6.073944667,1934.163328,19.92903333,6.886356,19.04834667,0.726745669,0.608051855,7.753608667,219.2483327,11943.47778,61.01898,117.5460007,103.343101,102.8649333,86.89013267,3973.1144,1052.170005,0.282466667,154.3948,8004.816623,130.7642673,8.181162667,981.3142,1706.111111,12.86636667,3.207362667,158.1922667,6.115658,1.204032087,0.385006,2.795211333,44.27322,3.038783333,4471.742196,3.640638667,3.235512,32.71985333,3.750443333,1.248838667,32.06981333,2.027247333,6.393106667,29.56028667,1604.777778,8.238914667,2517.836667,21107.96667,10.33762
12/17/2013,3.672865333,101.9814007,6.325389333,1.123642796,77.63236,1.421559333,0.376976667,6.895073333,2.320773333,1.060142667,0.885202667,527.2156653,6.081455333,1940.854445,20.08902,6.885815333,19.06675333,0.72626781,0.61473411,7.752696667,217.094,12086.26667,61.99559333,116.625334,103.512501,102.6772667,86.09168,3982.466045,1051.314455,0.28253,154.0743993,7993.51,130.802666,8.167716,982.41882,1642.666667,12.9468,3.245552,158.9614673,6.116636,1.209115548,0.384966,2.765038667,44.15618667,3.034815333,4521.157791,3.640836,3.244128667,32.95836667,3.750307333,1.257214667,32.09063333,2.035608,6.394266667,29.63710667,1605.163333,8.294264667,2495.017778,21104.96667,10.3158
12/24/2013,3.672866,101.9110667,6.43802,1.121088997,77.45335333,1.429796667,0.376939333,6.892031333,2.36,1.062936,0.895716,528.3347347,6.077537333,1922.85445,20.09226667,6.915383333,19.09364,0.731043766,0.61096254,7.754552667,217.0543327,12183.17778,61.77254,116.3333327,105.932501,104.2894667,85.67959267,3990.936778,1059.733341,0.282631333,153.883534,8013.55,130.760334,8.206154,986.296025,1611.555555,13.02060667,3.293530667,159.7177993,6.153786667,1.22229162,0.384854,2.778895333,44.38116667,3.027517333,4561.994414,3.640812667,3.262018667,32.64203333,3.750558,1.267746,32.66778,2.078669333,6.394114,30.02277333,1568.765555,8.179382667,2502.187778,21090.66667,10.31458
12/31/2013,3.673257,101.9598467,6.516421333,1.126516898,77.51447333,1.421903,0.376914,6.898266,2.361186667,1.063692,0.892303,525.4763993,6.062583333,1928.813333,19.88192,6.953237,19.08312,0.727184,0.60388221,7.754058,216.0212,12173.01111,61.82389333,115.1446667,106.011251,105.2998007,86.34470667,3995.050111,1051.700012,0.282409333,154.396134,8026.197778,130.7904673,8.173879333,988.575025,1639.555555,13.04425,3.279708,160.2451327,6.074817333,1.216801507,0.385045,2.795764667,44.37969333,3.018275333,4595.885512,3.641507,3.246474,32.887,3.750483333,1.26266,32.74134,2.146184667,6.404560667,29.84841333,1587.014445,8.244328,2523.467778,21102.73333,10.46435333
1/7/2014,3.673025333,103.0376,6.594224667,1.120828726,77.53724667,1.437792667,0.377080667,6.899690667,2.373142,1.074817333,0.908590667,530.8124627,6.054196,1931.058878,20.18572,6.959762,19.12122,0.734484675,0.609742307,7.754358,220.1647993,12216.91111,62.29453333,116.2206667,106.021251,104.6165333,87.03226,3997.2835,1067.1011,0.282469333,154.8572673,8023.165512,130.6953993,8.231422667,983.74282,1685.222222,13.02255333,3.28512,159.7011333,6.170722,1.207511875,0.385020667,2.802849333,44.79014,3.066204,4612.058928,3.641313333,3.304179333,33.15036667,3.75039,1.27082,33.06863333,2.168332,6.399824667,30.13105333,1603.276667,8.232543333,2522.832222,21093.7,10.6308
1/14/2014,3.67298,102.910534,6.701288,1.116172187,77.600154,1.431079333,0.376946,6.887211333,2.351600667,1.094035333,0.902556,528.5238653,6.040085333,1933.736667,20.04496,6.96146,19.12631333,0.731223864,0.608392838,7.754227333,218.3884,12013.21111,61.45066667,115.4066667,106.213701,104.1269327,86.20882067,3980.496078,1059.326655,0.282547333,154.8254007,8012.366623,130.6853993,8.205204,984.04262,1684.222222,13.07354,3.261750667,159.560266,6.089600667,1.19429168,0.38496,2.798981333,44.79219333,3.029386,4611.956619,3.641044667,3.312856,33.30536,3.750427333,1.268630667,32.80582667,2.181770667,6.390076667,30.05034667,1615.531111,8.318053333,2505.801111,21073.53333,10.80222
1/21/2014,3.672960667,103.6862,6.874545333,1.135448781,77.45584067,1.443598,0.37711,6.893202,2.358027333,1.096488667,0.910264667,543.9159987,6.049478,1980.479989,20.32694667,6.964019333,19.14852667,0.737494505,0.606956091,7.756894667,222.9446673,12080.75556,61.83760667,115.7946667,106.374599,104.2702667,85.87143333,3991.038789,1065.81111,0.283047333,155.3211327,8033.461068,130.811734,8.259573333,984.86815,1704.555555,13.27362667,3.322415333,159.4452667,6.170087333,1.202643054,0.385048,2.80963,45.32556667,3.07152,4629.342227,3.641956667,3.342362,33.9372,3.750475333,1.277930667,32.87229333,2.249042667,6.388524667,30.23661333,1613.644445,8.397252,2485.201111,21093.83333,10.81524
1/28/2014,3.673055333,102.838,8.001589333,1.137821762,77.62199333,1.432321333,0.377062667,6.894163333,2.422366,1.113764667,0.898381333,546.767264,6.057928,2002.645555,20.11456,6.963431333,19.16634667,0.732131979,0.60348582,7.764799333,222.029866,12187.82222,62.57979333,114.8586673,106.818401,103.0766007,85.88621333,3983.982555,1080.382217,0.282484667,155.3539333,8013.357778,130.8115993,8.209859333,984.9919,1716.666667,13.23971333,3.335136,162.6063993,6.131212,1.209623267,0.384997333,2.822541333,45.24401333,3.067503333,4674.777765,3.641624,3.31734,34.74034,3.750297333,1.274729333,32.90528,2.227573333,6.396148667,30.34042,1619.312222,8.504348667,2481.206667,21055.68889,10.97659333
2/4/2014,3.672833333,103.7090673,8.0092,1.121340578,77.63972667,1.44774,0.377088,6.895794,2.407786,1.108177333,0.903893333,557.2437967,6.055657333,2037.855561,20.38740667,6.962812667,19.1867,0.739895467,0.612510984,7.763793333,228.8939327,12178.23333,62.54138,115.714666,107.236199,101.665734,86.36276667,3989.908889,1083.112222,0.282906,155.6570007,8029.745512,130.6301993,8.290116667,984.9799,1715.777778,13.33104667,3.328204667,162.7604,6.282198,1.214656511,0.384967333,2.824733333,45.3245,3.117852,4680.670026,3.642091333,3.307576,35.04946,3.750414667,1.269495333,32.77102667,2.24081,6.394924667,30.31698,1621.604445,8.74968,2475.123333,21060.03333,11.08855333
2/11/2014,3.672844,102.932,7.820149333,1.106902125,77.46874,1.434963333,0.376942,6.900646,2.399436,1.101095333,0.898148,553.9744033,6.057528,2041.466667,20.1658,6.960680667,19.27221333,0.73326563,0.607907551,7.756194667,226.975934,12116.05556,62.20963333,114.694666,107.409999,102.5775327,86.144146,3970.774889,1071.512222,0.282459333,165.0818333,8015.597778,130.784266,8.220149333,985.409275,1734,13.28714,3.331043333,164.1275327,6.129246,1.20247069,0.385011333,2.819246,44.98809333,3.060651333,4555.193377,3.640729333,3.278971333,34.74449333,3.750205333,1.26749,32.73522667,2.195849333,6.393258667,30.33496,1619.597778,8.596190667,2464.741111,21087.98889,10.96874667
2/18/2014,3.67286,102.1250673,7.765577333,1.108362281,77.605606,1.423918667,0.377005333,6.89124,2.393565333,1.095142667,0.888462,548.0134687,6.061560667,2026.693333,19.87541333,6.960782667,19.21608,0.726815556,0.599468192,7.754463333,225.4036007,11787.97778,62.12658,113.082,107.4683,102.3007327,86.261654,3970.879,1064.271111,0.281789333,184.4937993,8011.317778,130.829334,8.152444,984.0304,1734.222222,13.2348,3.300724667,162.9823333,6.043336667,1.204654712,0.384994,2.807071333,44.58222667,3.015683333,4447.000009,3.641370667,3.258262,35.41565333,3.750217333,1.260962,32.45455333,2.178350667,6.3934,30.29094667,1622.773333,8.842202667,2450.491111,21091.31111,10.86698
2/25/2014,3.672842667,102.037866,7.864943333,1.108940791,77.58412733,1.424636,0.376979333,6.898666,2.340604667,1.108447333,0.886898,555.9944667,6.120898667,2043.092222,19.88088,6.959972,19.24334667,0.727525762,0.599518776,7.760354667,224.5885993,11653.58889,61.96202667,113.2193333,107.7264,102.2285333,86.43484,3975.547778,1073.516677,0.281754,184.4559993,8011.478889,131.031066,8.174334667,983.06548,1755.666667,13.23005333,3.282372,164.7130673,6.038624,1.201105643,0.385017333,2.807333333,44.61380667,3.022359333,4433.466667,3.641178,3.279816,35.69225333,3.750353333,1.26404,32.54244,2.206443333,6.398768667,30.36029333,1621.035555,9.248066667,2457.93,21090.87778,10.73776
3/4/2014,3.672938667,101.764386,7.883429333,1.117201763,77.75364667,1.423342,0.377036667,6.895514667,2.341322,1.108944,0.886454667,560.1010653,6.136853333,2049.895555,19.89999333,6.960966,19.29287333,0.727712705,0.600104016,7.760733333,225.8935993,11605.21111,61.89832,112.6713333,108.1096,102.122734,86.38981933,3966.250278,1071.414439,0.281631333,182.2186673,8019.015555,130.646266,8.172242,978.8316,1733.555555,13.28302667,3.2785,164.5920007,6.012624,1.192317768,0.385023333,2.801990667,44.74676,3.045586,4418.163294,3.64157,3.280686667,36.12402667,3.750368667,1.268985333,32.35644667,2.208235333,6.385162,30.31944,1626.964445,9.286090667,2516.286667,21091.87778,10.74620667
3/11/2014,3.673,101.1561067,7.864374667,1.114424896,77.69926667,1.411751333,0.37704,6.893190667,2.358332667,1.110614,0.877964667,574.346466,6.139770667,2044.681111,19.73356667,6.961334,19.28197333,0.721612261,0.601795261,7.762004,226.122266,11399.01111,60.96077333,112.468,108.3897,103.0156667,86.31354,3983.379978,1064.35555,0.281493333,182.295466,8028.548889,130.5731327,8.102478,973.1246,1762.666667,13.26859333,3.280484667,165.0176007,5.960160667,1.181052984,0.384985333,2.801521333,44.48633333,3.044680667,4417.202222,3.641618667,3.248332667,36.45552,3.750320667,1.267716,32.35336667,2.241216,6.377928,30.3117,1627.972222,9.219091333,2517.017778,21091.23333,10.82364667
3/18/2014,3.673064,100.75254,7.939534,1.09521809,77.667566,1.405097333,0.376984667,6.89969,2.337380667,1.11271,0.873135333,569.3264,6.181343333,2031.625555,19.67412,6.960086,19.2545,0.717778173,0.602636032,7.766401333,223.1929327,11310.11111,61.13696667,112.646,108.7242,101.4416,86.59124,3984.621767,1069.228878,0.281526667,182.3308667,8021.826667,130.5715993,8.072710667,960.28068,1752.777778,13.16278667,3.275496,164.416734,5.956622,1.160101902,0.384980667,2.809212667,44.67894667,3.021784,4407.920005,3.641164667,3.230951333,36.27135333,3.75038,1.26366,32.12149333,2.216984667,6.378946,30.4285,1634.671111,9.918715333,2522.641111,21081.76667,10.71640667
3/25/2014,3.672944,101.6882667,7.999203333,1.091564543,77.51364733,1.416167333,0.377020667,6.890930667,2.311684,1.117306,0.882708,559.48333,6.188787333,1981.911111,19.81061333,6.960266667,19.20705333,0.723296435,0.60495083,7.756635333,225.513466,11398.96667,60.49387333,113.4419993,109.1106,102.2846,86.65577933,3995.155267,1078.944445,0.281639333,182.2189333,8032.978889,130.6327327,8.119697333,963.34178,1773.777778,13.12702,3.301796,165.075734,6.030478,1.166516924,0.38499,2.811733333,45.08924667,3.031524,4429.29556,3.641395333,3.235112667,35.59443333,3.750325333,1.268356,32.55586667,2.216830667,6.373903333,30.53397333,1636.96,10.90552667,2561.666667,21085.37778,10.73822
4/1/2014,3.673056667,101.3853993,7.999918,1.081969255,77.62222,1.419034,0.376989333,6.898949333,2.261846667,1.102942667,0.883694,551.634668,6.201102667,1961.949995,19.91123333,6.967069333,19.34135333,0.724997335,0.601345691,7.756570667,222.7054007,11306.71111,59.95623333,112.5826667,109.218101,103.5639333,86.33726,3994.550267,1060.122217,0.281699333,182.027534,8028.391111,130.6763327,8.133777333,963.21518,1756.666667,13.05042667,3.261773333,164.8090673,5.984884667,1.159271142,0.384970667,2.807456,44.74337333,3.024965333,4431.220005,3.64105,3.235118667,35.0963,3.750344,1.259177333,32.34690667,2.140094,6.423823333,30.34593333,1631.715555,11.26940667,2543.084445,21083.98889,10.57304667
4/8/2014,3.672892667,101.5217993,8.001344667,1.069020023,77.573314,1.419717333,0.377004,6.891126,2.204641333,1.093132667,0.884244667,546.8532693,6.191847333,1935.418889,19.88424667,6.974859333,19.37897333,0.724922293,0.597085843,7.754409333,221.1876,11293.6,60.10134,112.47,109.310401,102.0182,86.50318,3996.816033,1052.915567,0.281514667,181.9813333,8030.98,130.5952667,8.139584667,960.7707,1758.333333,13.05614667,3.241749333,163.798666,5.977850667,1.153339191,0.384968,2.794497333,44.66576,3.023198,4432.913299,3.641284,3.233995333,35.70812667,3.750207333,1.252722667,32.28982,2.098452,6.394276667,30.14437333,1630.954445,11.77700667,2547.676667,21084.3,10.45968
4/15/2014,3.672966,101.29028,8.002194,1.068834801,77.59966733,1.41633,0.377050667,6.893560667,2.231252667,1.09778,0.879884667,554.7724667,6.215981333,1932.993323,19.86420667,6.980787333,19.41097333,0.72392537,0.597800699,7.753979333,223.0655993,11430.03333,60.28122,112.168,109.5324,101.8470667,86.84197333,3978.156778,1040.548881,0.281275333,182.0537327,8030.302179,130.5934007,8.120789333,960.7719,1763.584445,13.09289333,3.24312,161.6077327,5.95365,1.157829184,0.385026667,2.776970667,44.49940667,3.029797333,4413.482227,3.641062667,3.234628667,36.21294,3.750304667,1.252698667,32.29327333,2.137814667,6.441963333,30.17777333,1631.332222,12.55582867,2513.406667,21102.06667,10.55380667
4/22/2014,3.672932,101.29694,8.003158667,1.067845889,77.56536667,1.417016,0.377071333,6.895812667,2.238764667,1.102544,0.884717333,561.2929333,6.229362667,1930.824455,19.88243333,6.991051333,19.43122667,0.724326062,0.594402545,7.753097333,222.0994007,11501.22222,60.7387,112.108,109.8171,102.600534,87.05904,3989.812522,1038.008878,0.281428,182.1123993,8040.242222,130.597534,8.123283333,962.38788,1766.888889,13.05340667,3.263575333,162.1694673,5.989092667,1.162203726,0.384963333,2.781673333,44.48553333,3.035219333,4410.762222,3.6412,3.233113333,35.69510667,3.750277333,1.255207333,32.30157333,2.139994,6.443167333,30.28371333,1635.388889,12.30074,2512.042222,21086.44444,10.52420667
4/29/2014,3.673147333,101.2734673,8.00087,1.079151814,77.67082667,1.416113333,0.377039333,6.896910667,2.234764667,1.095833333,0.883100667,561.8503333,6.245624667,1935.138889,19.85878667,7.000554,19.51949333,0.724102844,0.594440547,7.753304667,223.2180667,11554.91111,60.45995333,112.1933327,109.828,102.5786,86.86101933,3990.764689,1031.805567,0.281359333,182.1894667,8034.955555,130.6130667,8.129841333,963.85148,1772.444445,13.10671333,3.261303333,160.7615327,6.009222,1.169588485,0.385025333,2.808426,44.46825333,3.037144667,4412.215503,3.640826667,3.219598667,35.6926,3.75055,1.256146,32.25437333,2.122108,6.434668,30.19474667,1641.068889,11.48030667,2517.562222,21075.53333,10.55508667
5/6/2014,3.673008667,100.5670393,8.000702,1.069875329,77.58889933,1.406643,0.377022667,6.893118667,2.229748667,1.090252,0.874716667,565.73927,6.214948667,1921.171111,19.70231333,7.014744667,19.41493333,0.718023909,0.589095639,7.751932667,220.438334,11526.8,60.01664,111.7846667,110.0544,101.7364667,87.10873333,4004.69,1028.731111,0.280779333,182.0467993,8030.372222,130.5882,8.096072,960.74128,1776.222222,13.02804667,3.252258,160.8368007,5.926312667,1.146773876,0.385015333,2.803127333,44.31376667,3.016405333,4403.831159,3.640694,3.187380667,35.46969333,3.750466,1.247774667,32.34678,2.09202,6.430812667,30.11152,1644.745555,11.71619333,2510.497778,21084.44444,10.49528667
5/13/2014,3.673058667,102.1663207,8.0185,1.068488202,77.59406733,1.427061333,0.377010667,6.895781333,2.214665333,1.090423333,0.889679333,549.022334,6.221876667,1917.971111,19.98895333,7.054700667,19.49002667,0.729757488,0.59425988,7.751449333,221.4195333,11532.02222,59.50310667,113.3393333,110.3388,102.2206,87.152066,3999.045733,1022.742219,0.281794667,182.118,8037.67,130.3217327,8.188338,962.9645,1792.333333,12.91039333,3.236276,162.3262673,5.921162,1.158499577,0.385014667,2.785081333,43.71856,3.050564667,4403.535586,3.640564667,3.231633333,34.89647333,3.750449333,1.251472667,32.60187333,2.069399333,6.448364,30.20884667,1647.561111,11.77982667,2515.877778,21090.92222,10.30344
5/20/2014,3.673079333,102.1060007,8.059970667,1.082075989,77.46860667,1.428059333,0.377,6.892658,2.214743333,1.090158667,0.891995333,551.6232673,6.228048667,1921.731111,20.0463,7.116248,19.48367333,0.729896821,0.593903345,7.752459333,222.406,11464.56667,58.56776667,112.5880007,110.6939,101.318866,87.81130667,4007.470778,1024.505555,0.281849333,182.384334,8034.643333,130.3606667,8.195144667,963.8467,1809.777778,12.91049333,3.217963333,163.0028007,5.950397333,1.166704965,0.384981333,2.790176667,43.73478667,3.055404,4405.185521,3.640805333,3.235080667,34.52507333,3.750582667,1.252382667,32.52353333,2.110368667,6.429298,30.16894667,1651.424445,11.92939333,2533.216667,21135.05556,10.41771333
5/27/2014,3.672929333,102.5165327,8.063652,1.080049195,77.44332067,1.435042667,0.377002667,6.893764,2.235546667,1.085695333,0.896505333,555.1560647,6.240063333,1913.8,20.10891333,7.144722,19.52535333,0.733424692,0.594882463,7.753182667,222.5248673,11578.24444,58.96046667,113.0133333,110.7714,101.9818,87.80714,4024.443533,1023.544445,0.282046667,184.4686673,8042.886667,130.3823327,8.210649333,965.4016,1804.888889,12.85811333,3.216556667,162.5818673,5.953928667,1.167848471,0.384994667,2.787228,43.79091333,3.052354667,4411.850017,3.640772667,3.221998667,34.37055333,3.750475333,1.255936,32.60376,2.098934667,6.428861333,30.14038667,1659.018889,11.87231333,2529.392222,21130.14444,10.43383333
6/3/2014,3.672992667,102.6471993,8.091697333,1.079506999,77.41046667,1.435830667,0.377028,6.891184667,2.275027333,1.090298,0.896353333,550.124802,6.241834,1898.155555,20.15942667,7.150262,19.53914,0.733823745,0.597084857,7.752760667,223.8185993,11795.92222,59.31016,113.2833333,110.943499,102.4520007,87.48371333,4029.188889,1023.144445,0.282094,183.479734,8055.073333,130.3590673,8.22099,967.9589,1809.333333,12.93350667,3.228458,162.460866,5.997887333,1.185763451,0.385021333,2.778824,43.8343,3.047028667,4403.158893,3.640473333,3.225593333,35.07373333,3.750512,1.256382,32.63284,2.115070667,6.425168,30.06513333,1664.635555,11.90096,2545.516667,21186.78889,10.74345333
6/10/2014,3.673012667,103.1478,8.129599333,1.067076703,77.49368667,1.443428667,0.376996667,6.892608667,2.225768667,1.090455333,0.898626,552.8694687,6.213665333,1883.488889,20.23716,7.150170667,19.54605333,0.738221604,0.596859588,7.751503333,224.5339333,11817.05556,59.19162667,113.7906667,111.1006,102.3605333,87.69920733,4028.420578,1017.266672,0.282364,183.4610673,8039.415555,130.2604667,8.261906,967.901,1813.111111,13.00904667,3.205290667,162.8910673,5.975182,1.172928176,0.385007333,2.789806,43.71491333,3.029241333,4411.792183,3.640172,3.234184,34.34028667,3.750571333,1.249780667,32.46002,2.07921,6.412664667,30.00798,1677.762222,11.67544667,2559.201111,21192.87778,10.69133333
6/17/2014,3.672972,103.336134,8.128086667,1.071137613,77.60121333,1.444082,0.377010667,6.894048667,2.257276,1.085947333,0.899236667,559.2030687,6.217744,1898.873333,20.24966667,7.150197333,19.56256667,0.738208603,0.589536121,7.751352667,226.9846,11874.63333,60.23058,114.0839993,111.3389,102.1164,87.6262,4031.273889,1021.321114,0.282239333,183.5509993,8038.148889,130.2382673,8.270166667,972.2376,1812.888889,13.10140667,3.221890667,163.226866,5.999794,1.155071256,0.385013333,2.799905333,43.86708667,3.057603333,4408.042218,3.640964667,3.246584,34.80153333,3.750662667,1.25288,32.47228667,2.146584667,6.406728,30.05394667,1686.648889,11.88500667,2576.587778,21208.75556,10.82228667
6/24/2014,3.673108,102.9462667,8.132332,1.067590611,77.59254067,1.438069333,0.377040667,6.894469333,2.224641333,1.074307333,0.89399,552.0572687,6.222366,1888.377773,20.1596,7.15159,19.57306,0.735027963,0.58876715,7.751528667,224.7784,11989.92222,60.16420667,113.818666,111.4378,101.9571333,87.50547267,4036.923333,1018.642216,0.282100667,183.5665333,8041.098845,130.292266,8.246374,973.5335867,1819.555555,13.05309333,3.213586667,162.702066,6.113598667,1.153013173,0.385012667,2.803112667,43.85168,3.053948667,4395.318911,3.640666667,3.227231333,33.85786,3.750812667,1.24902,32.44596667,2.142543333,6.409296667,29.97224,1681.323333,11.91072,2608.476667,21312.48889,10.63578667
7/1/2014,3.672935333,102.5634,8.131737333,1.053526326,77.64064667,1.430628667,0.377012667,6.892544667,2.20208,1.063848,0.887763333,552.1748033,6.194826,1868.11,20.0663,7.150635333,19.54413333,0.73104253,0.583118129,7.750506667,227.6552007,11876.73333,60.04700667,112.6206667,111.826599,101.5085333,87.76598,4035.433333,1011.289995,0.281834667,183.437134,8035.902222,130.2917333,8.211066,973.9034133,1822.666667,12.9468,3.207447333,162.7940673,6.160254667,1.140528293,0.384959333,2.796587333,43.61358,3.040828,4370.271089,3.640428667,3.207519333,34.2932,3.750455333,1.245898,32.39076,2.127719333,6.376808667,29.89408667,1653.284445,11.79406,2605.348889,21311.64444,10.65827333
7/8/2014,3.672976,102.9642673,8.140414667,1.063744061,77.55287333,1.437986,0.377006,6.892109333,2.212954667,1.067392667,0.893159333,552.7946653,6.19962,1854.1,20.16216667,7.150714,19.64033333,0.734655292,0.583737054,7.750046667,227.1802007,11687.55556,59.76384667,113.854,112.161999,101.6106,87.78636,4036.378889,1011.588885,0.282048,183.4548,8043.597735,130.267666,8.243903333,972.9906,1825.222222,12.98524,3.172922,162.5573993,6.188453333,1.138156505,0.384996,2.784142,43.43337333,3.033152667,4249.87,3.640602667,3.222618,34.26412667,3.750417333,1.243607333,32.37617333,2.125966667,6.338577333,29.91509333,1664.1,11.68652,2641.82,21253.86667,10.69259333
7/15/2014,3.673059333,103.2245333,8.148654,1.06729855,77.57041333,1.440668,0.377012,6.895284,2.218797333,1.075269333,0.895174667,556.199334,6.205141333,1868.551111,20.20697333,7.150608,19.65870667,0.736963792,0.583376178,7.749966,227.8414673,11718.51111,60.10856667,114.1979993,112.3919,101.6474,87.72476667,4034.031689,1025.303333,0.282164667,183.5737327,8041.908889,130.1916673,8.258142667,970.6895333,1819.666667,12.95173333,3.1837,162.0737327,6.20527,1.142385104,0.385002,2.783172,43.64218,3.047383333,4177.150031,3.640630667,3.25622,34.3849,3.750371333,1.243108667,32.13184667,2.122863333,6.355712,30.02027333,1659.458889,11.70135333,2637.586667,21184.56667,10.70929333
7/22/2014,3.672920667,103.6170667,8.164535333,1.064748909,77.50486733,1.451999333,0.376990667,6.894112667,2.214777333,1.073849333,0.901711333,564.9277967,6.197598,1848.9,20.38427333,7.150298667,19.67736,0.742613777,0.585979137,7.751317333,228.4489327,11595.25556,60.13044,114.8573333,112.399201,101.4485333,87.84845933,4045.828889,1025.155567,0.282538667,183.5285333,8038.873333,130.2702,8.293393333,971.3314,1835.555555,12.94524667,3.175653333,162.2522667,6.190562,1.15357803,0.384996667,2.787647333,43.30096,3.071552667,4264.199995,3.64075,3.297057333,35.00535333,3.750384667,1.239902,31.7876,2.107908,6.358285333,29.99904,1660.995555,11.66856667,2624.977778,21200.91111,10.58007333
7/29/2014,3.673046667,103.8350007,8.184914,1.065605606,77.51666733,1.458456667,0.377026,6.896007333,2.229936667,1.084525333,0.90654,565.5469327,6.178117333,1855.647778,20.49452,7.150236,19.68892,0.745713256,0.590182083,7.750041333,231.4924667,11586.46667,60.09962,115.0400007,112.7136,102.0686,87.71181267,4047.994445,1025.066661,0.28308,183.536,8038.14,130.210466,8.328138667,972.31592,1855.888889,13.05257333,3.175362667,161.9076673,6.245826667,1.175406196,0.384994,2.78924,43.39948,3.094296667,4284.225538,3.640996,3.279357333,35.6985,3.750477333,1.242482667,31.83289333,2.112439333,6.355124667,29.97496,1658.926667,12.07917333,2623.475555,21226.34444,10.59400667
8/5/2014,3.673068667,103.8387333,8.259849333,1.074865209,77.52134733,1.462335333,0.377023333,6.895180667,2.277513333,1.095474,0.908854,576.3170653,6.169442667,1890.543333,20.75574,7.150816667,19.72716667,0.747779851,0.592330237,7.750064,235.5185327,11730.15556,60.86998667,115.0486673,112.5979,102.6080667,87.862506,4039.127755,1029.687789,0.283378667,182.0534673,8036.507778,130.2041993,8.340082667,972.5284667,1860.333333,13.28132,3.192326,160.8784673,6.279284,1.182757362,0.385016,2.810274667,43.67982667,3.129342,4243.30329,3.641270667,3.315533333,36.01572,3.75049,1.247476667,32.20026,2.148726,6.340985333,30.01999333,1658.162222,12.3435,2615.586667,21211.03333,10.73768667
8/12/2014,3.67297,103.9406667,8.264942,1.079282441,77.50112667,1.463715333,0.377021333,6.890760667,2.278058667,1.092984,0.907298667,575.6765987,6.158030667,1878.38445,20.82959333,7.149846667,19.7446,0.748013701,0.594881076,7.751226,234.5696673,11696.58889,61.12877333,115.926666,112.4984,102.252534,87.95737333,4047.058889,1028.511103,0.283333333,181.8753327,8041.868845,130.1901327,8.346413333,970.2879333,1876.444445,13.15012,3.194335333,162.074466,6.183790667,1.18584054,0.385011333,2.791696667,43.89726667,3.141072667,4271.443373,3.641339333,3.319162667,36.16091333,3.750332,1.250288667,32.09446667,2.161456667,6.337236667,30.09371333,1659.073333,13.23518333,2615.413333,21184.74444,10.63128
8/19/2014,3.673025333,104.2957327,8.282048667,1.075195483,77.49182,1.467522667,0.377032,6.894756,2.249889333,1.093236,0.908614667,580.2779987,6.143658667,1897.544445,20.95828,7.14993,19.80786667,0.750765706,0.601783261,7.750684667,235.0124673,11680.27778,60.69890667,115.9306667,112.475001,102.8482,88.31136667,4057.618311,1018.002222,0.2837,182.078266,8037.308889,130.1582007,8.370845333,970.9406533,1853.888889,13.05048,3.156924,162.116934,6.160826,1.187157841,0.385016,2.819328,43.68510667,3.138594667,4258.332196,3.641401333,3.323179333,36.15296,3.750323333,1.24721,31.89502,2.163474667,6.319673333,30.00602,1663.135555,13.02909333,2610.801111,21184.57778,10.63900667
8/26/2014,3.67308,105.6058667,8.394838,1.074247356,77.50174667,1.485123333,0.377081333,6.897901333,2.264486667,1.095324667,0.917236,585.5843993,6.153756,1933.28,21.06042667,7.152138667,19.83986667,0.759443481,0.604516492,7.750652,237.6769993,11721.57778,60.44429333,116.76,112.6313,104.0698,88.36343333,4068.083,1017.313333,0.28454,182.065,8048.367778,130.214866,8.453670667,970.6558,1824.222222,13.09978667,3.160884667,162.0946673,6.179234667,1.199899565,0.385070667,2.835665333,43.77989333,3.178172667,4270.336636,3.641784,3.336952667,36.11046,3.750483333,1.249487333,31.93416,2.167026667,6.343077333,29.97520667,1666.917778,13.53724667,2597.867778,21204.24444,10.68411333
9/2/2014,3.673053333,106.0340667,8.402016667,1.077832458,77.38223333,1.490198,0.377068667,6.892317333,2.242678667,1.091904667,0.919018,589.23053,6.151336,1929.466667,21.11519333,7.15141,19.84336667,0.761478207,0.607147136,7.750241333,240.1734007,11738.8,60.66443333,117.191334,112.615099,104.9744,88.474986,4066.639978,1017.297773,0.285044,182.0823327,8038.722222,130.2361327,8.472382,969.93468,1798.222222,13.1038,3.175972,162.3051993,6.18766,1.202399054,0.385019333,2.847787333,43.62864,3.20565,4259.375534,3.641965333,3.355644,37.42986,3.750469333,1.252732667,32.10052667,2.170901333,6.336275333,29.92993333,1663.425555,12.49689333,2605.298889,21193.43333,10.72904667
9/9/2014,3.673143333,108.3109333,8.403224,1.086380841,77.22416,1.513016667,0.377038667,6.886846667,2.280907333,1.097113333,0.932867333,590.5978633,6.14036,1959.811122,21.41088667,7.151199333,19.82145333,0.773025417,0.620891726,7.750458667,244.4678667,11764.44444,60.58858,118.5460007,112.3642,106.0833333,88.63791333,4058.285555,1031.667769,0.286634667,181.7520007,8032.567735,130.2210667,8.587029333,971.0186667,1823.888889,13.18704,3.188397333,162.1657327,6.338985333,1.212501132,0.38502,2.853181333,43.77786667,3.24713,4268.731072,3.641277333,3.41527,37.08314,3.750566,1.261321333,32.07088667,2.192622667,6.334685333,29.9272,1660.587778,12.64756,2599.304445,21187.35556,10.89356
9/16/2014,3.673159333,108.0300667,8.400482667,1.100752709,77.24646067,1.510519333,0.376998,6.889498,2.334502,1.098808,0.933088667,592.3581293,6.149962,1975.766667,21.24612667,7.150532,19.86161333,0.77190416,0.614909775,7.751052,242.392066,11950.73333,61.0593,118.5346667,112.43,107.1542667,89.02941333,4066.587755,1035.900003,0.286711333,181.8202673,8031.167735,130.2540667,8.5822,977.1126,1829,13.17384,3.226023333,162.9357993,6.399586,1.220628841,0.385051333,2.855985333,44.31546667,3.234641333,4276.985543,3.640976667,3.407844667,38.30135333,3.750797333,1.261180667,32.21333333,2.205514667,6.330084,30.1241,1661.676667,12.92784667,2606.19,21182.35556,10.91957333
9/23/2014,3.673030667,108.9806667,8.42496,1.1304159,77.4078,1.522331333,0.377026,6.900653333,2.408092667,1.106301333,0.93981,599.5062027,6.140612667,1998.555545,21.42542,7.150395333,19.93641333,0.778387013,0.610189022,7.751597333,242.021,11973.93333,61.00319333,119.6340007,112.66,108.8515333,89.06102667,4070.762578,1040.598894,0.287520667,182.0299993,8044.952222,130.3335333,8.643934,991.0325,1830.888889,13.29688667,3.244732667,163.8682673,6.352575333,1.24001412,0.384994,2.873392,44.51928667,3.24922,4375.626645,3.641347333,3.425426,38.60050667,3.750726,1.268550667,32.23952667,2.239066667,6.335966667,30.25897333,1672.555555,13.21337333,2618.922222,21209.52222,11.16297333
9/30/2014,3.672894667,110.5835327,8.439695333,1.143415526,77.329546,1.549144667,0.377090667,6.89067,2.443492,1.119271333,0.954554,598.6086033,6.154012,2025.225561,21.75988667,7.151361333,19.88868667,0.791783651,0.616766347,7.764639333,245.9917993,12184.48889,61.85826,120.9026667,112.4298,109.6081333,89.21986,4071.91,1053.922227,0.288328667,181.845334,8044.231111,130.3573993,8.760668,991.5504333,1832.111111,13.43352667,3.278673333,163.6764673,6.429886667,1.280596585,0.38499,2.889806,44.95864667,3.307139333,4488.210013,3.642037333,3.489403333,39.57792667,3.751309333,1.275639333,32.41728667,2.277726,6.33828,30.41972,1675.07,12.92533333,2648.073333,21216.07778,11.28082
10/7/2014,3.673081333,110.3422,8.457481333,1.135057757,77.298094,1.547492667,0.377174,6.883551333,2.404658,1.117159333,0.957962,596.020732,6.142688,2027.514445,21.70196667,7.151428667,19.88334667,0.789492864,0.621297394,7.755250667,243.3976,12198.9,61.35123333,120.5733333,112.3261,108.2383333,89.140606,4063.064422,1067.984455,0.288578667,181.6552007,8049.443333,130.3868,8.755847333,988.83075,1841.111111,13.46755333,3.25814,164.2121993,6.467527333,1.277622358,0.385014,2.901646,44.65818667,3.306945333,4494.088941,3.641728667,3.48147,39.91788,3.751397333,1.275640667,32.58784667,2.275306667,6.337388667,30.37388,1678.728889,12.92299333,2645.725555,21285.68889,11.20686667
10/14/2014,3.673068,110.1875333,8.47162,1.147995352,77.37773333,1.546246,0.377008,6.89352,2.400845333,1.128440667,0.954112667,588.8576007,6.132248,2049.276667,21.77040667,7.150304,19.94224667,0.790526073,0.629088058,7.756911333,241.8691327,12214.18889,61.36183333,120.952666,112.34,107.1707327,89.17919933,4079.19,1065.594445,0.289008,181.813534,8039.194445,130.6061993,8.74576,990.338,1842.222222,13.44861333,3.265600667,164.2294673,6.568962,1.276250306,0.385004,2.904709333,44.79837333,3.320121333,4563.06671,3.641574667,3.484408,40.84736667,3.751202667,1.275085333,32.48796667,2.273026,6.322008667,30.43582667,1683.45,12.87782,2681.382222,21207.4,11.05624
10/21/2014,3.67298,109.3842667,8.488350667,1.139889222,77.46940667,1.537311333,0.377027333,6.907246,2.476508,1.123086,0.948674,583.6221327,6.125996,2050.305555,21.67742,7.149748,20.00612,0.786642843,0.620723666,7.756143333,240.6898007,12004.56667,61.18016667,120.27,112.5853,107.0208,89.05580667,4082.707778,1056.020001,0.289033333,181.4939327,8044.381068,130.7288667,8.706566667,994.547022,1848.444445,13.53971333,3.265982667,165.5941993,6.566897333,1.256458353,0.385008667,2.905443333,44.77005333,3.316758667,4577.466636,3.641582,3.470887333,40.94443333,3.751904,1.271426667,32.26841333,2.243986,6.337551333,30.39204667,1695.303333,12.96976,2676.023333,21257.84444,11.04649333
10/28/2014,3.673052,109.2291993,8.492824667,1.129506342,77.30378,1.536823333,0.376978,6.888766667,2.46192,1.117638,0.947454667,579.6244033,6.116404667,2056.288911,21.81718667,7.143706667,19.99586,0.785239733,0.619906934,7.757352,242.3759333,12159.13333,61.20147333,120.9606667,112.3171,108.0920667,89.22204667,4074.841555,1049.125543,0.289108,180.7748007,8040.362222,130.8437993,8.702151333,1000.71825,1848.333333,13.45482,3.272452667,165.2695327,6.607038,1.262849063,0.384974667,2.910658,44.76062,3.311873333,4616.298885,3.640864667,3.472693333,42.40742,3.751634,1.272482667,32.4244,2.209810667,6.317683333,30.37712,1706.924445,12.94990667,2706.238889,21253.16667,10.86018
11/4/2014,3.673068,110.8646667,8.508536,1.143566881,77.38078,1.560981333,0.377169333,6.897689333,2.496586,1.139098,0.960424,584.8957347,6.119962667,2074.724445,22.14098,7.152634667,19.99494,0.796977959,0.624891962,7.752611333,246.2540673,12119.18889,61.38165333,122.349334,112.5435,113.4796,89.57434667,4081.134355,1077.233333,0.290191333,180.9711327,8050.695555,130.895866,8.806403333,1005.88125,1862.777778,13.55146,3.328712667,166.042134,6.846804667,1.278299899,0.385057333,2.925106,44.97680667,3.370811333,4636.319957,3.642691333,3.520153333,43.62311333,3.751991333,1.288933333,32.66446,2.222706,6.338076667,30.50286667,1709.591111,12.98181333,2698.916667,21283.96667,11.03892
11/11/2014,3.673228,111.5233993,8.505156,1.150938159,77.13878,1.569682,0.376956,6.885977333,2.556443333,1.133522667,0.964631333,590.0204633,6.127377333,2107.068889,22.13504667,7.139043333,20.00394667,0.801723156,0.628188542,7.754541333,246.5752,12198.33333,61.50665333,123.8626667,112.3854,115.643066,89.93922733,4063.187667,1092.275561,0.291141333,180.607,8049.272222,130.8873993,8.845255333,1017.162245,1869.777778,13.59362,3.342352667,168.1639327,6.794827333,1.281025918,0.385026667,2.926396,44.89561333,3.38171,4616.748897,3.641255333,3.548614,46.38246,3.752001333,1.290963333,32.84628,2.255775333,6.315058667,30.57581333,1709.533333,15.00277333,2710.817778,21271.18889,11.22204
11/18/2014,3.673060667,111.7442,8.510312667,1.147241094,77.23294667,1.561936667,0.376923333,6.889920667,2.586588667,1.129841333,0.95862,597.2039327,6.122386667,2148.685534,22.10741333,7.149882,20.04604667,0.797845539,0.639860778,7.754884,243.9297993,12144.4,61.71844,123.452666,112.7405,116.8055333,90.03751333,4054.397689,1099.191112,0.291093333,180.834666,8050.025512,130.9928673,8.800134,1039.152222,1874.222222,13.55874667,3.353132667,172.9922673,6.736124667,1.262378499,0.385013333,2.927390667,44.97333333,3.366527333,4643.908906,3.640592,3.538840667,46.93924,3.751988,1.29762,32.76215333,2.222354667,6.3276,30.74093333,1726.438889,15.48336667,2732.313333,21342.03333,11.03744
11/25/2014,3.673036,112.3380673,8.509864667,1.172615649,77.33293333,1.570540667,0.377030667,6.892238,2.528415333,1.125566667,0.964740667,598.3135973,6.140706667,2160.594445,22.12379333,7.143999333,20.04889333,0.801661823,0.636652272,7.754598667,245.395466,12165.98889,61.84062667,123.8293333,112.9765,117.9596007,90.16489333,4059.422133,1110.69555,0.291127333,180.8489333,8055.608889,131.0588673,8.846924667,1040.9584,1881.555555,13.66943333,3.35155,177.062934,6.801748,1.280720566,0.385028,2.914960667,44.95370667,3.352464667,4646.647769,3.641582,3.55578,46.06181333,3.752047333,1.300588667,32.78873333,2.220002,6.329386,30.91868,1734.884445,15.0535,2745.718889,21379.1,10.96217333
12/2/2014,3.672878667,112.9305333,8.53829,1.184268841,77.37699333,1.577227333,0.377188,6.894664,2.567557333,1.140023333,0.970771333,614.2315973,6.148984667,2275.325555,22.26618,7.155252667,20.08513333,0.807053067,0.639302887,7.754674667,247.5333327,12273.06667,61.84828,124.0613333,113.488299,119.1184,90.31477333,4063.617689,1112.003339,0.291644667,181.8004667,8053.467778,131.0646673,8.885322667,1034.135555,1875.111111,14.06740667,3.426992,180.2720007,7.019626667,1.280977386,0.384966,2.936931333,44.79267333,3.356543333,4631.383355,3.641575333,3.570764,53.77341667,3.752638,1.310349333,32.85810667,2.22828,6.337104667,31.09169333,1743.333333,15.11644667,2760.857778,21381.9,11.10436
12/9/2014,3.672984667,113.255,8.551106667,1.205889042,77.29817933,1.581879333,0.377016667,6.89445,2.593682,1.144408667,0.972231333,613.9709993,6.180825333,2341.988889,22.32873333,7.149206,20.06536,0.808095371,0.638190274,7.752436667,247.5697993,12335.87778,61.92419333,124.2880007,113.5402,119.8482667,90.44765267,4066.674433,1107.932232,0.291756,182.2419333,8075.438932,131.1034,8.899074667,1028.196689,1872.555555,14.41116667,3.481664667,183.7320007,7.127611333,1.302675778,0.384849333,2.958241333,44.54285333,3.362725333,4636.513311,3.641228,3.588727333,54.03636667,3.752494667,1.316802,32.88847333,2.266252,6.346595333,31.17286667,1747.397767,15.57407333,2762.706667,21357.88889,11.44298667
12/16/2014,3.672916667,112.0559993,8.550708667,1.216643056,77.33502,1.564424667,0.376998667,6.89287,2.728948,1.162195333,0.960545333,620.3082007,6.181724,2422.897778,22.05418,7.148896667,20.09806,0.799288171,0.634989198,7.753838,249.249734,12753.80009,63.57443333,123.568,113.9905,116.684,90.52644,4060.930545,1086.50111,0.291730667,183.415866,8074.092265,131.1118,8.824057333,1027.742222,1889.944445,14.74948667,3.493445333,180.5242673,7.430886,1.283364546,0.385004667,2.968864667,44.67703333,3.368570667,4622.702239,3.641563333,3.584175333,68.49413333,3.753111333,1.304062667,32.96354,2.357115333,6.338493333,31.27089333,1718.107767,15.79616667,2780.9,21374.88889,11.65210667
12/23/2014,3.672992,114.818866,8.55005,1.234082501,77.93526,1.605469333,0.377039333,6.894743333,2.689538667,1.16184,0.987107333,609.7830693,6.216413333,2338.673333,22.73222667,7.150050667,20.11913333,0.821561725,0.644382632,7.756486667,259.2954,12456.96667,63.40475333,126.846666,114.4478,120.5712,90.48863333,4060.445789,1103.566671,0.292904,182.4275327,8082.435599,131.1985333,9.007855333,1029.574445,1869.222222,14.74062667,3.499898,184.5076007,7.431628,1.296873371,0.385024667,2.974235333,44.67319333,3.526432667,4621.418845,3.641564667,3.674046,54.75784,3.753211333,1.324314667,32.90142667,2.320691333,6.358546667,31.74896,1705.665567,15.77326,2756.475555,21382.24444,11.63633333
12/30/2014,3.67305,114.9778673,8.513352667,1.222423486,77.90738,1.608335333,0.377025333,6.894784,2.661731333,1.161291333,0.988726,606.6602707,6.199326667,2371.828889,22.79129333,7.151443333,20.1148,0.822594342,0.642720485,7.757359333,258.8426667,12437.12218,63.43246,126.8999993,114.2035,119.5896,90.59595333,4063.700545,1098.115549,0.292702,182.5402667,8088.318932,131.1998,9.017238667,1029.146683,1878.333333,14.73178,3.498344,183.4316667,7.436794667,1.277525574,0.385025333,2.991558,44.74913333,3.523252,4630.279995,3.641883333,3.687492,56.12012,3.752994,1.32167,32.87582667,2.326337333,6.360736667,31.71796,1730.539995,15.79917333,2762.906667,21384.87778,11.5721
1/6/2015,3.673164667,117.709266,8.55114,1.23778246,78.05872667,1.645029333,0.377056,6.896868,2.700644,1.183172,1.010189333,616.461266,6.203022667,2439.706665,23.26865333,7.150608,20.13746,0.841768796,0.660316669,7.754569333,268.5434667,12645.39996,63.54144,129.6053327,114.4008,118.7092007,90.84697333,4077.144433,1101.17556,0.293834667,183.1079327,8093.711155,131.465134,9.19653,1031.863355,1891.222222,14.89105333,3.557527333,183.976466,7.733109333,1.289412003,0.385076,2.987313333,45.01583333,3.62984,4718.486671,3.641173333,3.783291333,63.16195,3.753591333,1.333679333,32.88030667,2.325512667,6.356412667,32.00168,1732.108889,15.81318,2806.706667,21432.85556,11.71511333
1/13/2015,3.673110667,118.7703333,8.589558,1.224701914,77.80381333,1.659889333,0.376950667,6.891064,2.643349333,1.194521333,1.019239333,619.3189313,6.186714667,2430.498893,23.86729333,7.14925,20.16837333,0.849300442,0.65963388,7.753117333,270.0929993,12594.89996,62.02399333,130.5593333,114.6447,117.9825333,91.200166,4071.155545,1080.589999,0.294122,183.6514667,8096.045599,131.4793327,9.272238,1028.150045,1921.777778,14.6135,3.588585333,183.3676007,7.743748,1.292440877,0.384911333,2.986278667,44.72307333,3.631526667,4712.605569,3.640116,3.810760667,64.95866,3.753399333,1.333542,32.81940667,2.284864,6.355598,31.84942667,1739.786656,15.7943,2860.567778,21330.9,11.52095333
1/20/2015,3.67314,121.1720667,8.609793333,1.224501304,77.8466,1.69216,0.377006667,6.893634667,2.615734,1.209164,0.874101333,628.450596,6.205621333,2379.626675,24.12824,7.281446,20.18977333,0.865571278,0.660253043,7.752396667,273.7919993,12584.32231,61.68326,132.086134,115.1512,118.5720673,91.51629933,4063.164967,1085.694443,0.293988667,183.884734,8114.368932,131.7767333,9.407264667,1026.287811,1933.333333,14.65064,3.607246667,188.9213333,7.661296667,1.309174057,0.384987333,3.011811333,44.57424667,3.747486667,4739.945543,3.641226,3.901613333,65.106,3.754992,1.336358667,32.69440667,2.344571333,6.339774667,31.64985333,1791.922211,15.82218,2894.297778,21348.93333,11.58853333
1/27/2015,3.673212667,123.0947993,8.628819333,1.260794029,77.62611333,1.722054,0.377032667,6.891866,2.574555333,1.240318667,0.900256667,623.2829307,6.232354667,2380.067763,24.54097333,7.439204667,20.16012,0.878841137,0.658135971,7.752034,273.8021327,12476.67782,61.40655333,133.365334,115.299701,117.854,91.60205333,4060.178878,1078.932221,0.294802667,184.3461327,8110.444488,131.9976667,9.542301333,1024.897778,1939.333333,14.6238,3.596499333,191.9619333,7.737326,1.341956871,0.385036667,3.019189333,44.05252,3.72895,4800.609961,3.641701333,3.929499333,67.54700667,3.758994,1.339389333,32.50618667,2.363440667,6.340962,31.18956,1818.349989,15.79254667,2847.222222,21334.65556,11.56196667
2/3/2015,3.673100667,122.0824,8.649522667,1.284971427,77.62035333,1.707585333,0.37702,6.893673333,2.694404667,1.245615333,0.924514667,626.597396,6.244953333,2370.772233,24.23844667,7.628013333,20.17090667,0.871518675,0.659723214,7.753972,269.668002,12647.88885,61.64403333,131.6213333,115.4014,117.5486667,91.469146,4062.531633,1095.213332,0.294576,184.2983327,8111.322265,132.0448,9.483156,1024.551111,1940.555555,14.6958,3.607482,189.588066,7.545672667,1.360478436,0.384988,3.050278,44.03879333,3.643073333,4802.867743,3.641146667,3.845952,65.26346733,3.753458667,1.34723,32.61299333,2.405674,6.320684667,31.50044,1799.015561,16.18486,2859.795555,21296.17778,11.40561333
2/10/2015,3.673193333,123.7486667,8.664249333,1.286979649,77.837954,1.727904667,0.377015333,6.897936,2.826874667,1.257586667,0.926444,625.9087993,6.233718667,2383.143355,24.44174667,7.609030667,20.25758,0.88360809,0.655569906,7.753341333,272.4414,12691.92218,62.27983333,132.34,115.5682,119.3402673,91.50343333,4069.594389,1096.237771,0.295511333,185.1866007,8122.880043,132.8974673,9.558355333,1029.2,1948.333333,14.9375,3.573944667,199.0208007,7.584114667,1.35115674,0.384997333,3.080046667,44.38391333,3.707516,4763.213307,3.641533333,3.917356,65.47190667,3.751818,1.35468,32.63485333,2.493506667,6.323570667,31.54102667,1827.466677,25.358222,2870.022222,21275.88889,11.66285333
2/17/2015,3.67312,122.8448667,8.679895333,1.279358382,77.86645933,1.71416,0.377072667,6.894728,2.830402,1.239602667,0.936013333,620.1748007,6.246962667,2409.517799,24.17339333,7.622308,20.25565333,0.876337396,0.651402976,7.759018,269.5909333,12778.02231,62.15926667,131.507334,115.5024,119.1325333,91.43888667,4058.863856,1104.858899,0.295642667,185.3153333,8109.954488,133.0469993,9.500074,1028.882222,1960.777778,14.9074,3.585220667,199.646534,7.522726667,1.326337945,0.384997333,3.081855333,44.22514,3.672097333,4751.912209,3.641004,3.899073333,62.90635333,3.751454667,1.355252667,32.58796,2.452987333,6.331736667,31.58154667,1830.812211,26.28891333,2859.656667,21321.23333,11.66796
2/24/2015,3.672346,123.5288007,8.702652,1.277613574,77.78090667,1.724334,0.376775333,6.884551333,2.845317333,1.249985333,0.949992667,619.4629993,6.242592,2479.083333,24.20532,7.626759333,20.26189333,0.881966662,0.647143179,7.756766,269.1690007,12885.21102,62.12842,132.204666,115.2576,118.9748,91.36218,4055.771611,1108.985543,0.295928667,185.0724,8096.04671,132.9004673,9.552232667,1028.104445,1969.333333,14.93623333,3.636734667,200.5784007,7.584884667,1.335384495,0.384889333,3.089412667,44.16908,3.668134,4742.783329,3.641476667,3.919856667,63.06788667,3.750454,1.357732667,32.52401333,2.463612,6.324076667,31.66901333,1814.542211,29.62069533,2874.997778,21313.27778,11.50208
3/3/2015,3.672838,125.5129333,8.736454,1.279761308,77.82397333,1.748426667,0.377075333,6.895392667,2.921061333,1.249486667,0.960305333,616.966598,6.262672667,2544.677778,24.56286,7.623311333,20.32105333,0.894696223,0.651028018,7.755100667,273.7457333,12973.56667,61.83251333,133.5439993,115.3849,119.7302,91.29890667,4069.4455,1097.683327,0.296582667,185.1204,8103.961155,133.0756,9.654374,1037.313341,1971.444445,14.98738667,3.625177333,200.5646667,7.707186,1.324674089,0.385006667,3.092584,44.0906,3.724454667,4688.465521,3.641464,3.984366,61.92328667,3.750172667,1.362808667,32.34677333,2.531733333,6.317966667,31.3894,1832.145555,25.81123067,2906.165555,21347.15556,11.74900667
3/10/2015,3.672938,130.6114,8.768022667,1.311154734,77.92140667,1.825624,0.376948,6.895771333,3.099762667,1.267307333,0.997382,634.1324627,6.25488,2616.793359,25.46167333,7.62199,20.34536667,0.935427848,0.663813395,7.760821333,286.7021353,13121.01111,62.72944667,138.2660007,115.485,121.1142667,91.48706,4077.718256,1122.713321,0.298778,185.5753993,8114.358932,133.1849333,9.975267333,1035.901667,1983.666667,15.60769333,3.705203333,199.2716007,8.071350667,1.37434088,0.384979333,3.097168667,44.32984,3.878402,4731.490052,3.641362,4.148309333,62.07515333,3.750238,1.388974,32.6798,2.634336,6.325265333,31.62215333,1832.737783,22.3253,2994.787778,21359.04444,12.32032
3/17/2015,3.673184,132.3576007,8.785791333,1.312156943,77.888486,1.847249333,0.377002,6.887340667,3.242692,1.278848667,1.005998,641.0593313,6.236268,2658.962207,25.72328,7.627768667,20.31954667,0.943955767,0.678095999,7.762985333,287.1446647,13182.06667,62.66236667,139.02,115.237699,121.3420667,92.15461333,4026.194967,1129.817787,0.299931333,185.5800667,8124.370043,132.9816,10.07291733,1034.948341,1982.222222,15.39259333,3.69916,199.6778,8.301590667,1.368138938,0.385015333,3.097344667,44.63492667,3.907392,4796.46441,3.641343333,4.195367333,61.55426,3.750926,1.388811333,32.92767333,2.61493,6.330775333,31.58216667,1858.057783,22.2231,2905.061111,21468.91111,12.36300667
3/24/2015,3.673012,128.365534,8.782002667,1.27032218,77.872126,1.792700667,0.377086,6.888838,3.147682667,1.250656,0.960702,622.5426673,6.196538667,2528.433325,25.11504,7.630723333,20.36313333,0.916024533,0.673673341,7.756172,274.6386013,12934.91111,62.29097333,135.8826667,114.9407,119.7473333,91.84173333,4010.426656,1105.268883,0.299655333,186.0303333,8097.478932,133.1916,9.834489333,1045.049994,1987,14.95017333,3.656248667,199.0944673,7.876962667,1.309311961,0.385032,3.074642667,44.73177333,3.75635,4793.074475,3.641534667,4.03868,57.89861333,3.750546667,1.367541333,32.50029333,2.555372,6.332428667,31.29848667,1840.622217,22.21975533,2966.89,21506.4,11.83413333
3/31/2015,3.673014667,130.334334,8.817989333,1.313538131,77.83338667,1.81882,0.376988667,6.886324667,3.201956,1.267590667,0.97105,624.6510647,6.190841333,2591.647771,25.60982,7.620756,20.36858,0.931443483,0.674586668,7.752728,279.292802,13072.11111,62.35974667,137.004,114.731901,120,92.3532,4014.308878,1108.188899,0.300750667,185.7267993,8107.12671,132.9788667,9.948582,1047.075833,1978.333333,15.25612667,3.704760667,199.0756673,8.050352667,1.339345533,0.385058,3.091740667,44.67659333,3.791723333,4799.728867,3.641538667,4.103639333,58.1444,3.751001333,1.372653333,32.54267333,2.599292,6.36326,31.28843333,1854.319995,23.34057333,2977.841111,21537.5,12.1261
4/7/2015,3.673056667,129.241734,8.824834667,1.309115414,77.64299333,1.804484,0.376630667,6.879776,3.125242667,1.249809333,0.964055333,609.963536,6.185742667,2518.591111,25.27962,7.609772667,20.30835333,0.924302909,0.674985828,7.751984,275.3842007,12977.37778,62.26641333,136.4846667,114.3782,120.1207993,92.47870067,4004.0211,1090.382227,0.300926667,185.414066,8083.908932,132.6640673,9.883096667,1022.632978,1981.666667,14.91269333,3.637838,198.7637333,8.060056667,1.333276358,0.384501333,3.091282667,44.48294,3.732503333,4823.909978,3.63766,4.070113333,55.13425333,3.750782,1.358956667,32.53502667,2.597352667,6.32039,31.03150667,1847.712217,23.45142,2979.266667,21565.68889,11.85801333
4/14/2015,3.673124667,132.0171327,8.859320667,1.312159143,77.85240667,1.837308667,0.376910667,6.891694,3.067097333,1.250319333,0.973611333,614.3462007,6.199486667,2545.537784,25.6738,7.622932667,20.38999333,0.938756279,0.676776382,7.752377333,278.710268,12972.23333,62.32657333,137.5239993,114.4772667,119.5081333,93.26135333,4013.4611,1093.647771,0.301923333,185.8076007,8108.393377,133.0022,10.028944,1073.573325,1981.333333,15.26808,3.696789333,198.6912007,7.968022667,1.330743665,0.384947333,3.116331333,44.57966667,3.772856,4940.019978,3.640479333,4.144102667,51.22652,3.750874667,1.361415333,32.48924667,2.681841333,6.340207333,31.25904667,1868.419989,22.30502667,2995.463333,21587.48889,12.0168
4/21/2015,3.673068,130.604334,8.872979333,1.296251911,77.8099,1.820825333,0.376886,6.886492667,3.034074667,1.226748667,0.954952667,616.1639993,6.186725333,2474.652222,25.54681333,7.628612,20.40653333,0.931485985,0.670026789,7.750168667,278.226598,12944.61111,62.84509333,136.5813333,114.572934,119.5760667,93.64547267,4010.609989,1082.744449,0.302149333,185.8561993,8106.843377,133.0540007,9.960826,1069.573325,1964.666667,15.42207333,3.631567333,199.0360007,7.875270667,1.304161706,0.384830667,3.124156667,44.20069333,3.714832,5000.302222,3.640529333,4.131436667,53.55914667,3.750600667,1.35067,32.37784667,2.685876667,6.320596667,31.09404,1903.546661,22.52630667,3002.512222,21575.84444,12.11031333
4/28/2015,3.672878,128.071466,8.903830667,1.246777976,77.80186667,1.783994667,0.376931333,6.890042,2.937623333,1.204619333,0.955334667,606.891734,6.191508,2410.619976,25.0146,7.62884,20.41887333,0.910932938,0.651995504,7.7502,274.4896,12971.62222,63.13724667,133.8859993,114.717134,118.8764,94.33362667,4019.125545,1067.459999,0.301692667,185.7127333,8088.703377,132.9678673,9.829225333,1077.310825,1956,15.27334,3.548142,198.9157333,7.659553333,1.294278103,0.384923333,3.120161333,44.20179333,3.646268,5029.335569,3.640507333,3.998558667,51.47828667,3.750074667,1.319166,32.62284667,2.664978667,6.317394,30.57626,1973.86445,22.33448667,3001.228889,21578.88889,11.89058
5/5/2015,3.673046,125.684666,8.907625333,1.260291281,77.793146,1.748873333,0.377138,6.883848,3.053339333,1.208051333,0.927679333,610.285864,6.192418667,2388.874442,24.4876,7.624774,20.42478667,0.894180159,0.658949176,7.751286667,271.5360653,13036.26667,63.41992,131.7073333,115.103,119.9113333,95.02648067,4032.945567,1081.229999,0.301722667,185.7841333,8084.744488,133.0765333,9.716013333,1086.946667,1953.111111,15.36692667,3.598805333,198.9326667,7.579388667,1.326625743,0.384996667,3.142221333,44.60002667,3.604900667,5015.838841,3.641092,3.961552667,50.71573333,3.750223333,1.331815333,33.31307333,2.705387333,6.333,30.67934667,1975.372217,20.86846,2993.8,21632.22222,11.98849333
5/12/2015,3.67306,125.3942007,8.935198,1.253564579,77.83229333,1.744823333,0.376994,6.894168,3.017026667,1.202281333,0.929518667,604.5097313,6.194062667,2379.886684,24.46300667,7.630944667,20.43992667,0.891656664,0.638293512,7.75169,273.2802653,13175.63333,64.12534,132.203334,115.054,119.8794,96.32131333,4030.974456,1093.433332,0.301865333,185.8521327,8088.518932,133.5753333,9.695235333,1082.604154,1938.444445,15.31496667,3.608599333,199.1226007,7.490215333,1.355423396,0.384908,3.14941,44.76355333,3.652852,5068.624453,3.64015,3.981145333,50.24028667,3.750274667,1.334726667,33.72323333,2.666620667,6.324717333,30.75629333,2000.958883,20.34840667,2993.427778,21695.55556,12.04255333
5/19/2015,3.672938,125.6702,8.945444667,1.263265736,77.736806,1.749515333,0.377,6.890098,3.032818667,1.220903333,0.934752667,603.2858627,6.192464,2465.538885,24.49104667,7.627092667,20.5069,0.897215453,0.644667492,7.751595333,273.700266,13129.58889,63.74683333,132.2566673,115.7632,120.5542007,96.525674,4039.401133,1091.522216,0.302044,185.6956667,8066.190043,133.437534,9.715480667,1086.239987,1939,15.17248667,3.597956,199.0304673,7.509165333,1.361633716,0.384915333,3.146921333,44.51955333,3.624598667,5043.60441,3.63971,3.976792,49.48780667,3.749999333,1.334044,33.48604667,2.592614667,6.330313333,30.52712,2023.951106,21.10261333,2994.653333,21792.77778,11.8966
5/26/2015,3.67306,129.2959327,8.979006,1.292217328,77.87858,1.795659333,0.377093333,6.893948667,3.145579333,1.241141333,0.951561333,612.8023353,6.192062667,2538.900019,25.18378667,7.630693333,20.48772,0.919033124,0.649891686,7.752048667,283.4897313,13209.65556,63.91814,135.1726673,116.1365,122.855,97.89686667,4065.491478,1103.80221,0.303014667,186.0489333,8107.614488,134.068666,9.859837333,1094.650825,1921.666667,15.29076667,3.630238,199.220734,7.736108667,1.381857732,0.384935333,3.150437333,44.75383333,3.804641333,5123.847782,3.639576,4.091652667,50.83271333,3.749931333,1.348419333,33.70350667,2.635953333,6.329457333,30.65126,2064.315545,21.43068,3020.741111,21814.44444,12.05974
6/2/2015,3.673057333,127.1655333,9.003624,1.287224882,77.73510733,1.758648667,0.377059333,6.892309333,3.137673333,1.241757333,0.934696,622.5379993,6.186310667,2550.582211,24.67516667,7.630792667,20.48696,0.896786715,0.651873834,7.755336,280.028,13208.78889,63.70688667,132.9073327,115.55888,124.124734,97.00662667,4073.457656,1109.948888,0.302474,185.9017993,8102.421068,133.8984673,9.738472667,1093.362508,1905.888889,15.42932,3.686823333,198.7074007,7.83565,1.393540001,0.385051333,3.151868,44.57806,3.703296,5087.435508,3.640158,3.992493333,52.83924,3.750098,1.348717333,33.71246667,2.67386,6.320879333,30.83688,2130.948889,21.02335333,3070.306667,21808.33333,12.19804
6/9/2015,3.673066667,125.1343333,9.026623333,1.30065654,77.80618667,1.736324667,0.377040667,6.890579333,3.102129333,1.235109333,0.931982,626.183734,6.19532,2570.424457,24.33032,7.630878667,20.58946667,0.886751703,0.650100667,7.753162,277.824066,13328.35556,64.020286,132.2900007,115.4898127,124.4738667,97.55562,4078.343317,1120.936655,0.302222667,186.116534,8129.866732,133.9708673,9.661734667,1103.807789,1861.777778,15.59514667,3.749369333,199.0893327,7.800441333,1.401208181,0.385026,3.153048667,45.09122667,3.706062,5134.408889,3.640718,3.971481333,55.66592,3.750292,1.352296,33.72754,2.754240667,6.355068,31.17928667,2176.913355,21.19140667,3103.184445,21798.88889,12.44633333
6/16/2015,3.673048,125.1340667,9.056801333,1.290260085,77.68697333,1.739392667,0.377078,6.881418,3.093083333,1.229672667,0.93219,635.360004,6.196322667,2536.925529,24.23842,7.631418,20.61128667,0.88922435,0.639140235,7.752052,277.2002673,13339.87778,64.16511333,132.351334,115.4705267,123.3787333,97.35465333,4083.800065,1117.992232,0.302066,185.8738667,8095.516732,133.9335327,9.676164,1104.8711,1870.333333,15.39438667,3.749398667,198.8634673,7.760337333,1.431412409,0.385070667,3.157519333,45.12695333,3.685032,5145.56,3.641582667,3.98269,53.99760667,3.750498,1.342722667,33.69044667,2.732688667,6.351658,30.96014667,2217.427767,21.59882667,3180.733333,21793.33333,12.3741
6/23/2015,3.672678,125.104534,9.063032,1.292658812,77.73892667,1.747182667,0.376974667,6.880643333,3.077594667,1.231927333,0.932107333,633.291596,6.19024,2546.908909,24.29910667,7.625455333,20.61148,0.895395101,0.635762775,7.752414,276.8704667,13268.86667,63.55944667,132.1178667,115.9808,123.8076673,98.79434667,4083.060065,1104.398893,0.302173333,186.0507993,8099.058399,133.9350673,9.700217333,1100.763344,1917.222222,15.38982,3.739398667,198.8644667,7.81269,1.458483882,0.384974,3.176137333,45.07755333,3.718934,5148.074445,3.640536667,4.000196667,53.80517333,3.749804667,1.339826667,33.73901333,2.678873333,6.363871333,30.87934667,2295.637799,21.65552,3297.285555,21792.44444,12.16372667
6/30/2015,3.672742,125.6026667,9.100970667,1.298559666,77.87486,1.756672667,0.377389333,6.888387333,3.111743333,1.247027333,0.935436,638.3973313,6.191069333,2603.136677,24.48182,7.63772,20.68498667,0.897931717,0.636935964,7.751420667,282.8604007,13342.14444,63.62578667,132.0573333,115.86514,122.4794,99.26839267,4089.805065,1120.558888,0.302353333,186.468934,8126.420065,134.0154,9.736408667,1111.266667,1951.666667,15.71535333,3.765484,199.2530673,7.859758667,1.47616947,0.385268667,3.177541333,45.10958,3.764166667,5187.146667,3.644462667,4.016783333,55.30819333,3.750920667,1.347496667,33.80741333,2.684608,6.382516,30.93384,1993.616659,21.02667333,3298.822222,21821.55556,12.18258
7/7/2015,3.672908,127.0952007,9.104249333,1.342834204,77.84485933,1.776684667,0.377143333,6.889434,3.179578667,1.269920667,0.94631,646.7987373,6.200468,2682.450005,24.62191333,7.814713333,20.65242667,0.908871738,0.64687551,7.754740667,287.601066,13336.25556,63.46711333,133.4340007,116.2470667,122.5051993,100.1912333,4096.902232,1131.974433,0.302785333,186.334866,8125.411732,133.8150007,9.805884667,1121.666656,1963,15.79429333,3.814063333,198.9808673,8.148864667,1.502602698,0.385156,3.180627333,45.24410667,3.823286,5169.084445,3.642478,4.070791333,56.68292,3.750194,1.35382,33.96016,2.687108,6.369958667,31.05924,2071.333333,21.40624,3446.99,21803.33333,12.44254
7/14/2015,3.67295,126.8354667,9.13295,1.342201538,77.70263333,1.774542,0.377068667,6.883348667,3.14159,1.27273,0.944589333,642.415734,6.197165333,2685.567761,24.54887333,7.830990667,20.63902,0.908118572,0.639643755,7.751425333,281.9611347,13319.86667,63.33212667,133.841334,115.4735867,123.3164667,101.695,4070.641732,1140.562232,0.302575333,186.7435333,8114.333399,133.776934,9.798494667,1150.590011,1968.222222,15.6735,3.805223333,198.9141993,8.095188,1.490150297,0.385043333,3.173833333,45.16820667,3.751070667,5179.211115,3.641682,4.005374667,56.44812,3.750369333,1.360009333,34.03057333,2.635711333,6.368324,31.0992,2044.700005,22.08166667,3295.336667,21815.91111,12.34468
7/21/2015,3.673070667,127.964166,9.164175333,1.347439337,77.74397533,1.79074,0.377107333,6.879686667,3.176804,1.295266,0.959052667,650.8272533,6.192018667,2763.975036,24.81075,7.83063,20.69762533,0.914326373,0.642806485,7.750906667,282.127502,13367.3,63.52266667,134.9083327,115.9998167,123.9383333,101.749166,4073.221732,1150.163348,0.303254,187.185166,8142.558333,133.8755847,9.855090667,1135.738733,1970.444445,15.99786,3.797087333,198.9746667,8.119826,1.509237259,0.385018,3.178765333,45.21014,3.782294,5161.861077,3.641308,4.040948,56.93379333,3.750204,1.364526,34.41598,2.683642667,6.36617,31.20230667,2138.494423,22.04402667,3298.824445,21821.64444,12.33795333
7/28/2015,3.673050667,126.1478,9.171184,1.362322136,77.69314067,1.768388,0.377031333,6.881673333,3.357462667,1.293768667,0.961728,665.6258647,6.197534667,2856.424421,24.44088667,7.829282,20.70285333,0.904096887,0.640556011,7.750996,279.7993313,13458.36667,63.87181333,133.6626673,115.5895267,123.5528667,102.1680667,4065.823399,1162.917787,0.302784667,187.2274673,8157.431732,133.6000673,9.785903333,1133.4054,1975.111111,16.26888,3.810408,198.926666,8.164784,1.490600038,0.385052667,3.182162667,45.48073333,3.727365333,5187.991111,3.641528667,3.990222,59.81200667,3.749940667,1.364044667,34.83579333,2.758746,6.349414,31.43666667,2088.5811,22.16259333,3393.7,21812.31111,12.57176667
8/4/2015,3.673026667,127.4657993,9.201577333,1.355390954,77.76252733,1.794776,0.377027333,6.887491333,3.465844,1.318245333,0.976498667,681.2431307,6.21244,2913.704427,24.81732,7.827182,20.76876,0.918571216,0.642554507,7.753769333,284.0350013,13491.97778,63.83930667,134.894,116.6843333,124.3232667,101.1167333,4053.421732,1167.818883,0.303062,187.6759993,8198.741797,133.5861327,9.874896667,1130.4054,1979.111111,16.27319333,3.859427333,198.9565333,8.277373333,1.529578587,0.385027333,3.188340667,45.64642667,3.832683333,5199.398923,3.641303333,4.045982,62.94153333,3.749886,1.380422667,35.07590667,2.78051,6.318979333,31.60390667,2113.215567,21.42969333,3461.131111,21817.62222,12.7312
8/11/2015,3.673046667,126.395534,9.225806,1.368701271,77.76294,1.772635333,0.377212,6.866736,3.477522,1.310976667,0.987565333,680.8592693,6.331028,2938.256653,24.48594,7.826752667,20.76934,0.905658367,0.64197209,7.75971,282.2538647,13613.71111,64.25374,133.3019993,116.9687333,125.0161327,100.9355593,4095.616732,1175.46666,0.30293,187.9092007,8195.693399,133.7838007,9.805481333,1132.927933,1983.222222,16.29436,3.964800667,199.1402007,8.268292,1.52821478,0.385009333,3.212388667,46.01836667,3.802491333,5198.816667,3.642018667,3.999246667,64.16625333,3.750561333,1.399221333,35.31232667,2.779828667,6.320079333,31.9934,2104.255567,21.48489333,3536.827778,21815.45556,12.7708
8/18/2015,3.67306,126.154734,9.245428667,1.363075716,77.80750067,1.772355333,0.377390667,6.878862667,3.470296,1.306463333,0.977214667,692.300666,6.40988,3002.168911,24.488,7.828116,20.77973333,0.907123245,0.638588251,7.754546667,280.2260647,13829.06667,65.42604667,132.8806667,117.1109333,124.3889993,102.950534,4098.912967,1184.774438,0.302817333,188.354334,8197.558399,133.945534,9.797269333,1142.927933,1987.666667,16.40310667,4.08477,199.1622667,8.274516,1.517125511,0.385161333,3.246927333,46.32118667,3.773954,5238.458889,3.642382,4.011295333,65.77238,3.750858,1.404344,35.53122667,2.887580667,6.333642667,32.3036,2119.561089,21.67144,3550.228889,22106.77778,12.89580667
8/25/2015,3.673108,121.3004,9.272564,1.401951939,77.72636733,1.698582667,0.37747,6.870434,3.60434,1.331586667,0.939202667,705.0412647,6.444529333,3178.563351,23.49148667,7.827121333,20.7655,0.868011968,0.637265052,7.751488667,272.916998,14008.81111,66.3166,127.6733333,117.0956,119.1176667,103.7474667,4088.508366,1192.709999,0.301325333,238.7603927,8142.855,134.0791327,9.551846,1148.5946,1988.555555,17.19683333,4.213248,198.874266,8.222786,1.543090015,0.385146667,3.280268,46.70031333,3.689103333,5331.661111,3.641279333,3.848263333,69.32846667,3.749941333,1.405610667,35.56592667,2.940734,6.318514667,32.61754,2133.891089,22.435,3509.537778,22520.24444,13.13853333
9/1/2015,3.672877333,123.7287333,9.305904,1.424781996,77.82586667,1.731172667,0.377186,6.890896667,3.686704,1.325056667,0.95966,692.5119993,6.383888,3118.084455,23.91908667,7.825969333,20.78823333,0.884393468,0.653435115,7.749898,278.3346687,14076.51111,66.39398667,128.2800007,117.6948,119.6950667,103.986666,4105.381667,1177.828883,0.302072,239.75946,8179.526699,134.6510667,9.652499333,1144.072067,1989.555555,16.93402,4.182617333,199.1358673,8.294181333,1.578988277,0.385108667,3.248985333,46.7383,3.759544667,5398.585538,3.639539333,3.9281,66.56340667,3.750962,1.412895333,35.76078667,2.928604,6.339159333,32.46155333,2146.860022,21.81255333,3659.114445,22492.31111,13.40827333
9/8/2015,3.672896,124.8108,9.330466667,1.423602663,77.80060667,1.746616,0.377588667,6.886420667,3.822432,1.321716667,0.977814,691.0813313,6.395844,3114.297761,24.15092667,7.829355333,20.84702667,0.892565623,0.649538515,7.750513333,280.0114007,14255.11111,66.41692,128.6186673,117.6558667,119.8033333,105.4904,4096.980899,1197.593338,0.302210667,244.2530593,8162.350065,138.2206673,9.720591333,1147.072067,1989,16.84198667,4.324252667,199.0828667,8.243284,1.574739885,0.384974,3.219068667,46.84701333,3.772996667,5408.333333,3.640868667,3.951552,68.224486,3.749934667,1.418840667,36.03069333,3.01282,6.324168667,32.69126,2167.057778,22.23101333,3662.561111,22494.57778,13.74092667
9/15/2015,3.672884,123.4972667,9.366150667,1.401484032,77.76138,1.734239333,0.377132667,6.883737333,3.862564,1.324815333,0.973308667,684.5605327,6.382776,3026.43444,24.01646667,7.829655333,20.84328,0.887413496,0.651772663,7.750136667,277.0892013,14390.43333,66.40870667,127.4933333,118.2216667,120.3871333,105.6232667,4086.982732,1181.014433,0.301918,278.7877947,8132.313399,139.6292667,9.672506667,1149.261267,1984.333333,16.70393333,4.291014667,199.0072,8.18617,1.57480305,0.384992667,3.205764667,46.71393333,3.725656667,5564.444445,3.641333333,3.917994667,66.91248733,3.749912,1.402495333,35.94743333,3.031885333,6.330753333,32.54135333,2178.292233,21.96840667,3656.9,22488.3,13.47254
9/22/2015,3.672493333,124.6155333,9.390934,1.412414405,77.79932667,1.754902667,0.377258667,6.898516667,4.037558667,1.326370667,0.974106667,696.144398,6.38808,3056.452203,24.30176667,7.829315333,20.90771333,0.898851449,0.651145636,7.749822,279.3074687,14521.73333,65.87928733,128.5586667,118.4522,120.0894673,105.5264673,4094.631199,1181.566665,0.302086667,261.0649907,8156.296732,140.9494007,9.749818667,1148.738733,1989.222222,16.85852667,4.29634,199.2817993,8.275368667,1.590530263,0.385022,3.212248,46.61824,3.769638,5535.895555,3.641884,3.968426,66.02884,3.750274667,1.415680667,36.01374,3.026348,6.328564,32.85602,2166.452211,21.71917333,3656.566667,22495.95556,13.63414
9/29/2015,3.672931333,123.8631327,9.419802667,1.430751456,77.74045333,1.739289333,0.377448667,6.886546667,4.053384,1.341173333,0.972177333,704.032134,6.357673333,3106.826667,24.18599333,7.830567333,20.88507333,0.888694042,0.65992558,7.750182667,279.0186667,14676.02222,65.92738,127.2013327,118.4698667,119.8059327,105.2944007,4077.833317,1196.641105,0.302192667,271.6572607,8144.410065,141.0065333,9.690965333,1148.5946,1991.555555,17.02137333,4.453471333,198.8866673,8.478660667,1.575791022,0.384863333,3.231450667,46.81737333,3.765660667,5616.17,3.641674,3.929109333,66.11110667,3.75035,1.427784667,36.40146,3.039753333,6.324891333,33.09282,2153.513323,21.47548667,3681.001111,22474.07778,13.96945333
10/6/2015,3.672952,123.8801333,9.446200667,1.396219701,77.76812,1.736198,0.377258667,6.890584667,3.863053333,1.304542667,0.967780667,681.2552027,6.35456,2939.076667,24.05858,7.830086667,20.87347333,0.887478313,0.656709686,7.749828667,276.2677333,14332.41111,65.1765,126.2173327,118.7013333,120.2274,103.1567333,4062.835151,1163.354443,0.302316,272.6507953,8162.293333,140.6788667,9.678722,1149.261267,1988.555555,16.66728667,4.347585333,198.949334,8.289788667,1.528963903,0.384965333,3.217765333,46.43684667,3.764462667,5607.751111,3.641220667,3.921387333,63.46206,3.748886667,1.420518667,36.26988,2.962322,6.326471333,32.67181333,2170.172222,21.35679333,3679.972222,22453.81111,13.53936
10/13/2015,3.672970667,122.6768673,9.465598,1.384140008,77.763646,1.718634667,0.377221333,6.893116,3.874644,1.301828667,0.958111333,682.6940007,6.338674667,2901.812196,23.83868,7.829446,20.92462,0.878651867,0.655572257,7.750044,273.4132007,13576.1,65.06465933,124.7213327,119.1605993,119.7862,103.1253333,4058.763117,1148.45556,0.301993333,275.0665953,8134.208399,140.5872007,9.625438,1147.4054,1991.666667,16.62282667,4.189612,199.1874673,8.141629333,1.506183296,0.385013333,3.233413333,45.99789333,3.717951333,5627.112222,3.641254,3.877826,62.83762667,3.749782,1.402058,35.6013,2.955543333,6.341660667,32.53503333,2176.731089,21.54627333,3673.101111,22375.88889,13.52284667
10/20/2015,3.6729,122.9247333,9.474226667,1.377171342,77.79624667,1.72356,0.377151333,6.884914,3.906358667,1.297786,0.955876,686.442196,6.357012,2926.734449,23.85357333,8.024928,20.92826667,0.881176424,0.647495465,7.749891333,273.4236673,13597.94444,64.98564667,125.2360007,119.2862,119.7671993,102.070134,4040.947651,1130.376655,0.301747333,277.2729953,8132.946732,140.9096007,9.646795333,1145.072067,1991.666667,16.53884,4.268594,198.9426667,8.118977333,1.481326998,0.384994667,3.247386,46.32664667,3.751460667,5657.764445,3.639952667,3.899609333,62.01706667,3.750016667,1.389754,35.40659333,2.899394667,6.327711333,32.37212,2207.901089,22.08380667,3615.444445,22337.45556,13.26914667
10/27/2015,3.672880667,125.8197333,9.513463333,1.389484523,77.860274,1.770079333,0.377026,6.896112667,3.886018667,1.325135333,0.985508667,687.6048693,6.366301333,2941.319995,24.54016,8.028878,20.97806,0.905425734,0.653404811,7.749962,282.0578,13629.93333,65.04904,128.4426673,119.4373333,120.5032667,101.6763333,4046.254651,1134.007771,0.302734,279.4539247,8154.876732,141.1188667,9.804008667,1144.261267,1988.777778,16.54510667,4.270955333,199.118534,8.443974,1.47812791,0.385013333,3.27541,46.72028,3.875402667,5666.972222,3.640498667,4.019301333,64.99560667,3.75,1.396420667,35.51313333,2.903580667,6.338384667,32.48858667,2175.919989,22.87148,3539.73,22328.23333,13.66756667
11/3/2015,3.672832,126.6797993,9.540179333,1.392039483,77.99502667,1.78282,0.376875333,6.886352,3.781512,1.306593333,0.990356,689.0462673,6.338690667,2822.952237,24.66759333,8.027650667,20.99434,0.912136513,0.648518851,7.750494667,285.193334,13597.86667,65.5641,128.552666,119.4438,121.0089333,102.0137333,4047.142451,1132.21556,0.302963333,282.4855927,8143.135065,141.0378,9.834046667,1274.23335,1993,16.4118,4.267794,199.0473327,8.498384,1.501251167,0.385078,3.283411333,46.86452,3.87388,5587.93,3.639112667,4.040455333,62.78253333,3.750134667,1.396616,35.56707333,2.828442667,6.345954,32.47876667,2167.086689,23.17095333,3535.51,22314.91111,13.75292667
11/10/2015,3.672750667,128.8902673,9.580595333,1.422588493,78.24801333,1.823277333,0.377024,6.898516667,3.754808,1.327533333,1.005868667,699.812266,6.371537333,2930.321091,25.19542667,8.031246,20.99065333,0.93255028,0.661406225,7.751962667,291.4178,13630.96667,66.24038667,131.0693333,119.6008673,123.1855333,102.2575333,4046.626651,1157.878899,0.303945333,306.3422593,8147.516732,142.033866,9.976414667,1288.349984,1992.555555,16.76310667,4.350046667,199.1863327,8.624740667,1.53097807,0.384915333,3.313483333,47.32676,3.950902667,5645.018841,3.638756,4.142891333,64.46347333,3.750027333,1.421837333,35.88842667,2.915666667,6.383170667,32.77653333,2150.1211,22.63655333,3460.378889,22414.13333,14.25876
11/17/2015,3.672946667,129.0847333,9.63658,1.406217202,78.16151267,1.83666,0.375557333,6.8936,3.8131,1.331788667,1.013242667,711.7413313,6.38876,3077.19112,25.37707333,7.833786667,21.04893333,0.939582434,0.657289252,7.750547333,291.9896667,13746,66.01989333,131.851334,118.5173333,123.3398,102.2706,4033.533366,1170.21111,0.304048,307.809328,8143.816732,142.3073327,10.02444,1284.5,1988,16.72873333,4.388393333,198.7006673,8.683948,1.544916351,0.384844667,3.33796,47.21056,3.98616,5624.557726,3.641093333,4.168033333,65.07852667,3.749706,1.423886667,35.99399333,2.870653333,6.39288,32.81036,2147.702233,23.56678667,3416.666667,22465.55556,14.28824
11/24/2015,3.672893333,128.5867333,9.661441333,1.377568611,77.59238,1.838051333,0.377071333,6.895026667,3.701811333,1.331340667,1.017175333,711.4847327,6.400990667,3073.594447,25.38755333,7.829865333,21.01347333,0.939429875,0.662934692,7.750069333,293.0681347,13710.12222,66.274946,132.2203327,119.417134,122.5982667,102.0974,4026.170017,1150.741115,0.304262667,307.201592,8163.583269,142.8945327,10.02352933,1298.12835,1987.444445,16.53524667,4.236876,199.1200007,8.646138667,1.525517502,0.384889333,3.370324667,47.07501333,4.001217333,5660.066684,3.641695333,4.180432,65.45833333,3.756156667,1.410954667,35.76443333,2.872376667,6.394216,32.52574667,2163.358911,23.87456667,3370.284445,22491.91111,14.02750667
12/1/2015,3.672596667,130.0420667,9.685448667,1.365487872,78.066754,1.840894667,0.376378,6.890724667,3.853244667,1.335761333,1.026451333,704.4271293,6.414533333,3122.6211,25.43966,7.829308667,20.95864,0.940789761,0.663174658,7.751709333,293.8999327,13777.58889,66.47895333,132.1426667,118.5928007,122.8838,102.121466,4016.438617,1156.478893,0.304530667,307.3255927,8136.320065,142.8607993,10.03966733,1298.599984,1986.555555,16.52719333,4.232038667,198.9286007,8.636107333,1.498621458,0.384719333,3.36759,47.15037333,4.028912,5666.183373,3.639662,4.201276,66.60412,3.751977333,1.406764,35.7776,2.892924667,6.384706667,32.63409333,2160.044466,23.84007333,3339.868889,22490.1,14.4333
12/8/2015,3.672509333,126.7400673,9.708755333,1.385050504,78.15877333,1.796422,0.377132,6.885293333,3.799360667,1.356214,0.993191333,705.6229293,6.439302667,3272.991089,24.81756,7.822091333,21.02944,0.917895582,0.666189369,7.750083333,287.9925333,13909.36667,66.82727333,129.7126667,118.741466,122.943,101.9574,4034.596651,1176.911115,0.303715333,307.6589287,8133.336732,143.128,9.888872667,1287.966651,1986.444445,16.98581333,4.256897333,198.6572,8.745724667,1.503209537,0.385019333,3.367639333,47.13105333,3.985230667,5743.765521,3.641649333,4.118172667,69.329426,3.751558,1.407454,35.95744,2.907663333,6.368332667,32.88628,2158.637778,22.78486667,3313.653333,22474.6,14.58781333
12/15/2015,3.672850667,126.0004667,9.780496667,1.390021058,78.33141333,1.789144667,0.377108667,6.899463333,3.887965333,1.373324,0.990292667,710.6848007,6.491212667,3309.251133,24.70738667,7.84455,20.79520667,0.915045424,0.665086991,7.750440667,288.867868,14058.46667,66.90357267,129.2206667,119.8558673,121.5537333,102.2290667,4034.485317,1179.051115,0.303270667,331.3799927,8116.315033,143.852666,9.860106,1295.749984,1993,17.14456,4.309730667,199.0917993,8.685894,1.477954581,0.385018667,3.369332,47.37100667,3.953912667,5773.782183,3.641706667,4.111165333,70.12289267,3.75106,1.406715333,35.98212,2.965460667,6.371450667,32.77798667,2160.256645,23.68820667,3412.232222,22502.68889,14.97503333
12/22/2015,3.672820667,125.1324673,12.95586667,1.382814358,78.30944667,1.786896667,0.376881333,6.890496667,3.989647333,1.392331333,0.988006,696.6175293,6.493775333,3319.414451,24.68201333,7.826974,21.09572,0.912982176,0.674530586,7.751899333,286.606398,13683.38889,66.24877267,129.494,120.0144673,121.0788,102.1615333,4036.194984,1173.127787,0.303512,337.33606,8145.150065,143.629334,9.858588,1303.316659,1992.222222,17.17536,4.295159333,198.8572,8.724112,1.469668745,0.384968,3.383364,47.23076,3.882504667,5851.471072,3.639733333,4.128110667,71.232226,3.752241333,1.404920667,36.07169333,2.927717333,6.385934667,32.83971333,2126.359989,22.96608,3332.033333,22507.65556,15.14779333
12/29/2015,3.67262,125.2006673,12.98283333,1.371113285,78.31817333,1.788993333,0.376696667,6.896572,3.872272,1.384344667,0.992034667,707.247004,6.514086,3176.555555,24.71974,7.829968,21.12423333,0.915514855,0.674951952,7.750187333,286.415868,13699.03333,66.22482667,129.2246673,120.0224667,120.4604673,102.2502,4047.081683,1170.091105,0.303426667,338.4837253,8140.291732,144.1001333,9.872004,1309.371651,1992.333333,17.25052,4.286766,199.0152007,8.702831333,1.456280819,0.384996667,3.401442,46.97412,3.873953333,5808.724436,3.640308,4.150121333,72.14677267,3.749436,1.411403333,36.11574667,2.907026667,6.410173333,32.85094,2152.494466,23.74656667,3377.422222,22471.97778,15.28808667
1/5/2016,3.672914667,127.5799333,13.55126,1.396511159,78.41934067,1.816735333,0.377012667,6.894722667,4.014442,1.397861333,1.007208,714.0331993,6.562499333,3209.513323,25.09261333,7.829802667,21.18912667,0.930211607,0.681418932,7.751388,291.2246673,13882.65556,66.50472733,130.8156673,120.1511333,119.1186,102.2782667,4048.620017,1188.621121,0.303906667,342.886662,8149.463399,144.0871333,9.979990667,1304.806659,1990.555555,17.33313333,4.349506,199.0328673,8.899906,1.492047105,0.384844667,3.408238,46.91176,3.998512667,5848.105555,3.641848667,4.195496,73.36406667,3.752855333,1.425172667,36.13798667,2.980316667,6.405452,33.14939333,2175.884445,24.05190667,3390.684445,22469.33333,15.62341333
1/12/2016,3.672782667,127.2931327,13.53832667,1.432542421,78.36393267,1.800771333,0.376382,6.891266,4.0284,1.425174,1.001443333,730.3438687,6.572385333,3273.521096,24.87361333,7.829924667,21.17087333,0.92140111,0.69259031,7.762218667,291.3435347,13893.88889,66.8941,130.1366673,120.2123327,117.6350667,102.3326007,4040.798801,1208.874454,0.30402,363.5253267,8143.561602,143.6821333,9.907228,1295.693341,1990.777778,17.89874,4.40395,199.6185993,8.882332667,1.530329029,0.384912,3.421277333,47.36942667,4.013182,5877.52,3.640611333,4.170678,76.71772,3.751187333,1.437737333,36.31776,3.032707333,6.405510667,33.43600667,2179.6011,23.21885333,3437.517778,22426.5,16.61245333
1/19/2016,3.67263,127.460734,13.42704667,1.448241839,78.36214667,1.792806,0.376646,6.888792,4.059208667,1.457233333,1.003452,727.1846687,6.575169333,3300.253333,24.77249333,7.820270667,21.201,0.916741515,0.706273382,7.816024667,288.8809347,13874.96667,67.7168,129.3965993,120.0974667,117.572666,102.3593333,4047.137333,1207.773343,0.304884,376.7481947,8147.158399,143.8098673,9.874970667,1296.328314,2000.111111,18.26924667,4.372335333,198.8295333,8.821335333,1.562059105,0.384834667,3.431465333,47.62062667,4.081608667,5904.193333,3.641225333,4.155866667,78.74478,3.750124,1.43762,36.30446667,3.039420667,6.409565333,33.5703,2178.874423,24.60559333,3471.681111,22410.66667,16.78208
1/26/2016,3.672942,126.7665,13.80291667,1.428245127,78.35465933,1.801984,0.376652667,6.890732,4.069292667,1.412915333,1.016672667,717.8842513,6.581500667,3355.665,24.879492,7.83154,21.21916667,0.920239281,0.696905371,7.794476,287.2991687,13853.36667,67.71218333,130.3835827,120.2569173,118.4399167,102.1934167,4057.031833,1197.873332,0.30376,379.0726567,8142.043366,143.8711667,9.903274667,1293.801667,2001.222222,18.45178,4.274547333,198.985334,8.706388667,1.539566642,0.384901333,3.461401333,48.00692667,4.097642667,5933.806667,3.642194667,4.170447333,78.75704667,3.751166,1.426744667,35.83849333,3.008365333,6.433365333,33.51568667,2187.445577,24.85466667,3471.536667,22323.98889,16.39704667
2/2/2016,3.672678,126.4881333,14.09876,1.421676066,78.52324667,1.792254667,0.377004,6.896510667,3.989344,1.404475333,1.018828667,713.5941333,6.595955333,3372.77666,24.75429333,7.831154667,21.26648,0.915634826,0.693928952,7.796157333,285.7290667,13718.02222,67.951266,129.5784667,120.9252007,120.0352,102.3460667,4045.081501,1209.534438,0.302888,372.0812607,8146.650033,144.0330673,9.880314,1290.911659,2005.888889,18.44846,4.205441333,198.9330673,8.714623333,1.534488845,0.385015333,3.490339333,47.86506667,4.040523333,5882.484445,3.64059,4.140708667,79.036786,3.749949333,1.427890667,35.79104,2.952709333,6.448271333,33.46746,2183.993355,25.83437333,3474.288889,22273.82222,16.17940667
2/9/2016,3.672901333,122.8159993,14.35146667,1.413789082,78.65118667,1.734972667,0.376726,6.894468667,3.889097333,1.387461333,0.975731333,713.116002,6.558681333,3375.305573,23.9749,7.830867333,21.24025333,0.885775715,0.690989749,7.796298,276.4355987,13610.47778,67.892694,126.5258667,120.7888,115.3123333,101.911466,4040.428651,1202.289993,0.299779333,360.505126,8161.43487,143.683534,9.677083333,1250.464984,2011.888889,18.76589333,4.167078667,198.629,8.585419333,1.507265149,0.385007333,3.499656667,47.65143333,3.940443333,5823.52668,3.641326,3.982928,79.47123933,3.750112667,1.39791,35.38668,2.93887,6.470052667,33.30772,2181.047778,25.90523333,3461.328889,22246.88889,16.05842667
2/16/2016,3.672986667,123.7921327,14.79692,1.406549835,78.49278667,1.754075333,0.376788,6.878909333,4.060547333,1.386296667,0.987650667,708.050666,6.517936,3416.007797,24.23588,7.831363333,21.23832667,0.897492498,0.699146008,7.789985333,278.4684673,13419.34444,68.41103333,127.4888007,121.4377333,114.0948,101.7851333,4021.772651,1216.005555,0.299005333,360.918592,8125.025065,144.047466,9.749034,1230.848325,2017,18.88234,4.171340667,198.9722007,8.622831333,1.520973774,0.385028667,3.510559333,47.46403333,3.949643333,5798.885555,3.641504667,4.001522667,77.96428667,3.750000667,1.404423333,35.64032667,2.971278,6.458458667,33.22952667,2186.894455,26.71994667,3414.271111,22363.18889,15.79125333
2/23/2016,3.672866667,125.0208007,15.28598667,1.389497065,78.45444667,1.774058,0.376700667,6.8683,3.960892667,1.378362,0.991692667,695.9113327,6.528253333,3328.474425,24.5085,7.826774,21.32543333,0.907543373,0.713083009,7.768657333,279.3451333,13425.63333,68.57437333,128.9300673,120.9260667,112.1845333,101.8314,4024.064317,1230.987782,0.299819333,349.4678613,8124.563301,143.9790673,9.811843333,1235.805017,2024.333333,18.19856667,4.207192667,198.844666,8.600440667,1.506441612,0.384905333,3.525938667,47.62289333,3.970518667,5710.262222,3.641552,4.058370667,76.10344667,3.750156,1.407216667,35.71586667,2.943395333,6.485936,33.29787333,2186.776656,27.21816667,3408.902222,22364.58889,15.24493333
3/1/2016,3.672894667,126.8788,15.75898667,1.393651499,78.482394,1.798857333,0.376917333,6.8407,3.938598,1.34284,0.997556,692.051598,6.550133333,3251.79112,24.87306,7.833898,21.3364,0.92039776,0.716699828,7.771925333,284.8869333,13334,67.82164067,129.7627333,121.3448,113.9150667,101.6196,4005.21,1232.045562,0.300503333,348.5057913,8123.373399,144.4308,9.891698667,1238.081659,2029.222222,17.95341333,4.161602,199.2030007,8.655460667,1.507882141,0.38493,3.519966,47.26644667,3.986469333,5721.014453,3.641500667,4.108928667,73.64432667,3.749675333,1.401244,35.60382,2.940461333,6.505525333,33.09404,2189.392211,27.15319333,3343.971111,22327.7,15.64777333
3/8/2016,3.672877333,125.1760667,15.41941333,1.345213811,78.41619933,1.777691333,0.376668667,6.833666667,3.756664667,1.340108,0.995603333,682.2221347,6.507773333,3197.067754,24.5715,7.829704,21.35897333,0.908351239,0.703522576,7.765736,281.5747347,13149.02222,67.29218,128.5218667,120.9622,112.7704667,101.6157267,4008.880151,1207.093321,0.300545333,345.39106,8125.681602,144.836534,9.823859333,1225.121675,2038.333333,17.90883333,4.1144,198.9776673,8.553332667,1.483637798,0.384846667,3.460729333,46.91444667,3.929227333,5706.046667,3.641599333,4.055460667,72.58571333,3.749745333,1.383952,35.3692,2.913192,6.534166667,32.78072,2186.116677,26.21672667,3365.462222,22283.38889,15.41559333
3/15/2016,3.672852667,123.774,14.56859333,1.340441239,78.31798,1.760514667,0.376872,6.822458,3.74299,1.333899333,0.986736667,685.290198,6.51094,3170.271111,24.33315333,8.945825333,21.26984,0.900289357,0.706523947,7.760430667,279.4580007,13146.74444,67.33454733,126.4831333,121.685534,113.2527333,101.4463933,3988.926651,1191.12221,0.300956667,344.4861267,8107.623399,144.8518667,9.765286667,1211.053341,2043.777778,17.86502667,4.139888667,198.914934,8.535866667,1.51393104,0.384834,3.359663333,46.74371333,3.861082667,5728.483333,3.640974,4.024664,70.84181933,3.749315333,1.380505333,35.11646,2.895110667,6.550746667,32.80456667,2183.012201,26.74264,3355.718889,22288.22222,15.85511333
3/22/2016,3.673176667,122.8548,14.42976,1.312443253,78.3101,1.742718667,0.377046667,6.813427333,3.591852,1.304517333,0.972126,673.5304007,6.491793333,3043.524445,24.07546667,8.879013333,21.31298,0.891604822,0.703646639,7.753848667,277.2882647,13167.91111,66.71883333,125.414266,121.6528667,112.2340667,101.6376067,3995.923317,1157.199991,0.301273333,345.5300593,8107.908399,145.1135327,9.707685333,1209.88335,2044.888889,17.34795333,4.004935333,199.0640007,8.399231333,1.481405345,0.38487,3.403216667,46.28975333,3.791766667,5675.434492,3.641784667,3.980586,67.43810667,3.750392667,1.360049333,34.92907333,2.866350667,6.584380667,32.38391333,2185.470022,26.2008,3366.434445,22305.05556,15.2258
3/29/2016,3.672706667,123.3198667,14.61556,1.310467137,78.229746,1.734768,0.376968,6.807876667,3.645054667,1.309064667,0.967793333,680.1007333,6.501746667,3057.776667,23.99714,8.880983333,21.40050667,0.885806684,0.695170097,7.756142,277.8149993,13353.98889,66.43003267,124.8606,121.2825333,112.8263333,101.4328007,4012.018384,1160.439993,0.302142667,343.9147947,8119.163399,147.6466007,9.680316667,1208.313333,2045.444445,17.36022667,3.986820667,198.7505327,8.401766667,1.459198613,0.384942,3.368755333,46.35404667,3.765826667,5666.124445,3.641054667,3.959360667,68.21577333,3.750482,1.356724,35.32661333,2.842456,6.584127333,32.52492,2185.049989,26.30450667,3365.006667,22305.37778,15.2171
4/5/2016,3.67279,121.7937327,14.69255333,1.325630156,78.32202,1.718196,0.376970667,6.830961333,3.663766,1.312644667,0.956519333,673.2740633,6.479172667,3071.306656,23.74636,8.877858,21.47038,0.878532738,0.706306856,7.755976667,274.9917333,13211.33333,66.38880067,123.3834007,121.5439333,110.469466,101.3893333,4001.668317,1156.687777,0.301746,345.1251253,8110.375065,144.692934,9.624924667,1202.911659,2043.222222,17.64854667,3.923598667,199.0553993,8.330648,1.469943911,0.384948,3.362573333,46.29232,3.744321333,5564.747756,3.64107,3.921482,68.518546,3.749707333,1.354494667,35.27301333,2.830501333,6.56533,32.42756667,2185.746645,26.02348,3363.081111,22298.6,15.04395333
4/12/2016,3.672957333,121.4914673,14.47726667,1.301737635,78.36220667,1.717684667,0.376845333,6.817660667,3.498892,1.279317333,0.954904,673.9330673,6.467110667,3033.965538,23.72543333,8.880008667,21.45998667,0.87836862,0.700895852,7.754754667,273.283598,13107.42222,66.32463333,123.5969333,121.3556667,108.5059333,101.0732933,4024.304667,1144.692216,0.301366,335.9580613,8111.175065,145.1394667,9.620957333,1176.79,2013.666667,17.51336,3.867916,198.8870673,8.177368,1.445180902,0.384936,3.267876,46.08660667,3.765256,5582.798889,3.640892667,3.923312667,65.74334667,3.749485333,1.343689333,35.0113,2.835891333,6.571357333,32.35007333,2184.585577,25.45736,3344.876667,22279.85556,14.72202667
4/19/2016,3.672956667,121.8475993,14.15229333,1.280669269,78.30877333,1.723144667,0.377016667,6.878371333,3.533956667,1.270735333,0.962285333,660.8924693,6.463805333,2918.441105,23.80322667,8.879948667,21.50135333,0.880537919,0.694851487,7.755158667,272.9805327,13136.83333,66.25915333,123.5377993,121.5940667,109.1166,101.1654533,3996.251651,1134.141105,0.301596,337.8682593,8114.436732,145.6602667,9.639172,1178.596659,1981.111111,17.35416,3.869346,198.8572,8.141616667,1.419691707,0.384870667,3.251705333,46.10334,3.786894667,5549.266675,3.6415,3.945044,65.92821333,3.749891333,1.339256667,34.86096,2.833695333,6.590662,32.22228,2187.418878,25.41648,3333.073333,22293.47778,14.32450667
4/26/2016,3.672882667,122.045934,14.30528667,1.290829418,78.3709,1.732022,0.376878,6.890695333,3.531416,1.261500667,0.973734,669.1885293,6.496635333,2952.143333,23.93746667,8.878574667,21.53298,0.88510947,0.685974352,7.755645333,275.749268,13198.34444,66.482146,124.281,122.1035993,111.2779993,101.1657873,4011.777117,1148.564449,0.301973333,333.739458,8119.181732,146.169334,9.672764,1162.595017,1995.444445,17.39404,3.918722,198.8026673,8.166949333,1.449469188,0.384862667,3.28161,46.80754667,3.875556,5527.142201,3.640733333,3.96178,65.36628,3.749337333,1.351556667,35.12041333,2.824285333,6.615141333,32.33518,2200.166689,25.22948667,3338.437778,22276.44444,14.40267333
5/3/2016,3.672752,120.2492673,14.19491333,1.334922807,78.34223933,1.701668,0.376910667,6.893861333,3.545058667,1.269064,0.954372667,664.8405333,6.491200667,2901.010017,23.50775333,8.871044,21.50760667,0.869700485,0.687759726,7.761840667,271.2816653,13197.62222,66.53202667,121.6573333,122.5256007,106.696734,100.81516,4039.347217,1146.357777,0.300628,328.6407933,8131.678333,145.7595327,9.561587333,1163.601651,2011.444445,17.55336667,3.950646667,199.0563333,8.108588667,1.444563753,0.384824667,3.321066,46.95992667,3.822580667,5559.617778,3.640338667,3.905503333,66.05178067,3.749881333,1.350822667,34.97666667,2.841288667,6.629186,32.28700667,2183.755555,25.08948667,3318.912222,22258.56667,14.58186
5/10/2016,3.672768,121.5098007,14.22452667,1.357258181,78.43763333,1.719279333,0.376825333,6.869380667,3.480482667,1.291657333,0.975020667,677.5281327,6.523258667,2967.136665,23.74966,8.878831333,21.54361333,0.879335403,0.692291592,7.761805333,276.5023347,13292.57778,66.633786,122.7952667,122.8767993,109.0768667,100.6426927,4058.794351,1171.091121,0.301360667,331.9549267,8111.646732,145.8214673,9.627755333,1166.83,2014.666667,17.98798667,4.042909333,199.0263333,8.206858,1.47557191,0.384881333,3.331441333,46.7527,3.884926,5605.358889,3.639921333,3.944326,66.19944,3.75018,1.367824667,35.20951333,2.948020667,6.620493333,32.51526,2188.498889,25.18977333,3324.277778,22293.96667,15.09277333
5/17/2016,3.673053333,122.6199333,14.13959333,1.367309688,78.54061933,1.729092,0.376910667,6.871313333,3.501273333,1.291548667,0.979044667,688.5209993,6.532659333,3000.012201,23.88632,8.879946667,21.58794667,0.884103043,0.692396431,7.762757333,278.547866,13304.87778,66.87945333,123.482666,123.2166667,108.9857333,100.7582607,4055.940651,1176.349999,0.301734667,328.8884593,8100.580065,146.2326667,9.660372,1169.270008,2012.777778,18.24886,4.022793333,199.057334,8.188181333,1.470664572,0.384876,3.316673333,46.50745333,3.873446,5623.925555,3.640179333,3.96623,64.93567267,3.750265333,1.370136667,35.4858,2.966322,6.65287,32.61393333,2187.955567,25.33808,3333.448889,22302,15.53032
5/24/2016,3.672948,123.5502007,14.04068667,1.391300605,78.54008733,1.754213333,0.376893333,6.860584667,3.568904,1.312512,0.992723333,694.8002693,6.559047333,3061.252231,24.23470667,8.878231333,21.72459333,0.897604023,0.683777666,7.767978667,282.883934,13643.32222,67.61962667,125.136734,124.3752007,109.9448,100.7693673,4062.659217,1188.287777,0.302064667,336.3535947,8113.315065,146.7112,9.743610667,1174.31,1998.444445,18.46100667,4.109626667,199.0564007,8.348934667,1.48237019,0.384846,3.34263,46.73721333,3.968670667,5625.31,3.641089333,4.042768,66.23747933,3.749896,1.380940667,35.71748,2.951242,6.644862,32.66839333,2188.446645,25.12090667,3385.515555,22318.4,15.65328667
5/31/2016,3.672989333,124.0142667,13.96410667,1.382749065,78.60698067,1.757554667,0.376891333,6.87257,3.607246,1.308478667,0.993466667,690.354202,6.584165333,3084.871094,24.2683,8.873422,21.67156667,0.898388443,0.690345615,7.770618,281.814934,13649.02222,67.20840667,124.8573333,124.5164,110.75,100.784506,4077.305634,1189.872227,0.302234667,336.4696607,8123.011602,147.7029993,9.763342,1184.923341,1991.555555,18.47038667,4.12017,199.0355327,8.372446,1.477260907,0.384840667,3.371923333,46.75695333,3.940946667,5684.263333,3.640456,4.056028,66.61232,3.749958667,1.377944667,35.7566,2.949402,6.640973333,32.60570667,2190.173355,25.10076667,3362.795555,22394.67778,15.72058
6/7/2016,3.672891333,121.7588,13.833,1.341625286,78.47919933,1.722225333,0.377026,6.844726667,3.451921333,1.276992,0.96633,679.0463993,6.572888,2959.949983,23.78511333,8.88011,21.77075333,0.880599919,0.68779244,7.765951333,273.488198,13280.74444,66.71509333,122.6301333,124.5047327,107.2737333,101.0235133,4070.254984,1159.995557,0.301349333,333.6170593,8073.145065,145.7247327,9.63367,1186.803333,1984.777778,18.40342,4.059746667,198.672934,8.123936,1.434357656,0.384983333,3.30169,46.07876,3.835483333,5619.226675,3.640258667,3.968721333,64.76046,3.750458667,1.352738,35.23246667,2.897588,6.629751333,32.2037,2185.2311,24.93048,3351.522222,22312.17778,14.92750667
6/14/2016,3.672859333,122.7094667,13.74452,1.360250158,78.49278067,1.743654667,0.376928,6.862752667,3.474628,1.285716,0.963538667,687.6156693,6.597768,2995.916667,24.1168,8.877975333,21.71724667,0.892253028,0.708615456,7.760938667,279.7801333,13367.96667,67.25681333,123.6300673,125.1522673,106.085134,101.1561533,4081.675065,1174.23001,0.301400667,338.4291927,8101.565065,144.7632667,9.710558,1190.336667,1965.777778,18.89866,4.10111,198.9206,8.345339333,1.431524205,0.384874667,3.335582667,46.27104,3.947431333,5665.218889,3.640028,4.032648667,65.96005267,3.749715333,1.355626,35.2921,2.933843333,6.648986,32.40597333,2192.166677,24.93483333,3350.451111,22341.13333,15.29708667
6/21/2016,3.672777333,121.7784,13.93602667,1.341869928,78.56807933,1.737081333,0.376912667,6.867236,3.413688,1.281162667,0.961614667,678.3554013,6.592758667,2980.106653,24.02419333,8.875966667,21.74103333,0.888806572,0.682263635,7.759338,279.184066,13260.46667,67.58158667,122.948666,125.514266,104.6773333,101.0665533,4080.746267,1155.221115,0.301093333,337.7803933,8112.698269,146.007866,9.69292,1184.291659,1944.666667,18.62701333,4.035699333,231.1526327,8.304346,1.404117956,0.384785333,3.291539333,46.31822,3.904089333,5630.185577,3.639042667,4.030387333,63.88872,3.750069333,1.342955333,35.20416667,2.908901333,6.645944667,32.20969333,2193.066689,24.93290667,3354.897778,22306.88889,14.76007333
6/28/2016,3.67261,123.8624,15.00291333,1.353242508,78.45826,1.767361333,0.377270667,6.867680667,3.314181333,1.302770667,0.980401333,673.0783973,6.658958,2975.026645,24.51496667,8.835952667,21.82516667,0.903242188,0.748993729,7.758653333,286.3784673,13222.36667,67.80353333,124.3557327,125.6237333,102.5640673,101.1732927,4082.603251,1171.206655,0.302031333,339.1459953,8111.766732,147.6812667,9.816744667,1181.356675,1958.222222,18.84678667,4.070557333,282.0980007,8.481928667,1.417463976,0.384944667,3.300302,47.03684667,4.001912,5635.254483,3.641099333,4.092054,64.21942,3.749574,1.353787333,35.25038,2.908602667,6.656514,32.40485333,2189.349989,24.89514,3405.877778,22301.21111,15.19359333
7/5/2016,3.672870667,122.9924673,14.91062,1.341230683,78.445646,1.763537333,0.377225333,6.875274,3.294321333,1.297201333,0.976374,662.4275367,6.680096667,2967.178889,24.41392,8.88035,21.85246667,0.903378179,0.768278723,7.758330667,285.7309987,13119.35556,67.39754,122.8300007,126.6652667,101.8023333,101.0516133,4066.166667,1154.942227,0.301518667,337.7837993,8089.761667,146.5392007,9.801651333,1168.45,1990.888889,18.76332667,4.021825333,282.142,8.394788667,1.39929543,0.384929333,3.285462667,47.00221333,4.004942667,5632.943333,3.640881333,4.080462,64.28558,3.750904,1.350621333,35.14394667,2.924321333,6.657379333,32.29537333,2189.059978,24.90677333,3391.222222,22303.54444,14.71733333
7/12/2016,3.67296,123.407666,14.58176667,1.312054586,78.38240733,1.767825333,0.37736,6.858006667,3.296270667,1.304378,0.988102,660.3106013,6.694072667,2925.907799,24.43902667,8.865863333,21.84842667,0.904001483,0.754827645,7.757752,283.6452653,13114.15556,67.03111333,122.4846667,126.4864,104.3420007,101.25258,4075.0166,1145.896677,0.301945333,338.4502653,8075.673333,146.1007993,9.796238,1175.96,2011,18.35429333,3.966435333,283.306668,8.444950667,1.37059264,0.384828667,3.282384667,47.21580667,3.976667333,5602.662244,3.641545333,4.059864,63.84438,3.750487333,1.346692,35.19609333,2.888517333,6.666301333,32.16224,2188.693333,24.85796,3373.808889,22292.92222,14.3558
7/19/2016,3.672516667,123.6576553,15.05754867,1.331959526,78.46235067,1.773550667,0.377389,6.867566,3.251659,1.301822,0.985571,651.9491413,6.699494333,2930.395556,24.51593367,8.879208333,21.92317967,0.90762056,0.762833169,7.755226333,285.8458633,13089.12222,67.17780567,121.9766657,126.372566,106.1233663,101.4787657,4046.087038,1139.319332,0.302256333,339.050211,8086.339114,145.564343,9.834031333,1182.805057,2021.111187,18.48677367,4.003390667,291.8567723,8.506654667,1.418605522,0.384814,3.292403667,46.916867,3.975221333,5568.835894,3.640791,4.054139667,63.50010367,3.749679667,1.353067667,35.01462933,3.038254,6.675667333,32.01230367,2187.00329,24.83394633,3361.293352,22283,14.32680733
7/26/2016,3.672935333,123.8516677,14.937582,1.331385778,78.38779733,1.779715667,0.377099667,6.875308,3.274346,1.317848333,0.991684333,660.0195707,6.674079333,3050.199444,24.59193033,8.880230667,21.88511633,0.910051803,0.760948893,7.756697333,284.734763,13162.44444,67.326237,121.3956703,126.316367,104.8779007,101.234299,4065.919341,1136.38933,0.302133,353.3775293,8085.239995,145.560999,9.853112667,1188.643276,2044.055511,18.74945633,4.061717,310.334544,8.570622667,1.415876183,0.384785667,3.359720333,47.17233833,3.969637,5584.848831,3.641322333,4.061213667,65.83680267,3.750183333,1.358254333,34.97109367,3.042519,6.684312333,32.099864,2183.842697,24.794887,3375.891651,22293.22222,14.34366067
8/2/2016,3.672696667,122.3980973,14.85586033,1.315246048,78.253721,1.745240333,0.376770667,6.869546333,3.257322,1.310378667,0.964702667,655.569696,6.628432333,3099.61,24.09206633,8.872416667,21.86408967,0.891071532,0.749329409,7.76028,277.2542617,13090.92778,66.695577,118.520001,126.1298183,101.097733,101.3451343,4057.125734,1108.476095,0.301746667,353.6166373,8082.623458,145.7116653,9.728651333,1183.640002,2070.611091,18.92030067,4.041599667,315.2017867,8.433420667,1.384870011,0.384569333,3.341590667,47.01186733,3.855913,5546.735016,3.641476,3.966824333,66.665701,3.750068,1.339861333,34.762719,2.991245,6.682630333,31.65101967,2183.186602,24.793947,3377.484926,22271.77778,13.986873
8/9/2016,3.672706333,122.128534,14.768435,1.304266668,78.329263,1.762136333,0.377025667,6.880683,3.147107333,1.311964667,0.981249,652.6479047,6.656695,2991.463333,24.306563,8.879285333,21.877575,0.899475084,0.76904959,7.756525333,279.3421663,13127.61111,66.77216467,119.4295993,126.3355327,101.9413323,101.4229573,4070.835848,1102.943255,0.301658,346.2446643,8090.658371,145.2659643,9.784306333,1184.219092,2121.750164,18.44994033,4.028705667,319.9663577,8.411516333,1.39571841,0.384812,3.313299667,46.853767,3.834064,5526.276785,3.641322,4.010080333,64.66442933,3.750010667,1.344216,34.88802033,2.968838333,6.676925667,31.37815367,2184.733782,24.79456633,3367.518229,22298.58889,13.43381267
8/16/2016,3.672743333,120.486001,14.657647,1.299153688,78.326018,1.734219333,0.376994667,6.885416,3.200761,1.286643,0.962532333,651.163858,6.626931667,2899.090556,23.974811,8.870868667,21.90297033,0.886779102,0.767161334,7.75411,274.638335,13094.17778,66.84426367,117.0731993,126.6481347,100.3250337,101.4225473,4065.911688,1095.0478,0.301429,343.8714023,8081.41664,145.002669,9.697871333,1189.416584,2205.222198,18.06537367,3.985082667,317.490803,8.195135,1.373463554,0.384869667,3.305714,46.22652033,3.791010667,5514.791663,3.640337333,3.953642667,63.86249033,3.750008,1.339932,34.61259933,2.930021667,6.685384333,31.257358,2182.03762,24.911913,3362.034419,22277.02222,13.41366633
8/23/2016,3.672723333,120.6483337,14.82196367,1.313176879,78.303076,1.727897333,0.376892333,6.884118333,3.23332,1.291649,0.963358667,671.565096,6.645949667,2911.86,23.900627,8.872635,21.965731,0.884624624,0.757979546,7.752959,274.065503,13218.08333,67.112144,116.4365337,126.5992303,100.296032,101.3068877,4062.203445,1117.99368,0.301159667,339.8489287,8089.310076,145.23645,9.660333667,1199.034278,2248.333266,18.52745367,4.025994,329.8142443,8.213611333,1.373277038,0.384835667,3.349443333,46.42059933,3.811058,5515.284467,3.640565667,3.941784,64.50461233,3.749839667,1.351377333,34.62211033,2.948551667,6.682229,31.80918567,2183.576731,25.337666,3363.555632,22286.27778,13.91172333
8/30/2016,3.672644,123.001666,15.036305,1.330433084,78.35281633,1.753022333,0.376767333,6.884305667,3.240510667,1.308700667,0.983064667,673.6042107,6.683465333,2937.948333,24.233237,8.836459667,21.98270333,0.897044832,0.76427085,7.757249333,277.4969707,13271.6,67.131444,116.924666,126.982834,102.866966,101.25518,4069.262876,1119.735011,0.301819333,339.0843287,8082.043499,145.571549,9.754396667,1205.775118,2231.222116,18.790207,4.051652333,307.6693027,8.337761333,1.383171764,0.384708667,3.374593667,46.47849033,3.907839,5518.766647,3.641047,3.995169,65.262653,3.750241333,1.363610667,34.59501533,2.962074333,6.688786,31.73170933,2184.138405,25.70415367,3367.881169,22269.84444,14.475744
9/6/2016,3.672704,122.4369347,14.99425167,1.301189292,78.23612733,1.742528,0.376823667,6.870328,3.200793,1.28525,0.970389333,663.5524627,6.673390667,2874.407222,24.022353,8.870588667,21.95986533,0.888658964,0.744831246,7.755181333,275.2353657,13126.52778,66.29789067,115.2944993,126.6926347,101.872433,101.227457,4079.605011,1096.868344,0.30175,339.8973153,8098.747399,145.2129643,9.699701667,1215.121741,2204.333415,18.29053633,4.067193,309.9416967,8.180388333,1.348377222,0.384825333,3.377085333,46.52273433,3.853336333,5534.39773,3.641140333,3.954776333,64.50103067,3.749896,1.346824667,34.59622933,2.923882333,6.674412,31.17579967,2180.61672,26.79022633,3376.626721,22296.71667,14.01504
9/13/2016,3.672863667,122.2856003,14.97344067,1.339320097,78.31174067,1.741440667,0.376904667,6.882149333,3.311587,1.315809667,0.976478667,674.979664,6.682532,2969.798889,24.07367,8.869085,21.95944433,0.891350989,0.758014239,7.758181,276.181666,13169.36667,67.09375133,114.6297627,126.9860347,102.4830337,101.1116007,4084.733284,1124.369323,0.301309333,337.694378,8098.773149,145.0475347,9.660840667,1216.375758,2231.166612,19.08855367,4.124409,311.0542213,8.275325333,1.379441041,0.384860667,3.400343,47.71883267,3.879094333,5539.801733,3.640826,3.959651333,65.33504933,3.749922,1.366136,34.93809967,2.982528333,6.6877,31.791486,2180.012824,26.249987,3379.459386,22298.31111,14.41651433
9/20/2016,3.672671667,122.520348,15.14633667,1.323047187,78.36197133,1.751708333,0.376910667,6.877342667,3.258139667,1.318463333,0.979208333,671.871638,6.674800333,2915.394444,24.225327,8.871580667,22.02922533,0.896584381,0.770039828,7.756948333,276.8288607,13148.47222,66.98544267,115.0105347,127.2493327,101.641433,101.2307987,4061.600156,1117.799978,0.301645667,339.6015423,8091.57503,145.4537987,9.737026,1250.783365,2238.206548,19.81092633,4.135903667,308.032112,8.302087333,1.366550627,0.384871,3.387139667,47.78461733,3.856039333,5549.083256,3.641277,3.989408333,64.71650067,3.750486,1.361581,34.755924,2.977064333,6.679755333,31.34735767,2177.638314,25.90828233,3375.810974,22312.46667,13.92047633
9/27/2016,3.672718667,122.0140547,15.24048567,1.303952753,78.47818533,1.743191667,0.376821,6.887048,3.234348667,1.319917667,0.970527333,662.030196,6.673384667,2896.938333,24.08523633,8.870911333,22.04277267,0.891473664,0.768246385,7.754969,273.961103,12962.2,66.47233067,114.048866,127.331807,100.4227343,101.2189887,4073.627187,1097.659451,0.301378,336.6592643,8097.775915,146.0430153,9.698928667,1247.746668,2261.771224,19.41526333,4.127590667,310.5488457,8.112107,1.370282141,0.384874,3.363373667,48.30272367,3.816951,5559.258255,3.641137,3.962589333,63.70775367,3.750818667,1.359480667,34.59732867,2.974565,6.686492333,31.39971533,2178.372108,25.79642733,3385.305578,22299.31667,13.464284
10/4/2016,3.672725333,122.531668,15.17816,1.313473734,78.324515,1.748037,0.376817333,6.870250333,3.256522667,1.318869333,0.978016667,663.041134,6.677269333,2960.498333,24.09809533,8.870843333,22.04380767,0.892182578,0.785567622,7.755967,274.147102,12978.73333,66.537824,113.8996127,127.3122377,102.791332,101.173342,4063.088275,1110.53435,0.301490667,333.8861995,8093.731,146.2783007,9.713531,1267.688307,2280.947783,19.318543,4.138283,306.7793583,8.006324,1.390428131,0.384879333,3.390995667,48.29619867,3.840498667,5556.65111,3.641041,3.972704333,62.69659067,3.750977,1.370621667,34.763578,3.054600667,6.668073333,31.40716967,2176.661705,25.792263,3389.978946,22296.21111,13.817669
10/11/2016,3.672757333,123.2643347,15.17484767,1.324018004,78.36875067,1.766151667,0.376945,6.884038,3.197444667,1.324015,0.987402,667.0782913,6.720936333,2922.942222,24.41311367,8.871214667,22.041266,0.904159916,0.818188262,7.758379,275.44323,13008.02222,66.76483633,114.3680013,127.356134,103.3909323,101.2168987,4050.531778,1122.765566,0.301988,330.8232003,8097.030868,146.9066693,9.785732333,1249.404218,2262.885527,18.89301367,4.180441,306.3898507,8.170405333,1.413942183,0.384874667,3.397360333,48.65598367,3.869766667,5559.584915,3.641510667,4.050715667,62.63400267,3.750399667,1.377719667,35.40792933,3.080933,6.677883667,31.59604067,2178.572147,25.817163,3413.369955,22291.88889,14.31476467
10/18/2016,3.672847,124.0951327,15.187886,1.30386742,78.471973,1.780312,0.376930333,6.878601,3.187514,1.310985333,0.989670333,667.9866007,6.740574333,2905.895556,24.603047,8.87162,22.11201833,0.910771912,0.81304687,7.758958333,279.197895,13033.15,66.728454,114.1175833,127.984132,103.8562007,101.2394787,4049.833419,1126.631133,0.302419667,332.227738,8136.917451,146.9923987,9.833722333,1269.655933,2310.732151,18.62814667,4.203288667,307.2284333,8.158267333,1.388918714,0.384871667,3.390107,48.17058033,3.928804333,5580.164453,3.641160333,4.09961,62.69462933,3.750126667,1.385874333,35.03129033,3.094629333,6.672422667,31.60866967,2179.460983,25.64404233,3458.86892,22304.27778,13.907437
10/25/2016,3.672583333,124.9488013,15.17616667,1.307527825,78.368003,1.797328333,0.376884667,6.876116,3.113739,1.335155,0.994319333,653.5717913,6.776482667,2932.28329,24.81159367,8.871449333,22.13952033,0.918469687,0.82096294,7.756373333,283.537657,13006.25556,66.800016,114.315566,128.8895987,104.1577337,101.3601053,4039.469978,1130.274434,0.303219667,330.180931,8121.674877,147.3138013,9.912570667,1287.357618,2333.042299,18.52731967,4.156208,307.9950933,8.281006,1.39550301,0.384827667,3.357766667,48.177195,3.965079333,5677.708914,3.640792333,4.124266333,62.126403,3.749839667,1.389301333,34.89907633,3.071153333,6.677014333,31.54137367,2181.119977,25.629887,3447.439428,22318.15556,13.76434633
11/1/2016,3.672829,123.455334,15.09616667,1.307070146,78.42783467,1.771830667,0.376888,6.87851,3.233359333,1.339014,0.976026333,650.6966713,6.770081333,3023.621068,24.45064967,8.871160667,22.17425367,0.904411916,0.816982574,7.754922667,278.7285307,13039.69444,66.70758367,111.817332,129.0563353,104.14038,101.426434,4040.236665,1142.231089,0.302897,335.975816,8145.486687,147.695972,9.823519,1288.083352,2372.749948,19.16636633,4.182111667,306.8454883,8.218382,1.388876605,0.384885333,3.362561,48.313777,3.894485,5698.844403,3.640720667,4.069458667,63.29568933,3.750287667,1.388791,35.01383667,3.112061333,6.688862667,31.548807,2180.055601,25.568174,3463.763904,22310.58889,13.60282467
11/8/2016,3.672641667,123.4542007,14.99032267,1.290218917,78.58308433,1.772908333,0.376863333,6.881191667,3.171646667,1.329923333,0.978731667,647.8934287,6.788427333,2967.704444,24.50904967,17.80262433,22.175044,0.907498016,0.80783441,7.754384667,276.7451983,13058.95556,66.304164,110.977866,128.726769,105.0190333,101.590266,4027.430657,1131.009463,0.302711667,340.2432023,8134.667391,147.762532,9.837833333,1287.610815,2413.953486,18.32709967,4.188417,307.4036023,8.229446333,1.356010508,0.384913333,3.364627667,48.52557267,3.926135,5729.164965,3.641255333,4.087184,63.84637367,3.750295667,1.387265333,34.932506,3.159145667,6.704113333,31.40560633,2178.186794,25.568083,3499.367733,22335.61111,13.226257
11/15/2016,3.67272,126.5027887,15.46638433,1.324059187,78.78890633,1.820337,0.376949,6.883130333,3.438801,1.346103667,1.001179333,671.100206,6.860955667,3119.668333,25.20259267,15.258657,22.275217,0.93254594,0.803206451,7.757426333,288.7074293,13365.33333,67.75681133,112.6590327,129.0129313,109.009999,101.687832,4011.678226,1167.674994,0.304152,343.9462953,8165.962515,147.7943353,9.975076667,1294.658267,2426.922244,20.32291033,4.338950333,307.282889,8.434376,1.409713521,0.384747667,3.419551,49.16274567,4.10712,5751.283843,3.640645667,4.203537667,64.265654,3.750055333,1.414166333,35.42855933,3.287123333,6.708849,31.82667033,2177.200614,26.13590633,3551.364486,22340.93889,14.18690567
11/22/2016,3.672694667,127.447834,15.40893833,1.35050092,79.00365467,1.841192333,0.376695333,6.881824667,3.355386,1.343755667,1.010805333,676.8041783,6.896754333,3145.986111,25.42698633,17.46343533,22.25406033,0.940703687,0.805017115,7.755634667,290.1618387,13439.37222,68.390066,112.951632,128.749377,111.034367,101.800568,4009.489912,1173.676673,0.304422,335.671031,8170.199906,148.0966697,10.05389033,1308.252597,2432.519009,20.59373967,4.418829,311.5932777,8.521123,1.41533575,0.384820667,3.41357,49.841083,4.155766667,5784.415512,3.640879667,4.241670333,63.643924,3.750485667,1.423421333,35.48770067,3.381793667,6.693809667,31.84093367,2176.628899,25.64783967,3603.736846,22520.64444,14.08508167
11/29/2016,3.672739667,127.5218007,15.613182,1.335984141,79.216238,1.842238,0.376619,6.872580333,3.427846667,1.343362667,1.011536,672.6884047,6.901927667,3162.480556,25.411316,17.93369367,22.28539167,0.939068236,0.800628913,7.756153,292.5498273,13561.54444,68.605806,112.0935327,128.7690023,112.422133,101.747639,3997.539985,1167.969802,0.304963667,340.2524357,8157.755932,148.7592643,10.05196467,1312.672474,2456.316705,20.61255867,4.465544333,311.068301,8.530373,1.402246283,0.384684667,3.415160667,49.770773,4.162822333,5820.565421,3.641364333,4.235819667,65.078454,3.750399667,1.424728,35.65068067,3.410141667,6.71142,31.826608,2175.357696,25.56155667,3626.400065,22662.43889,13.87279233
12/6/2016,3.67272,126.3131697,15.91603167,1.339272858,79.52636567,1.824561667,0.376676333,6.885008,3.411158,1.327786,1.010139333,659.3359047,6.888606333,3009.697778,25.22768033,17.756817,22.28236967,0.93278265,0.789112545,7.755271333,291.7750363,13387.1,67.76020667,110.411534,128.951931,114.004266,101.8876327,4024.011666,1170.986652,0.304700667,335.3606023,8189.274928,148.7348553,10.017873,1319.125815,2464.753449,20.406176,4.425813,311.6265963,8.401255,1.404112671,0.384842333,3.415807,49.576893,4.162988667,5833.898295,3.641194,4.195271,63.808267,3.749963,1.420483333,35.614707,3.451857667,6.718437,31.940907,2175.330657,26.075533,3623.401698,22722.78889,13.65119767
12/13/2016,3.672711667,127.386668,15.96862367,1.334109661,79.26450267,1.842305333,0.376485,6.869758333,3.337158667,1.313256667,1.012258667,650.7919,6.906888,2972.855556,25.425344,18.17752733,22.36751633,0.941012157,0.789924022,7.755586333,295.5052643,13310.31111,67.405264,111.4016327,128.639666,115.208822,101.963466,4023.183358,1164.248879,0.30509,331.310836,8172.527403,148.7374693,10.066287,1329.692647,2464.849861,20.27408933,4.432338667,311.7701947,8.429215333,1.388514672,0.384801,3.394831667,49.81282433,4.165875,5812.926832,3.641258667,4.241013,60.60601067,3.750282,1.424497,35.57021433,3.488737,6.722001333,31.78443933,2175.609008,26.119887,3576.413267,22656.02222,13.60614467
12/20/2016,3.672498667,129.3428493,15.85883367,1.37631774,78.59191,1.883897333,0.376401,6.873903333,3.354100667,1.336994,1.02876,676.463893,6.945132667,2998.166667,25.99669467,19.62433367,22.26392767,0.962505433,0.808752777,7.765251,299.1626647,13422.31667,67.90166567,113.9183337,128.550138,117.8490013,102.179857,4026.013856,1191.566657,0.306079,335.1044837,8143.818354,148.897633,10.16443267,1375.391771,2480.721131,20.45064033,4.478501,311.2723507,8.705371667,1.444649919,0.384794667,3.400506,49.97583567,4.243181667,5793.709009,3.640983667,4.345804333,61.38084633,3.750301333,1.444721667,35.98652967,3.522964333,6.704523,31.99758867,2173.215283,26.39406133,3564.200115,22753.6,13.95775167
12/27/2016,3.672599667,128.4227423,15.53382767,1.391385553,78.940335,1.870827333,0.376364333,6.878024667,3.270128667,1.3575,1.027564,673.4960953,6.952805,2994.2,25.83068567,18.88949967,22.32273433,0.956049051,0.814775308,7.759451,294.7953337,13442.76111,67.96966767,113.3344417,128.410135,117.4601673,102.2798173,4013.953856,1206.729982,0.305977333,333.72944,8143.93502,149.0264307,10.16232567,1371.169948,2482.56768,20.75638933,4.476843333,311.0584587,8.701043333,1.450510744,0.384856,3.376172667,49.76946767,4.204297,5772.32586,3.641067333,4.332500667,60.65256567,3.751533667,1.449151333,36.00336933,3.521729667,6.697893333,32.265522,2173.206813,26.60662433,3572.73324,22760.5,13.924933
1/3/2017,3.672598,127.949553,15.93615633,1.38352188,79.05811,1.880565,0.376539667,6.880746333,3.2647,1.34232,1.026419667,673.934722,6.958834667,2985.650033,25.94167167,18.04133367,22.39646733,0.96022326,0.816871252,7.756282,296.9883797,13482.86667,68.26713233,114.0618213,128.575136,117.675668,102.685019,4017.313856,1206.070005,0.306227667,333.172793,8147.53502,149.7479767,10.19226667,1350.850017,2485.103416,21.117952,4.490771333,310.4149157,8.644902333,1.445092533,0.384826,3.387013667,49.77293367,4.212423,5781.44231,3.640893667,4.341545667,60.97391167,3.750317,1.449046667,35.90666633,3.592155333,6.704058,32.255666,2177.540149,27.02020133,3616.562512,22748.3,13.80856
1/10/2017,3.672732667,128.8802073,15.83602833,1.358085547,79.091258,1.852369667,0.376545,6.877959667,3.195735333,1.323965667,1.016651667,670.2239633,6.916398667,2945.263333,25.60296567,18.67259767,22.43643433,0.947551613,0.821425926,7.754492333,292.829667,13313.3,68.31960067,115.1033257,128.4581243,115.826179,103.6816677,4019.699761,1200.726678,0.305576333,333.198842,8157.740118,149.7722417,10.10578267,1354.716748,2491.19447,21.806142,4.473496,311.170987,8.602615,1.431492871,0.384825,3.384322,49.55362667,4.140446,5775.384043,3.640732333,4.259165667,60.08829333,3.749682333,1.436614333,35.546667,3.794717333,6.686274667,31.937667,2204.77817,27.131027,3623.182647,22574.99444,13.73385633
1/17/2017,3.672804,127.0961873,15.89398467,1.323500451,79.176501,1.827472,0.376525,6.883165333,3.211299667,1.305524667,1.002315,655.994914,6.836816333,2939.11325,25.243218,18.666236,22.478197,0.934333162,0.806600008,7.755623333,287.007776,13345.73333,67.88666733,112.5999993,128.5887853,112.808768,103.8833417,4014.066505,1160.146676,0.304999,331.7898133,8161.339997,149.724684,10.002142,1350.724581,2489.633876,21.50832233,4.460815333,312.066663,8.455236667,1.387571231,0.384842,3.344633667,49.82034367,4.075387333,5762.634047,3.64045,4.202940667,59.35782267,3.749467333,1.417242333,35.27666633,3.759540333,6.703871,31.39033367,2228.011729,27.57561567,3612.027706,22568.32222,13.458252
1/24/2017,3.672703333,127.4066673,15.91501133,1.317956132,79.39878267,1.820148,0.376731667,6.882663,3.169828,1.315573,1.000943333,652.233432,6.845466,2926.099967,25.177033,18.89616633,22.606121,0.931955483,0.798225348,7.756881333,289.2433367,13332.21667,68.155367,114.845902,128.656455,113.827999,103.7892443,4017.553871,1168.596662,0.304967667,328.744441,8193.606781,149.9948873,9.984121,1357.0334,2478.541034,21.52386667,4.433828333,312.5632793,8.351706667,1.37918975,0.38494,3.280567667,49.808333,4.070550333,5756.400643,3.641049667,4.193870667,59.13973367,3.750049667,1.421131333,35.23547,3.782566667,6.702457667,31.373167,2241.862241,27.222255,3588.22332,22559.19444,13.380304
1/31/2017,3.672459667,126.661112,15.897333,1.319263428,79.42136867,1.813967667,0.376711,6.873929667,3.151030667,1.303535333,0.989110333,648.2666707,6.860716333,2909.353189,25.008404,18.70900033,22.473985,0.925834265,0.79460139,7.757796333,286.845003,13348.02222,67.49689933,115.259999,128.5809767,112.7499003,103.675286,4034.961188,1149.903346,0.304847333,322.8828457,8128.543554,149.9972417,9.973201,1349.782964,2445.145525,20.82377267,4.428573,307.7422637,8.243373,1.370344008,0.384900333,3.271808667,49.75129067,4.001719,5778.184009,3.640966667,4.163034333,60.14476633,3.749565667,1.409665,35.09500067,3.772182667,6.704239333,31.27757167,2227.570042,27.038851,3576.233306,22588.60556,13.46955967
2/7/2017,3.672732667,127.3083347,15.667008,1.311877143,79.55403567,1.830919,0.376490667,6.887419333,3.120223667,1.318810667,0.997455,646.4900067,6.867230333,2850,25.29656867,18.28983367,22.491946,0.936306863,0.799908837,7.758533333,289.1803347,13324.55,67.33696733,113.571667,128.4252597,112.378916,103.5833323,4040.111095,1142.330016,0.304865333,323.419647,8124.940263,150.3765537,10.04086667,1367.019932,2465.350938,20.61478533,4.434986667,314.543421,8.322180667,1.369983231,0.384836,3.291499333,49.763623,4.031657667,5754.91731,3.641116667,4.197897,59.40820067,3.749532333,1.417820333,35.02718967,3.741008,6.700668667,31.03703267,2228.645043,26.97512667,3578.366644,22589.34444,13.442319
2/14/2017,3.672805333,127.7520377,15.460483,1.304360343,79.97345533,1.843779333,0.37644,6.884806,3.084298667,1.307926667,1.006047333,641.053335,6.862836,2878.786587,25.53507967,16.46650033,22.65991167,0.94532189,0.802004864,7.759402667,291.1111683,13326.88333,66.80169933,112.4094923,128.3362947,114.2814337,103.579999,4035.305346,1138.12333,0.305216667,322.3138093,8205.066602,150.6390407,10.10087667,1368.770097,2472.171234,20.26686567,4.448653667,311.828122,8.398273333,1.39448155,0.384764333,3.258968,49.904667,4.067866,5750.79244,3.641128667,4.256175667,56.98806433,3.750383,1.420099667,35.00877867,3.651056333,6.699547667,30.74900033,2230.545035,27.17461133,3583.690123,22733.67222,13.09188267
2/21/2017,3.672838333,127.8070383,15.589155,1.302654127,80.11889967,1.855657333,0.376537,6.888488333,3.095067333,1.314378333,1.009108,635.940149,6.875814667,2896.776683,25.62696667,15.71839967,22.611861,0.948706965,0.801173341,7.761006333,291.8513223,13368.22778,66.96176567,110.332962,128.407756,113.6724347,103.431666,4027.711045,1141.606654,0.305294667,317.322577,8133.206773,151.7728443,10.11456633,1371.169231,2472.064492,20.00326967,4.456807,312.3927323,8.35012,1.395984337,0.384858333,3.243183,50.26283267,4.075338333,5637.651357,3.640970667,4.279894,57.373433,3.749948667,1.420287667,35.02190533,3.623482333,6.707623,30.784833,2227.928282,27.038974,3583.53338,22830.18889,13.149016
2/28/2017,3.672241333,127.4249993,15.471329,1.307844505,79.61181533,1.847020667,0.376713,6.890247333,3.1088,1.330860667,1.006301333,650.210004,6.862984333,2919.749984,25.56379467,15.76403,22.61651633,0.945923826,0.807862481,7.762254333,291.508337,13333.72778,66.70146767,106.610222,127.9485917,112.976833,102.7850007,3987.333189,1136.83002,0.305183,312.9149723,8195.099905,151.7684743,10.09513433,1365.878376,2469.326766,20.11692667,4.438662667,311.9920577,8.396604667,1.393212528,0.384749667,3.263333,50.247961,4.073023,5543.25135,3.641028333,4.275926,58.32523367,3.749267,1.406395,34.93342033,3.645069333,6.702161,30.644062,2228.428325,27.18387967,3582.783339,22756.18889,13.131957
3/7/2017,3.672330667,127.645001,15.54315733,1.317301467,80.12981667,1.849593667,0.376643333,6.892269667,3.119234333,1.341171667,1.013084,658.4411053,6.898591333,2951.70665,25.56696633,17.449678,22.66504967,0.946176178,0.819518774,7.764338333,293.3286617,13345.08156,66.61859933,108.8900007,128.296923,113.933167,102.4833327,3994.336785,1149.656678,0.305450333,315.2326137,8134.806773,151.2066687,10.101164,1353.149637,2463.775478,19.48421733,4.445662,311.6224947,8.451403333,1.437190699,0.384767333,3.282845,50.30131033,4.072389,5407.909423,3.641118667,4.294577,58.16204467,3.749582,1.41058,35.100903,3.678750667,6.708515,30.85000033,2229.578376,26.95810033,3599.011115,22793.36008,12.96994333
3/14/2017,3.672804333,126.9899323,15.539006,1.322145117,80.272791,1.841941,0.376732667,6.895546667,3.165727333,1.347305,1.009607333,669.1166587,6.90944,2992.309984,25.45928367,18.03316633,22.61145367,0.942551087,0.82267727,7.767632333,293.231665,13367.95104,65.76473433,110.9966657,128.5212853,114.6818323,102.6183323,4028.934492,1148.639987,0.305518333,318.4299277,8166.053312,151.6625413,10.08028767,1370.373385,2450.212669,19.65646633,4.448653667,311.3294887,8.611629333,1.444016487,0.384779667,3.2783,50.31866633,4.068696333,5442.704487,3.641204,4.280559333,59.18319967,3.749366333,1.415043333,35.29449967,3.740456333,6.721842,30.956336,2229.928471,26.902693,3602.027776,22787.10178,13.14718433
3/21/2017,3.672703667,125.125374,15.611001,1.302300803,80.160798,1.809707667,0.376729,6.893954333,3.088,1.335622333,0.993451,658.9566707,6.879666,2914.023317,24.98913167,18.12436433,22.69284967,0.924925188,0.801257571,7.765602667,285.240005,13316.89769,65.43166767,109.283211,128.5787297,111.5926593,102.9833327,3981.21665,1122.72334,0.304714333,315.487613,8132.606912,151.7014317,9.965036333,1370.086679,2450.300264,19.10413867,4.422264667,309.3894063,8.469194333,1.420174849,0.384834667,3.244974333,50.209235,3.955757333,5528.186699,3.641000667,4.215702667,57.60000067,3.750001,1.400132667,34.737334,3.632746333,6.713843667,30.46399967,2229.161619,26.86402233,3600.436001,22772.89472,12.68002767
3/28/2017,3.672531333,125.053525,15.549995,1.307849626,80.322704,1.806526333,0.376584333,6.892048,3.13947,1.33792,0.992213667,665.1145467,6.876599667,2905.350016,24.98063433,18.155172,22.77929967,0.924573087,0.804625967,7.768247,286.2983363,13309.69175,65.06333233,110.6599993,128.3587923,111.191067,102.8801517,3973.455519,1115.666663,0.304266333,315.5848717,8169.709337,151.9032537,9.96178,1366.373418,2447.409304,18.99871667,4.413495333,312.2199357,8.521181667,1.42661988,0.384823667,3.237267,50.16988167,3.920619,5657.292342,3.641168,4.207074,56.99029933,3.749902,1.397362333,34.451667,3.657205333,6.724189667,30.20616633,2225.439989,27.14214533,3606.327658,22761.59866,12.98658367
4/4/2017,3.672599333,127.0576417,15.35467333,1.32161321,80.16786867,1.833849,0.376588,6.888789667,3.095201,1.340122667,1.001779667,659.6843953,6.882401667,2862.533317,25.31628267,18.02757333,22.72746233,0.936574495,0.803921715,7.770796667,290.023331,13326.26993,65.076549,111.6566673,128.2750017,110.806499,103.0833323,3982.547385,1124.250003,0.304666333,312.5302423,8138.136773,151.5130737,10.04278067,1350.066423,2432.013932,18.81473367,4.43062,314.0858497,8.590242333,1.433728139,0.38471,3.246803,50.16734367,3.978893,5716.984709,3.640892667,4.253542333,56.023333,3.750117333,1.398206667,34.43995467,3.677564333,6.693206667,30.470665,2226.211713,27.09287267,3614.318739,22697.42107,13.612672
4/11/2017,3.672969667,127.8167257,15.24884333,1.333296941,80.61437,1.844002667,0.376868667,6.906354333,3.137534333,1.332803667,1.007039,651.6463973,6.894493333,3025.323611,25.12040033,18.07643933,22.88858667,0.942699087,0.800660579,7.77063,294.0863823,13288.85842,64.647131,111.7467557,128.5112807,109.68437,103.450009,2798.911312,1133.787037,0.305217333,311.4739277,8176.765993,152.066356,10.085201,1356.766809,2410.558487,18.76996467,4.432702333,314.32782,8.595341667,1.437508507,0.384860667,3.251027667,49.60033367,4.004519333,5313.309553,3.640083667,4.252634,57.00866767,3.750178,1.403184333,34.53889733,3.696204333,6.7469,30.63762367,2231.466059,26.89615667,3618.660464,22661.57676,13.798604
4/18/2017,3.672867333,125.737617,15.27149367,1.322666441,81.48961467,1.825269333,0.376863333,6.872533667,3.107409667,1.337960667,0.996292,648.4566587,6.878333,2840.166667,24.968433,18.10213533,22.74298633,0.93191759,0.778727632,7.773176667,292.2310017,13286.04511,64.58333433,109.9689467,128.3928263,108.4938879,103.3333343,3980.819523,1141.850018,0.304768,311.2618437,8176.689461,151.5382093,10.01402,1354.132973,2404.643604,18.58956633,4.409823,311.1465857,8.510112667,1.419515935,0.384804,3.248650667,49.654814,3.943600667,5494.717791,3.641007333,4.215836333,56.220751,3.749826,1.395579333,34.32823167,3.657493667,6.710687,30.38766767,2229.98337,26.81656933,3612.827733,22669.61355,13.27277867
4/25/2017,3.672737,123.244856,15.41433833,1.326848004,83.423706,1.791827333,0.376737333,6.883307333,3.147038,1.357136667,0.993540333,661.9333413,6.884421667,2898.51665,24.56081733,17.98176567,22.77695267,0.915012603,0.7791904,7.780310667,285.1458327,13266.97081,64.341666,106.3265703,128.445143,111.0641841,103.17603,4010.996749,1126.24999,0.304293,311.6401603,8134.606958,151.7531,9.904217,1351.949791,2417.247562,18.86280533,4.369828,310.835883,8.56649,1.438754993,0.384758,3.245165333,49.64970467,3.862812333,5536.089487,3.641216333,4.138005,56.105566,3.749985,1.393821667,34.426666,3.579203,6.700009333,30.13467433,2231.93334,26.55270167,3624.294329,22738.1023,13.06393
5/2/2017,3.672831333,123.1255857,15.28099967,1.326152338,82.37681833,1.79001,0.376618333,6.920435333,3.151100667,1.370678333,0.991087667,667.6288323,6.892303333,2939,24.608758,18.090317,22.83763567,0.914613091,0.77285075,7.780998,285.303337,13311.77292,64.136334,105.8099997,128.5314583,111.9680403,103.0000007,4020.633301,1128.076654,0.304219333,315.2341927,8193.999897,152.0392327,9.890766333,1346.866432,2409.308397,18.75361633,4.326655,312.8001477,8.586404333,1.438213346,0.384693667,3.240033,50.01179467,3.841640333,5562.04997,3.640917333,4.159342333,57.03473367,3.749949,1.393084,34.452999,3.52434,6.707376,30.042667,2231.366647,26.525854,3638.188786,22713.85631,13.34534867
5/9/2017,3.672705667,123.2133833,15.50494533,1.361858925,81.131794,1.797271333,0.376780333,6.908566,3.189900667,1.371196667,1.006861,678.0799983,6.909250333,2977,24.466,18.06699967,22.83721967,0.918893989,0.772589602,7.78384,286.3725993,13343.49514,64.67059967,106.023334,129.215068,113.7918843,103.0500007,4029.537488,1138.116659,0.304237,318.5965913,8168.028354,152.477548,9.927567667,1367.706655,2404.109036,19.16974933,4.345509333,311.7247127,8.683613333,1.449962441,0.384716667,3.286097333,49.97000033,3.888834333,5607.567407,3.641068667,4.177637333,58.33116733,3.749960333,1.410502333,34.76515167,3.622981,6.721205333,30.23582633,2230.766638,26.50912967,3624.777768,22729.00944,13.620718
5/16/2017,3.672766,120.9439183,15.564341,1.347546298,80.55363933,1.764913333,0.376520667,6.901549667,3.096500333,1.361286667,0.984317,666.18666,6.882634,2877.36335,23.76011867,18.09348067,22.890236,0.901393556,0.774231138,7.787195667,278.7258303,13296.74731,64.02499967,101.9669627,128.877235,112.6795837,103.16461,4040.119244,1115.063335,0.304124333,311.7842957,8186.983268,152.099859,9.810979667,1368.483421,2413.254795,18.67999867,4.314003,314.572002,8.463241,1.451542744,0.384742,3.255400333,49.64792167,3.758315667,5594.496602,3.64127,4.097038667,56.50343367,3.750262333,1.394860667,34.45000033,3.541906,6.701572667,30.10199967,2231.600122,26.38950567,3622.883215,22612.95469,13.07155133
5/23/2017,3.672831667,119.991897,16.11433067,1.338646533,80.76601933,1.746680333,0.376478333,6.921743,3.269736,1.352210333,0.976260333,673.067781,6.887444,2904.666633,23.638186,18.03516633,22.971589,0.894564195,0.771830387,7.787816333,275.8090003,13298.76359,64.87806767,100.1220853,129.6560607,111.9553397,103.135001,4043.144494,1124.61666,0.303251667,312.0597053,8165.746003,152.712501,9.766211667,1368.04005,2409.402643,18.64680633,4.292008333,311.9475663,8.377992667,1.426885996,0.384743667,3.275984667,49.85366633,3.759741,5625.734101,3.641117333,4.070597333,56.36013367,3.749951,1.39109,34.451644,3.574510667,6.713493333,30.14166633,2232.333278,26.328274,3622.855372,22673.90348,13.09574233
5/30/2017,3.672832,119.892504,16.078344,1.340711286,80.61273833,1.749904333,0.37648,6.907075333,3.257165333,1.346993333,0.975771,675.0098747,6.844682333,2917.600033,23.683011,17.999833,22.93408967,0.895017923,0.780734008,7.792757333,275.428946,13321.27547,64.61619933,99.890001,129.5536717,110.8373343,103.200001,4063.745155,1124.056678,0.303381667,311.1092997,8133.940204,152.7600123,9.771992333,1365.445034,2394.268197,18.721053,4.281168667,323.7744383,8.448275,1.411149868,0.384923333,3.280913333,49.83275067,3.737086333,5600.317005,3.641183,4.089156,56.56639967,3.749917,1.386121,34.11699933,3.552375667,6.713115667,30.14166633,2232.000089,26.28015567,3595.349898,22710.21819,13.113681
6/6/2017,3.672631667,118.6219527,16.00100033,1.331404881,80.63665633,1.736235333,0.376724667,6.910819667,3.277238667,1.344927333,0.962537667,668.8679383,6.782720667,2893.776667,23.345079,18.099266,22.94221867,0.887190149,0.77483747,7.793156667,273.226667,13295.14964,64.42316633,97.73666767,129.431554,109.5006865,103.180442,4066.831022,1117.599984,0.302983667,312.5552413,8162.861784,152.484507,9.718438667,1351.96635,2382.56397,18.253067,4.264506,313.8292123,8.460278667,1.392764555,0.384939,3.262749333,49.42607367,3.721528667,5565.650033,3.643449667,4.051132667,56.51099967,3.750049667,1.379649333,33.964463,3.513928667,6.700847667,30.07598167,2229.145211,26.21570667,3585.066777,22703.08826,12.81466133
6/13/2017,3.672631333,118.946943,15.87566533,1.326915302,80.67033733,1.744347333,0.376751,6.912608333,3.315406,1.324099,0.968777333,661.199936,6.795003,2928.066667,23.31866633,18.10166633,23.01536633,0.892050415,0.784390925,7.797236,273.0356683,13290.61926,64.33916733,99.723424,129.4614177,110.0588347,103.1483343,4066.509025,1127.736683,0.303526,316.092575,8222.266642,152.6990693,9.753086333,1362.711593,2365.497865,18.06046367,4.262183,313.526712,8.434971333,1.387749684,0.384790667,3.276367667,49.51633367,3.739565667,5576.666693,3.663182333,4.070304,56.94789967,3.749933,1.38175,33.91999967,3.517995667,6.712255333,30.20399967,2230.320134,26.01931667,3583.583386,22687.40265,12.77349533
6/20/2017,3.672839,119.089724,16.12934533,1.319741761,80.72229567,1.755345667,0.376768667,6.917460333,3.326567333,1.326836667,0.974795,663.700008,6.825983,3028.943317,23.59507467,18.11941133,23.059916,0.897932937,0.791712111,7.799828,277.5111663,13286.65696,64.57466567,103.3333323,128.9315523,111.3642269,103.4183323,4073.305427,1141.063325,0.303334667,323.1009027,8247.916602,153.092144,9.790866667,1362.494941,2349.871898,18.20858367,4.282683333,316.9266653,8.54576,1.381346424,0.384788,3.270983333,50.11266767,3.813725667,5602.759099,3.671534333,4.127141,59.57709933,3.749766667,1.388889667,34.01037467,3.543784667,6.713634667,30.42616633,2233.333306,26.02411,3584.383437,22717.11301,13.06555
6/27/2017,3.672737667,116.1776707,16.37995967,1.318325405,80.52601533,1.727396,0.37693,6.901088667,3.312969667,1.31881,0.960454,662.621434,6.812134,3025.880033,23.21197967,18.11614133,22.98123633,0.881976856,0.780439147,7.800387667,273.3716717,13320.21332,64.49160033,103.3350577,129.2388393,112.2465104,103.584999,4080.881412,1139.983317,0.303599,322.0208677,8246.705491,152.7100657,9.762831333,1363.835164,2343.747493,17.98023367,4.287165667,313.276068,8.41896,1.376010683,0.384994,3.250698,50.35047333,3.737586667,5540.218048,3.765432,4.023696667,59.38780067,3.750665333,1.386936667,33.966667,3.524337333,6.706052333,30.38299967,2233.033155,26.01054567,3573.869985,22704.63662,13.01642933
7/4/2017,3.672804333,116.588762,16.883332,1.314386825,80.65153133,1.722980667,0.377095667,6.905904333,3.309224333,1.293321,0.96457,663.7023277,6.801176667,3045.429984,23.00783767,17.851657,23.15282667,0.880697572,0.77343917,7.80781,271.2088927,13364.29191,64.77630067,102.700018,128.07907,113.0584096,103.6166657,4085.288782,1149.556647,0.303249333,322.7263093,8241.43338,153.606019,9.675027667,1367.76986,2350.816386,18.20730233,4.296498667,322.9639617,8.345585,1.371601184,0.385042333,3.256321667,50.50300033,3.729787667,5551.829935,3.641599,4.034034333,59.413867,3.749800333,1.382031667,34.00056367,3.558265,6.718715333,30.51333367,2234.033401,26.03805933,3596.644168,22734.30414,13.18999133
7/11/2017,3.672732333,115.385566,16.98767633,1.309428755,81.172944,1.708869333,0.376255667,6.886154333,3.254297333,1.291132667,0.963331667,666.0933423,6.800749667,3074.763333,22.76891667,17.87583967,23.16284667,0.871682267,0.777976884,7.812167,268.09333,13390.92796,64.545201,107.8499993,127.552714,113.803732,103.6844373,4082.887432,1148.20999,0.302946667,327.5476653,8236.946732,153.242819,9.628207667,1352.649692,2382.722321,17.90834733,4.296498333,328.5454373,8.274486667,1.384619429,0.384585333,3.252346333,50.72442433,3.693774667,5513.066474,3.682896,3.981595667,60.75683533,3.749948,1.38139,34.05683367,3.614778,6.669644,30.56425833,2233.96665,25.92955733,3605.277746,22709.2401,13.55057933
7/18/2017,3.672798,114.3420083,17.07416633,1.26294796,80.630981,1.692805,0.377004333,6.912141333,3.154130333,1.263062333,0.955008667,654.860005,6.746427,3009.046667,22.60963433,17.917418,23.14949467,0.86577399,0.767057267,7.804683,264.6867457,13308.36742,64.28266633,105.1833327,127.4082273,112.0162377,103.698659,4085.780772,1124.443337,0.302352333,325.659955,8263.668954,153.5905933,9.574457667,1357.600057,2398.019476,17.488081,4.284825667,322.2935303,8.08679,1.360340845,0.384730333,3.241157333,50.74743633,3.635577667,5539.866716,3.665129667,3.944957,59.151067,3.749918,1.366431667,33.57183367,3.523902,6.730664333,30.35414067,2234.650106,25.91370667,3602.052726,22711.70634,12.90415967
7/25/2017,3.672671,113.7868903,17.45733733,1.260470215,80.98465567,1.677562333,0.376839667,6.905725,3.172498667,1.250736667,0.952588333,649.800008,6.752231333,3029.499984,22.358198,17.86266633,23.17898633,0.858522142,0.767733409,7.808596667,262.165498,13323.18537,64.40566567,105.941923,127.4382273,111.9711657,103.814999,4087.379978,1119.330036,0.301963333,327.0798577,8276.806732,153.4255787,9.524019333,1368.603439,2417.952542,17.77053333,4.280581667,326.886601,7.973449667,1.347800556,0.384799667,3.246465667,50.58691167,3.66159,5549.366656,3.64776,3.916089333,59.900838,3.749700333,1.362721333,33.46499967,3.57175,6.755310667,30.34499667,2234.733398,25.829301,3601.177638,22721.74418,13.07556467
8/1/2017,3.672666333,112.2944017,17.56299967,1.256275869,81.176207,1.656633333,0.376863,6.912948333,3.125799667,1.254297,0.965477,653.27302,6.720221,2966.539967,22.138557,17.84100033,23.226355,0.846781605,0.757304718,7.813135,256.9601023,13321.02861,64.081599,103.8867457,127.0685303,110.4086654,103.7780097,4090.439043,1120.596665,0.301602667,331.8717643,8269.464975,153.3055757,9.443668,1361.903273,2440.104285,17.89120533,4.284821667,331.4952763,7.922549,1.344177576,0.384290667,3.237325333,50.40700067,3.603513,5551.083449,3.654207667,3.85353,60.306733,3.749783333,1.358686,33.27149933,3.528205667,6.729706,30.228654,2235.016603,25.84465867,3607.95267,22708.32091,13.253133
8/8/2017,3.672898667,112.196484,17.702333,1.265623644,81.05546133,1.660474667,0.376845667,6.927824667,3.127165,1.266975667,0.973546333,648.8863573,6.708296667,2996.416667,22.24218567,17.758424,23.23977033,0.850794089,0.770002069,7.823709333,258.770005,13312.97239,63.69530033,105.0200007,127.6028177,110.1707673,103.786805,4095.559277,1126.756662,0.301744333,332.9955247,8286.193398,153.5641767,9.471262333,1366.186755,2436.636097,17.85583267,4.284491333,344.5097703,7.954577333,1.364948689,0.384929333,3.238574333,50.54266633,3.628078667,5564.583409,3.664201,3.881733,59.85356633,3.750016333,1.363384333,33.27339067,3.531528,6.685156,30.18433367,2234.266583,25.748692,3614.71613,22734.92976,13.35838633
8/15/2017,3.672900333,112.8534987,17.06301233,1.278112505,80.714527,1.665532333,0.376895667,6.928689,3.169094333,1.27531,0.97244,648.4334377,6.688194,2963.65665,22.26669133,17.73857567,23.29017,0.85185498,0.777106385,7.822890667,259.1381077,13359.16667,64.16583267,108.3300003,127.4032283,110.6153343,103.6145207,4110.805549,1135.286685,0.301809,333.3596753,8272.566739,153.2375367,9.47967,1363.511732,2432.75006,17.80379233,4.294672667,345.4227817,7.953222333,1.382244024,0.384958667,3.244666667,51.44649933,3.654064333,5566.949914,3.640199333,3.893165,59.72359967,3.75005,1.366681,33.27776067,3.535109333,6.673993667,30.28899567,2235.100008,25.593505,3606.752611,22725.55,13.31175133
8/22/2017,3.672899667,112.262594,17.196667,1.264158054,81.151624,1.663097333,0.376752,6.903410667,3.161334,1.256345667,0.968460667,640.752242,6.663284333,2984.199967,22.17155467,17.72799967,23.20874167,0.850256379,0.779818903,7.826164667,257.4838313,13341.85699,64.07710033,105.9732847,127.3018003,109.6765003,103.0966677,4099.090695,1131.406668,0.301694333,332.793622,8276.473398,152.9201077,9.469205,1354.683123,2436.253737,17.65248367,4.280166333,343.834365,7.910291667,1.373610554,0.384967333,3.234134333,51.29462633,3.633203667,5581.916476,3.650483333,3.895468333,59.03849933,3.750067333,1.362436667,33.231167,3.495319333,6.737035,30.28199,2234.716616,25.45177133,3601.831064,22726.06766,13.215276
8/29/2017,3.672697667,110.9273657,17.37099967,1.257102826,81.275344,1.630826667,0.376821667,6.938735333,3.164962,1.251341667,0.955613333,625.5658933,6.599217,2933.833333,21.809083,17.63516967,23.32166633,0.835295775,0.773903906,7.824284333,255.3326643,13336.67003,64.00786733,104.9371773,127.7237333,109.7615003,103.0933323,4049.905914,1124.116647,0.301169,335.351348,8298.900002,152.8061083,9.326213667,1349.9996,2426.578448,17.84560567,4.266163667,342.4999093,7.752027333,1.377572251,0.384621333,3.238332667,51.156995,3.55339,5658.767487,3.680367,3.833267333,58.80399967,3.750033667,1.35493,33.18334967,3.447568333,6.757797,30.18533367,2237.033401,25.49326067,3608.744352,22711.93579,12.99237667
9/5/2017,3.672966,111.8450193,17.231012,1.249472913,81.26252,1.642632667,0.376967667,6.918198333,3.116800667,1.236932333,0.954216667,622.939471,6.537167,2926.283366,21.89077233,17.62533367,23.32403367,0.838849197,0.766991605,7.825546667,256.7333363,13338.74745,64.10349933,105.7898463,128.041798,108.6647412,103.150001,4050.244151,1131.783341,0.301253,340.3883687,8295.23664,152.2852097,9.359352333,1355.07463,2425.485188,17.88886833,4.256806667,340.150958,7.771643333,1.37914973,0.384902333,3.233903,51.05416233,3.550483667,5669.31799,3.682466333,3.852568333,57.54570033,3.750000667,1.352742667,33.14666633,3.436791,6.696213333,30.05533367,2236.93347,25.93836133,3597.989436,22730.14543,12.9069
9/12/2017,3.672845,111.4490233,17.053818,1.247084938,81.83622333,1.635763667,0.376844667,6.906708667,3.124864667,1.217737667,0.959956667,622.129991,6.534632333,2907.32335,21.792589,17.637333,23.397733,0.835387666,0.752631553,7.812315,256.499997,13190.20333,64.015867,106.214114,128.7916663,110.2040553,102.783334,4055.464859,1127.776686,0.301051667,339.0714523,8290.036732,152.740135,9.329514667,1349.949789,2436.505781,17.72614533,4.206341333,341.0702533,7.834603,1.372991732,0.384636667,3.229899333,50.881333,3.555650667,5656.651444,3.694593,3.84213,57.640533,3.750015667,1.34726,33.11083267,3.432646667,6.745923,30.01233367,2237.983301,25.99532567,3594.403237,22726.49558,12.98928
9/19/2017,3.672838333,111.568048,17.110093,1.24894911,81.980164,1.631102,0.377011667,6.920460333,3.134402,1.229184667,0.962524333,625.2999673,6.582587,2897.49335,21.757619,17.618667,23.41999967,0.833784753,0.740081951,7.804549,256.810667,13271.90819,64.29966633,105.951923,130.094344,111.5885007,103.1833343,4060.344428,1130.466662,0.301183,341.3904703,8291.155425,153.1180343,9.320690333,1361.003411,2465.878953,17.81052633,4.190807667,340.652581,7.801664,1.366929111,0.384762667,3.242597333,50.984333,3.569320667,5663.084103,3.695295667,3.834055333,58.09243267,3.750049333,1.346780667,33.066667,3.488198667,6.721659667,30.102672,2241.099921,26.09847,3589.603465,22722.44529,13.32372633
9/26/2017,3.672525667,113.3494453,17.553667,1.268994333,81.119456,1.658734,0.376978333,6.884737,3.166766667,1.23582,0.969215667,634.869992,6.635525333,2922.06,22.07676367,17.631167,23.38056633,0.848346829,0.743670967,7.812055,263.9433377,13369.8375,65.42003233,107.6666673,129.789341,112.3287907,103.2576567,4053.064714,1136.876657,0.301620667,339.792801,8289.069895,153.0104253,9.423328,1362.028527,2457.46379,17.95698867,4.205938333,341.1667743,7.894493333,1.387977631,0.384967333,3.270148,50.903445,3.636383667,5668.784101,3.691623667,3.900537,57.866633,3.749983333,1.355266667,33.20000033,3.541907,6.762202333,30.22192233,2240.900066,26.36494167,3601.247603,22728.84016,13.37327833
10/3/2017,3.672734,113.773841,17.39700033,1.276248703,81.605539,1.665079,0.376961667,6.876768,3.142431,1.248873333,0.973314333,633.0578447,6.656900333,2951.31335,22.06404633,17.619856,23.402624,0.851280224,0.755341146,7.811251,265.5366703,13539.99699,65.47169867,105.717812,129.085239,112.848624,103.1466657,4055.863306,1142.303345,0.301843,343.0389707,8299.150065,153.3047433,9.446016667,1363.445167,2453.475691,18.214567,4.232334,339.103132,7.977993333,1.396312159,0.384786667,3.261251,51.038143,3.673555333,5659.600608,3.648284667,3.904372,57.953633,3.750015667,1.361869333,33.35344667,3.572460333,6.745723,30.43156833,2240.999906,26.70020367,3603.794377,22718.12941,13.65044833
10/10/2017,3.672766,113.216666,17.40201833,1.284794744,81.75324167,1.656678667,0.376972333,6.867966,3.179064,1.251212333,0.974714667,629.300116,6.569656667,2956.71,21.90236067,17.605688,23.421953,0.846569312,0.757155997,7.803979,263.0037793,13511.58682,65.24760033,104.990001,128.2477147,112.3806554,103.0833323,4053.988386,1134.186662,0.302015667,337.1776027,8298.233268,153.2905307,9.412033333,1358.241382,2454.286311,18.81764,4.218174,342.346859,7.947433,1.414065531,0.384820667,3.263167667,51.42283267,3.635692333,5643.108993,3.714562667,3.880631667,57.97640067,3.749848667,1.355777,33.231417,3.708572,6.713148333,30.339667,2241.066663,26.536861,3623.511071,22718.2849,13.698149
10/17/2017,3.672905,113.3427877,17.33134067,1.274257104,81.307224,1.662506,0.376967333,6.871962333,3.157534333,1.250453333,0.977984667,621.6612103,6.616867,2948.25,21.87886333,17.60750367,26.98714233,0.849594837,0.758061199,7.807849667,261.6816687,13503.03123,64.99590067,105.300001,127.1968637,112.2023529,103.2290037,4039.253541,1130.18998,0.301848,333.8338493,8305.743248,153.5905797,9.443633,1364.32049,2453.059943,18.78603267,4.218993667,338.3333757,7.938295,1.393844229,0.384929333,3.242201333,51.34350067,3.599617333,5643.125537,3.692535667,3.892631333,57.305568,3.750334667,1.354988667,33.09365567,3.665311333,6.679191333,30.18533367,2240.766542,26.42817533,3652.382628,22720.35599,13.39075933
10/24/2017,3.6729,113.2809177,17.49754167,1.285957211,82.86270333,1.662772333,0.376956,6.879161,3.243667667,1.26724,0.990882333,632.3333373,6.637386333,2968.466667,21.76449067,17.618106,27.07299767,0.850315817,0.761559224,7.803981667,263.4333313,13527.08224,65.082834,105.5466673,126.8405233,113.9300912,103.670001,4048.31754,1129.933324,0.30207,333.9188453,8309.377619,153.7549327,9.437028333,1358.516453,2448.580908,19.232603,4.232484667,339.327962,8.006874,1.448677454,0.384237333,3.232288,51.752224,3.610316333,5635.609031,3.735717,3.908693,57.63420067,3.750095667,1.362937333,33.185635,3.738306667,6.674842667,30.26033367,2240.766671,26.677405,3657.99937,22719.10666,13.743346
10/31/2017,3.672625667,114.3842767,17.63165367,1.305786576,82.86633933,1.680133,0.376906,6.873202667,3.27136,1.288936667,0.997646,635.9202753,6.633381667,3040.866683,22.01358633,17.61739233,27.10799267,0.858344135,0.752558887,7.800871667,267.1409997,13553.7489,64.71969933,105.339995,126.352934,113.6416067,103.6067387,4040.07388,1117.77666,0.302201667,334.7680233,8306.016612,153.5405787,9.493034333,1360.899769,2448.662979,19.16400133,4.231517333,348.572995,8.164788333,1.452512793,0.38474,3.248435667,51.60885233,3.63851,5643.225544,3.783799,3.948759667,58.27406633,3.750157333,1.36235,33.211167,3.789194333,6.693001667,30.16200033,2242.566607,26.86246167,3647.260945,22703.57332,14.125202
11/7/2017,3.672665333,114.8028223,17.63950033,1.306989865,81.836218,1.689392333,0.376955333,6.874812,3.271367,1.27661,0.998845333,633.98693,6.639300667,3034.44,22.02746567,17.62465167,27.113106,0.862291384,0.759302274,7.804006667,268.3819957,13510.2489,65.09166767,105.8199993,126.0526,113.8320003,103.551812,4032.600756,1112.78665,0.302304333,333.4971907,8300.583398,153.2966813,9.520902,1359.741408,2448.580844,19.141823,4.228186,339.3457557,8.163653333,1.447772811,0.384708333,3.239701667,51.31766633,3.659791,5645.025803,3.808711333,3.990167333,59.35589867,3.750671333,1.363320333,33.12300033,3.884269667,6.702085667,30.17033367,2242.700069,26.701227,3632.622633,22702.53999,14.220732
11/14/2017,3.672498333,113.1237237,17.46766633,1.310562928,83.09984633,1.660458667,0.377215,6.878315667,3.312994,1.273506,0.989527333,631.2594887,6.635699333,3013.831078,21.69516967,17.62511133,27.065141,0.847884333,0.759913078,7.802633667,264.2333377,13544.69335,65.40686733,103.3433343,125.6665473,113.4188065,103.5816657,4011.132817,1115.530007,0.302127,332.327903,8288.999998,153.2359673,9.420479333,1359.532693,2447.372037,19.16186867,4.190266667,339.6112913,8.182678,1.454037352,0.384360667,3.240238667,51.14260633,3.600756333,5665.318144,3.756767,3.935202667,60.36673467,3.75006,1.358926,33.04000033,3.886660667,6.676381,30.14400967,2239.816615,26.49556767,3630.565501,22711.66221,14.36829967
11/21/2017,3.672392667,113.491018,17.48149833,1.318661465,83.41708933,1.667119667,0.377327,6.879201,3.258666333,1.277466333,0.990941667,634.4090193,6.627255333,2999,21.708209,17.62644667,27.158134,0.851788825,0.755101395,7.810734333,266.7669123,13531.79059,64.836501,103.5179903,125.6388857,112.370001,103.231666,4039.111145,1091.03666,0.302075,330.2803967,8304.811195,153.6705797,9.451804333,1360.107976,2440.204881,18.80046633,4.137278,340.3634473,8.213517,1.461802235,0.384688333,3.235332333,50.58266733,3.594599,5658.71244,3.808426667,3.955747333,59.13836633,3.749985333,1.353870333,32.74666733,3.958551667,6.700312667,30.00433367,2240.249985,26.50542533,3635.135953,22706.75355,13.97409833
11/28/2017,3.672592667,112.185649,17.35359967,1.315330359,84.88534533,1.649152333,0.377268,6.899316667,3.212734,1.281518333,0.984111333,640.8733243,6.607131,2989.716567,21.51346733,17.73400033,27.22635333,0.844136312,0.74877201,7.803361667,262.297497,13506.00201,64.42466733,103.7733327,125.551733,111.5763327,103.2816673,4038.426039,1083.42665,0.301601333,332.0013357,8312.533256,153.929031,9.422824,1360.007934,2438.671548,18.53706067,4.101195,340.7959087,8.24128,1.449213188,0.384831667,3.230132667,50.30951233,3.547521,5663.675738,3.710434,3.917104667,58.39403367,3.750118667,1.345787667,32.56999967,3.964559333,6.670660667,29.984667,2238.566788,26.91416067,3640.461094,22707.80988,13.661466
12/5/2017,3.672433,112.8965917,17.281833,1.314978106,82.541593,1.653461333,0.377140333,6.883822333,3.241503333,1.269216333,0.98743,652.7830297,6.617115667,2999.740033,21.67898667,17.729667,27.23317533,0.845333161,0.744947638,7.814655667,265.4266683,13517.0333,64.35546633,103.5266673,125.2141707,112.5050962,102.9833327,4040.790519,1085.856647,0.301687667,333.5313537,8302.296534,153.4741157,9.436101,1363.436692,2436.199118,18.763457,4.060752667,341.8105627,8.261834667,1.454570019,0.384734667,3.233853333,50.61349933,3.558119333,5663.567295,3.645469333,3.910068,58.764333,3.750292333,1.34714,32.60699933,3.842364,6.663855333,29.978667,2236.983389,27.13460167,3623.402616,22713.75608,13.445523
12/12/2017,3.671997333,113.505289,17.332998,1.323292478,82.71950867,1.664908,0.377117333,6.883721333,3.306365667,1.286643333,0.991546667,653.68666,6.623018,3011.703234,21.82133233,17.807755,27.26244033,0.851599919,0.750872223,7.806567,267.2466673,13564.60266,64.51296767,105.0368097,125.0432363,113.5304141,102.9849993,4039.199006,1091.619987,0.301928333,334.993433,8314.916721,153.2364133,9.476719667,1361.44993,2432.498867,19.17800033,4.077831667,344.131527,8.342423333,1.441677371,0.384883333,3.229793,50.442833,3.583916667,5649.200773,3.651766,3.940537333,59.21016633,3.750036,1.352240333,32.60466633,3.845993333,6.661400333,30.00533367,2236.083479,27.20164833,3620.986062,22704.64522,13.67095467
12/19/2017,3.672226,112.2338027,17.60650033,1.305954223,82.67076733,1.652712667,0.376871667,6.870884667,3.289903333,1.287828333,0.985228,621.143559,6.6045,2971.989917,21.68340033,17.81293733,27.23442167,0.844676762,0.747111873,7.817986667,264.289997,13576.28599,64.05246767,105.519999,124.3853853,112.954786,102.9833327,4043.733945,1084.589932,0.301985333,335.3303093,8305.833292,152.945321,9.429883667,1359.199756,2423.618927,19.216515,4.079656667,340.9459317,8.35209,1.434381888,0.384864667,3.275966667,50.25347833,3.548283667,5637.909068,3.651616667,3.900096333,58.74220033,3.750153333,1.346991333,32.696534,3.833066333,6.693006,29.977673,2236.366671,27.86524933,3606.244326,22707.901,12.72138333
12/26/2017,3.672371333,111.6505607,18.315961,1.293721441,82.69489667,1.64902,0.377081333,6.875366667,3.311000333,1.268836667,0.989503333,618.839939,6.542966667,2960.126634,21.73556633,17.79673867,27.260028,0.843255177,0.747740096,7.810982,262.886669,13559.10069,64.03873367,105.8499677,124.145445,113.2129003,102.8834347,4040.322456,1075.23001,0.301934333,332.5536207,8299.966688,152.6823583,9.412598667,1362.994953,2422.188446,19.872333,4.082030667,340.1957867,8.309797,1.42168637,0.384684667,3.236995333,49.91763433,3.540450667,5633.159015,3.639233333,3.910051333,57.66039967,3.749983,1.343378333,32.76349933,3.808142333,6.705461667,29.940988,2235.666733,27.86030133,3613.936177,22694.7185,12.50754167
1/2/2018,3.672962,110.3615227,18.38216633,1.276942113,82.84044733,1.622091,0.377113667,6.877355667,3.259067667,1.250735,0.971445667,606.100008,6.494784333,2947.760016,21.14093267,17.70455433,27.26203433,0.829058238,0.735740606,7.815597667,256.1523353,13519.26227,63.457846,103.5166673,123.6696893,112.2611118,103.1866677,4043.102071,1061.833346,0.301174667,332.78196,8296.566585,153.411032,9.317573,1356.199484,2421.803286,19.519466,4.018327333,340.395277,8.122991333,1.408215612,0.384667333,3.231589,49.87965833,3.450577,5569.449926,3.641101333,3.847607333,57.529633,3.750052,1.329009,32.41166733,3.765834667,6.761142333,29.619708,2241.266579,28.14761433,3638.752641,22699.40473,12.443838
1/9/2018,3.672666,111.587777,18.93309,1.27954433,82.857752,1.638201333,0.376904667,6.874837333,3.248427,1.246993333,0.983629333,607.5666587,6.530266667,2908.316634,21.40079933,17.65066633,27.274433,0.838068269,0.738886996,7.82133,259.2816213,13440.73242,63.65820033,104.953334,123.4546537,112.7239525,103.0816657,4030.587046,1071.666663,0.301363333,330.6393503,8297.983439,153.7116137,9.379224333,1342.266377,2423.076453,19.241701,4.008119,341.1003327,8.10889,1.398653045,0.384730667,3.218066333,50.28488333,3.511832667,5639.679074,3.640267333,3.891960333,56.879533,3.750284667,1.335798333,32.27331767,3.768033333,6.681181,29.52899967,2241.266636,28.20857967,3649.827766,22707.53858,12.342568
1/16/2018,3.672498,108.961225,18.87348967,1.255144136,82.79000033,1.595998667,0.376838667,6.867947667,3.225032,1.242759667,0.959244333,605.844691,6.439866667,2858.6,20.72225033,17.70016633,27.24154867,0.815114407,0.72486186,7.82345,251.503334,13359.06575,64.01253433,102.393334,123.4176927,110.4102771,102.8871453,4032.897495,1063.006672,0.300324667,327.157667,8282.570065,153.6426837,9.213491667,1337.420099,2423.076306,18.76429967,3.956487333,340.7838103,7.869716667,1.376036831,0.384734,3.207528,50.522368,3.400005,5588.783193,3.635750667,3.794231333,56.49563367,3.750167333,1.320373333,31.91632433,3.798321333,6.726854667,29.540333,2239.016657,28.56754833,3630.811006,22708.31635,12.26294167
1/23/2018,3.672866667,108.5127397,19.32184167,1.249627771,83.02809167,1.591832,0.376898,6.873206667,3.237,1.241408333,0.956974667,609.1333243,6.400732333,2841.223439,20.624614,17.68701867,27.29603567,0.812476824,0.713786913,7.81835,251.203166,13336.87717,63.753067,102.272077,123.7951427,110.1651382,102.329999,4014.039745,1072.963335,0.300202667,322.4942363,8290.892323,154.120002,9.196712,1344.598963,2415.14199,18.68883267,3.924164333,341.1325603,7.819359,1.358798034,0.384717,3.215194333,51.089166,3.385400667,5618.100637,3.640765333,3.790101667,56.361633,3.750049333,1.316595333,31.77996667,3.767375,6.715298333,29.25166633,2242.699984,28.81583233,3635.08605,22708.29413,12.024241
1/30/2018,3.672259667,107.4116287,19.61433367,1.235380165,83.031414,1.576569,0.376913667,6.877212667,3.181236,1.233449333,0.934443333,606.6733293,6.323450333,2840.036789,20.39612733,17.63566633,27.30597933,0.805966204,0.706598864,7.820606667,250.4649177,13422.0864,63.71300033,100.6599993,124.0317047,108.7443105,102.2220877,4018.197794,1072.593346,0.299332667,321.7899237,8287.555484,153.9505647,9.159580667,1329.878328,2414.052253,18.76789933,3.899997,340.9263673,7.719774,1.362941542,0.384743,3.213505667,51.35775433,3.350951,5627.534076,3.640293667,3.748104667,56.33219933,3.750112,1.311705667,31.396667,3.778362,6.721348333,29.223992,2247.983295,27.998923,3619.985959,22702.13607,11.96506367
2/6/2018,3.672599667,107.3966663,19.55166633,1.266169379,83.06776967,1.581899333,0.376844667,6.870336,3.235528,1.25004,0.936082333,599.0066707,6.282432333,2829.18335,20.36588367,17.61526833,27.30450933,0.807745171,0.716662691,7.818518,250.1899993,13542.14825,64.17133233,100.8601723,124.556164,109.600317,101.1843343,4019.541841,1079.35667,0.299602,324.0784187,8281.906621,154.6633313,9.173579667,1326.661765,2408.027522,18.61723167,3.914001,341.1000417,7.81246,1.363406273,0.384935333,3.242994333,51.42466733,3.356384,5605.250773,3.640767333,3.755176667,56.84553433,3.750198333,1.318813,31.50899233,3.767676667,6.721134667,29.26457633,2247.283221,27.44500867,3630.16103,22702.89752,11.93190433
2/13/2018,3.672665667,107.4316673,19.979935,1.272097173,83.068478,1.584302667,0.376899667,6.876625667,3.292267667,1.258920667,0.935077333,598.0333373,6.336976667,2901.219872,20.53763367,17.67622833,27.325167,0.809461533,0.720136468,7.821820333,252.4466683,13651.65114,64.259601,101.4233323,125.2837153,107.7830003,101.0459903,4000.665573,1084.036673,0.299727,323.698027,8281.333281,154.8866687,9.185725333,1326.80359,2394.910719,18.65183333,3.937685,341.800104,7.869769,1.373720505,0.384932667,3.268798333,52.00940067,3.372518,5556.266544,3.640266,3.771064333,57.634266,3.750149,1.322603,31.473333,3.807870333,6.675283333,29.32499933,2251.699913,26.74013367,3627.050078,22699.67229,11.960269
2/20/2018,3.6728,106.736341,19.85429267,1.268832836,83.08973733,1.585051333,0.376897667,6.876676667,3.253530667,1.264707333,0.936262333,594.8333413,6.341467667,2860.166667,20.52853233,17.677594,27.32563367,0.810564179,0.714383323,7.824182,252.6899993,13604.06076,64.85796633,100.483334,125.4395493,107.3600148,101.1816307,3999.81084,1073.17668,0.299520333,320.03667,8281.333251,155.429998,9.192193667,1319.300055,2391.871821,18.713999,3.898872667,341.6667513,7.842379333,1.361693684,0.384935,3.249068333,52.270778,3.363684667,5569.850085,3.640265333,3.776171333,56.537025,3.749898667,1.318976,31.496743,3.798017,6.688327333,29.27866633,2248.750158,27.083302,3630.716574,22697.2707,11.72821367
2/27/2018,3.672598,107.8366657,20.20609967,1.283293952,83.069112,1.595831,0.376903333,6.876709333,3.251301,1.277244667,0.939173333,591.693422,6.319977333,2870.719888,20.783477,17.619667,27.30863733,0.817671212,0.719120781,7.827443333,256.7244437,13668.90844,64.91356567,100.880001,126.236692,107.3871657,101.4853327,3995.333279,1080.616672,0.299554333,318.9361703,8277.894314,154.825489,9.240869,1338.412092,2390.064227,18.84313433,3.911863667,341.280553,7.871173667,1.382004358,0.384941667,3.249425,52.18850033,3.412029667,5563.61659,3.640927,3.809874667,56.24853433,3.750283,1.324273667,31.46924967,3.815075667,6.700478667,29.27700267,2249.083433,26.93399467,3639.536049,22748.3479,11.71440267
3/6/2018,3.672865,106.336112,20.30084667,1.282059574,82.94758833,1.576302,0.376919,6.877982,3.210633333,1.292448667,0.939012333,599.9444483,6.309516667,2840.820106,20.45471633,17.594246,27.30893967,0.80564852,0.719730552,7.833219,252.0204987,13759.88668,64.87868233,99.78666767,126.876689,105.7419458,101.1831677,4002.926612,1063.273338,0.299614667,319.1065667,8282.58886,154.967881,9.154167667,1335.736864,2389.051823,18.81384367,3.89945,341.9263037,7.778297667,1.372811517,0.384933667,3.251736667,51.96585567,3.374236,5539.43351,3.640427333,3.754157333,56.822366,3.750482667,1.317506333,31.32754133,3.79685,6.693506667,29.20200033,2254.966557,26.306928,3644.577599,22765.44779,11.81134067
3/13/2018,3.672804,106.0316677,20.19249167,1.272474471,82.88793533,1.578195333,0.376919,6.876201667,3.260264333,1.29594,0.943696667,602.9533413,6.321533,2840.480106,20.569774,17.60465133,27.32760033,0.80692355,0.715977898,7.83974,251.466668,13750.88237,64.845433,99.07666433,127.4719543,106.5283601,101.2485007,3969.834197,1066.380015,0.299899,321.256218,8284.466629,155.609065,9.152433,1337.153608,2389.972136,18.60106633,3.899331333,343.3466877,7.734732667,1.364515521,0.384934667,3.259657667,51.97999967,3.397815667,5463.451168,3.640265333,3.766973667,57.07333333,3.750249333,1.311595,31.21350033,3.871067667,6.751946,29.251694,2251.066714,25.90277533,3649.785975,22763.08845,11.79509833
3/20/2018,3.672864333,105.192222,20.235501,1.300882779,82.982685,1.596163667,0.376916,6.86962,3.310303,1.307338667,0.956083333,609.8199933,6.333134667,2868.833333,20.746117,17.59596867,27.30150467,0.816544488,0.714181603,7.844649667,254.1699983,13748.82681,65.22386533,99.89991467,126.700186,106.4878661,101.1581267,3974.988867,1070.84335,0.299962,320.7729963,8296.010034,156.0840837,9.207966,1338.811575,2393.444122,18.75858333,3.917001,340.7333863,7.743336667,1.392602938,0.384936667,3.262271333,52.10833367,3.453204667,5504.101161,3.640266333,3.808402333,57.53550033,3.750167,1.318775,31.18614267,3.932532,6.713613667,29.15165867,2260.16674,26.31012967,3652.760942,22774.19956,11.96409967
3/27/2018,3.672733,105.57764,20.14284,1.301353386,82.93672933,1.577817333,0.376955,6.876839667,3.327248,1.288049333,0.946454333,606.2000057,6.275134,2783.700033,20.53309167,17.60588833,27.29567133,0.805954861,0.705745687,7.846568667,252.028333,13745.16014,64.928001,97.83336433,125.5230967,105.427004,100.782499,3986.011274,1074.283328,0.299283333,318.709508,8282.666782,155.9854307,9.149474333,1334.83667,2393.44437,18.37709967,3.875981333,340.7166447,7.713043,1.375708889,0.384937333,3.222964,52.391333,3.394317,5544.266739,3.640966,3.750247,57.40023367,3.749899667,1.309763,31.20700033,3.980469667,6.788247667,29.18700033,2260.350113,26.291863,3668.002713,22810.31067,11.65347233
4/3/2018,3.672866333,105.9397857,20.156535,1.301651635,83.28288667,1.591687,0.376992667,6.869547667,3.339092333,1.28064,0.958506667,602.6333293,6.282716333,2790.453472,20.61640033,17.56616633,27.30297133,0.814552784,0.711016652,7.84859,253.956669,13765.43792,64.964666,98.92999967,124.830727,106.4884993,100.9833327,3975.739285,1053.989995,0.299696333,320.2806587,8287.833351,155.7849587,9.220214667,1329.061633,2386.305345,18.222367,3.867402,341.0100553,7.83389,1.377134264,0.384927333,3.221200667,51.929667,3.415907333,5516.616686,3.640515667,3.793995,57.60240033,3.750202,1.311274,31.18338067,3.989382333,6.662749,29.13366633,2259.133263,26.31505767,3685.933326,22804.45511,11.82563933
4/10/2018,3.672733333,104.2928343,20.13784133,1.288265293,82.84919833,1.582783,0.376925333,6.873105,3.407633,1.259632667,0.956546333,600.3320063,6.279733333,2767.132016,20.467515,17.64749967,27.30317133,0.808975809,0.70529857,7.849403333,251.7123347,13752.38237,64.938001,98.31333267,124.0441853,107.147234,100.9506677,3992.443777,1063.693335,0.299716667,325.2866687,8286.822276,155.4245493,9.166466333,1325.279592,2387.999777,18.256267,3.866899333,341.3237277,7.793915,1.357198357,0.384936333,3.238169333,51.79664267,3.387664333,5515.083296,3.640307333,3.766863333,62.95003367,3.749899667,1.308966667,31.193167,4.110499667,6.662596333,29.182174,2260.983235,25.94457633,3689.499957,22789.08845,12.03608
4/17/2018,3.672799667,104.161428,20.15999967,1.287615626,83.184508,1.581716667,0.376951667,6.876603,3.405383333,1.255446667,0.966477,596.4733407,6.280599667,2729.630064,20.42634767,17.67590633,27.29720467,0.808208146,0.699632,7.849800333,250.8342393,13766.38237,65.67379967,99.33666767,123.775645,107.0090083,100.4114993,4006.809772,1066.263319,0.299651333,328.5028077,8286.438915,156.2966677,9.164766667,1325.236675,2389.083288,18.04001633,3.889174,341.0605627,7.760755,1.362164078,0.384938,3.217399,52.107333,3.364551667,5508.350119,3.640267,3.751761333,61.529134,3.750062667,1.311274333,31.19327567,4.094294,6.699482,29.36099933,2266.650131,26.070292,3685.450137,22767.01067,11.982044
4/24/2018,3.672732,105.1888783,20.25666633,1.314739429,84.03219867,1.599701,0.376929333,6.876523667,3.470333,1.282541667,0.978776,598.8404957,6.301499333,2782.466683,20.78874267,17.68114933,27.30767933,0.817210496,0.714896169,7.846733,255.3453317,13873.38237,66.431467,100.4333327,124.1345343,108.8040324,99.878881,4023.41767,1076.700002,0.299948333,326.1552177,8294.133216,156.9066647,9.222567,1324.245043,2387.416547,18.81495267,3.903817333,340.9443943,7.898053333,1.404850005,0.384952667,3.229459,52.272167,3.438351,5541.763301,3.640267,3.801203,61.53803367,3.750119333,1.322014333,31.43966533,4.086430333,6.771894,29.616607,2286.000093,26.11075733,3691.88321,22768.81067,12.32665867
5/1/2018,3.672840333,106.7356897,20.578759,1.335962587,84.40425633,1.627108667,0.376914,6.881683,3.506999333,1.284568667,0.99649,613.8900017,6.338132667,2805.750073,21.409609,17.68199967,27.342813,0.833822576,0.734750292,7.84913,261.650666,13914.74965,66.80956533,101.7825877,124.0124207,109.8612503,100.4265983,4037.320117,1074.753319,0.301033333,327.744298,8307.205488,157.82209,9.327107333,1336.457902,2396.625989,18.94710733,3.92041,341.6024147,8.086813333,1.428125815,0.384931333,3.249726333,51.77360633,3.564482333,5543.683421,3.640266667,3.879384,63.549267,3.763056,1.333636,31.68486267,4.104177667,6.700773333,29.683999,2279.066767,26.24054633,3714.900093,22761.48411,12.66893267
5/8/2018,3.672895,106.619557,22.35181567,1.342500293,84.54825667,1.647851667,0.376912667,6.876790667,3.564433667,1.2948,1.001306333,634.2799903,6.368387667,2871.210016,21.547738,17.67304067,27.33097667,0.842691386,0.737985773,7.849684667,265.2503357,14041.01997,67.16586567,102.8634153,124.373783,109.057084,100.2788447,4036.758027,1077.640011,0.301394333,329.5353637,8314.449993,157.465678,9.397133333,1334.936676,2395.246361,19.563553,3.962166333,341.3910427,8.132984667,1.434834367,0.384513,3.285975,51.966334,3.607033333,5561.116638,3.640266,3.917056,63.40419967,3.750232667,1.340257,31.94000033,4.343960667,6.664134333,29.806333,2278.200029,26.22321567,3710.366765,22771.70483,12.579324
5/15/2018,3.672799,106.997871,24.033648,1.3388213,84.462921,1.650689,0.377015,6.877695333,3.653216333,1.287216,1.001323333,632.1228083,6.373000333,2865.756669,21.60669067,17.795667,27.32217733,0.84547055,0.740686442,7.849983333,267.5735553,14028.64734,68.20634033,103.580001,124.8132693,110.3124458,100.282334,4047.292445,1079.389992,0.301634,328.2743047,8323.051014,158.036604,9.413272667,1337.441436,2395.94352,19.69018833,3.954668667,341.140732,8.125586667,1.456980983,0.384591667,3.271312333,52.527807,3.633532667,5598.717379,3.640267667,3.919321667,62.25869933,3.750268,1.345083333,32.11774133,4.449681333,6.725756667,29.89764733,2277.766563,26.195581,3711.030047,22767.2563,12.57132633
5/22/2018,3.67282,107.3633323,24.28939833,1.318440004,84.05050533,1.659386333,0.377483,6.876042,3.652189333,1.281624333,0.993104,625.746657,6.361499333,2860.300033,21.796071,17.89073367,27.329833,0.848557195,0.744073311,7.849321,269.722903,14136.55145,68.013401,104.701666,125.2604837,110.780832,100.6941677,4044.806884,1074.883332,0.301922,326.6888007,8332.000174,157.8350783,9.437201,1345.716662,2393.704309,19.75604967,3.966334,342.1165297,8.051841333,1.440879038,0.384706,3.271913333,52.25936933,3.635417,5626.549923,3.640426333,3.925714333,61.20210633,3.750405667,1.338769333,31.98165233,4.68031,6.709349333,29.85657333,2278.100007,26.03299,3718.783465,22769.82278,12.568377
5/29/2018,3.672893667,109.2433327,24.84400533,1.335018534,84.065001,1.693220667,0.377470333,6.873982,3.725393333,1.302523333,0.990855667,629.3133237,6.419933333,2905.016634,22.46999067,17.88550033,27.329593,0.866609112,0.754529009,7.845576667,277.9764407,13991.53032,67.847467,106.380001,125.379322,108.5150599,101.3488323,4061.924445,1083.976676,0.302214667,329.852901,8352.466681,157.9057817,9.561021333,1348.341435,2403.09853,19.83629033,3.981225667,340.4202817,8.288053333,1.450449468,0.384832667,3.274987667,52.67523867,3.756073667,5716.70891,3.640275,4.022967667,62.859033,3.750233667,1.346006333,32.090223,4.556703667,6.718554333,30.073617,2277.133244,26.10197333,3761.481009,22828.52202,12.687565
6/5/2018,3.672892667,105.959999,24.920537,1.312096212,84.436759,1.671531667,0.377495,6.877592,3.802300667,1.294914667,0.984327333,633.7636113,6.401232667,2854.492375,21.850298,17.866853,27.347433,0.852945595,0.746126652,7.847232667,271.723329,13873.91582,67.09133233,105.2867447,127.2400397,109.8481941,100.980666,4049.201195,1070.673346,0.302033,331.954022,8354.999884,158.3386763,9.469999667,1348.341279,2402.245892,20.42010267,3.970946667,341.3332977,8.106923333,1.422930308,0.384922333,3.267380667,52.35850033,3.650431333,5666.400757,3.640266667,3.965492333,62.112633,3.749983,1.33438,31.91725467,4.595792333,6.681701,29.80659467,2277.716546,26.16191433,3783.571418,22828.90269,12.74770567
6/12/2018,3.672892333,107.575001,25.727667,1.320437494,84.21126033,1.663627667,0.377583667,6.876776667,3.716641667,1.301477333,0.986827667,637.4666747,6.402302,2873.836587,21.86600133,17.82716633,27.34849967,0.851253383,0.747790719,7.846416333,271.9943377,13931.3618,67.476666,106.7666657,128.848235,110.4216677,101.068499,4047.738475,1079.963343,0.301866667,334.4901397,8352.838891,159.4366647,9.460350667,1348.477633,2326.28877,20.70823167,3.989726,344.3612347,8.04923,1.427446583,0.384969,3.267472,53.046167,3.644217667,5663.467412,3.640267,3.966764333,63.03309933,3.749884,1.336620667,32.08095333,4.589768,6.67963,29.832895,2269.333375,26.08650533,3829.666681,22809.70341,13.314322
6/19/2018,3.672893667,108.4066663,27.73333367,1.35372599,84.169951,1.690200333,0.377733,6.877183667,3.743639333,1.327955,0.99411,639.9078973,6.481615,2916.986555,22.294533,17.85267367,27.34420033,0.862804562,0.758996164,7.849249,278.0916707,13937.45918,68.13333367,107.5933343,131.0616477,110.0675546,101.051334,4045.578779,1111.260016,0.302501667,341.1707103,8390.666794,159.9333313,9.538432667,1369.395117,2417.57699,20.52473233,4.000730667,341.233228,8.182346667,1.448642478,0.384972333,3.280094,53.28799967,3.720017667,5684.083838,3.640267333,4.027701333,63.822833,3.750318333,1.356066667,32.723333,4.739366,6.680317667,30.17866633,2272.199862,26.424918,3855.116818,22848.04049,13.73607967
6/26/2018,3.672793,107.777148,27.05999967,1.352730956,84.17150933,1.677646333,0.381616333,6.877288667,3.796225333,1.330337,0.990699,640.6545463,6.578833,2919.286538,22.24006233,17.85719033,27.35180033,0.858413552,0.756287165,7.848934667,279.8333357,14152.16834,68.364967,107.2333323,130.090542,110.096072,100.861166,4057.454412,1117.676672,0.302289667,339.488426,8388.41673,158.333689,9.506816,1388.695217,2454.035033,19.930178,4.021246,340.668747,8.128122333,1.45877836,0.384947333,3.267105667,53.624666,3.723600667,5682.133976,3.640934,3.998972,63.07800067,3.750266,1.362861667,33.01533267,4.614273,6.680512667,30.41207833,2273.799958,26.20304867,3880.554379,22907.4928,13.52915633
7/3/2018,3.672893333,107.8874643,27.92032467,1.354815047,83.89015433,1.677284,0.379453667,6.872791,3.896099667,1.314188667,0.992153,650.039688,6.648467333,2908.03335,22.401183,17.888833,27.33934633,0.857760953,0.758013213,7.844917667,280.69633,14336.43983,68.53536767,107.123334,128.7955007,110.4803337,100.7199993,4036.003177,1113.709995,0.302488,342.9557523,8409.899862,158.3366677,9.484898333,1406.088391,2446.672745,19.48913433,4.041322667,341.117222,8.135714,1.480763779,0.384703333,3.284712667,53.363834,3.770461667,5691.342178,3.640267,3.995897333,63.13526633,3.750069333,1.364915333,33.14333367,4.672230333,6.679480333,30.52744967,2272.466614,26.288272,3859.546618,23018.07607,13.67764667
7/10/2018,3.672797667,107.138334,27.35386133,1.345869683,83.777343,1.667201,0.379448667,6.87809,3.812036333,1.313311333,0.992364667,648.064127,6.636644,2873.105811,22.01323967,17.87583367,27.35600267,0.852267557,0.753954806,7.848316333,275.9246197,14317.73492,68.71833367,106.8100227,129.126355,110.8935007,100.8465893,4033.597564,1113.033315,0.302313333,342.863161,8405.999962,159.1858323,9.438975333,1412.13462,2446.815975,18.98863333,4.020854,341.7333373,8.025081667,1.465383923,0.384930667,3.269002333,53.44988867,3.679861,5669.452397,3.640267,3.969337333,61.77719967,3.750183667,1.358461,33.21000033,4.709224667,6.726396333,30.37166567,2272.263405,26.19549467,3795.347883,23019.45448,13.35473233
7/17/2018,3.672892667,107.8060943,27.50983467,1.354919603,84.15169133,1.675333333,0.378436667,6.875617667,3.839001,1.319859667,1.000261333,653.7566733,6.7096,2876.298037,22.180533,17.86666533,27.42155767,0.857911164,0.762934386,7.848183,277.433583,14331.48553,68.40166633,106.581838,130.4367333,112.958382,100.34837,4048.200239,1125.846683,0.302646667,343.515744,8409.772776,159.830001,9.475260333,1428.788903,2447.944336,18.88914433,4.043293,341.5932947,8.153868333,1.4759881,0.384695,3.268600333,53.413274,3.685674667,5715.0946,3.640267333,3.988898,62.62983367,3.7502,1.365326333,33.31686867,4.803123,6.698256333,30.50963467,2275.242026,26.238267,3708.321715,23029.12922,13.27612367
7/24/2018,3.672895,107.3466877,27.46233433,1.346861965,84.16629033,1.672301333,0.378251333,6.876883,3.7456,1.315115333,0.993529667,654.449996,6.797499333,2900.640885,21.975051,17.86637733,27.40903367,0.855766759,0.760575765,7.846316,278.945502,14462.88136,68.89953433,106.220063,131.2537257,111.2354061,100.486666,4030.917313,1127.62666,0.302951667,345.2101577,8414.541094,159.4248923,9.447801,1441.395703,2453.611041,18.864267,4.061666333,345.016632,8.177291667,1.470314177,0.384772333,3.272045667,53.27059167,3.681802333,5730.241957,3.640307667,3.960160667,63.348334,3.750181333,1.363742667,33.345509,4.880981333,6.711129,30.611667,2275.625612,26.581212,3703.455093,23194.76339,13.27767233
7/31/2018,3.673059333,107.5254443,27.41116633,1.347430328,84.30559033,1.673263,0.378164333,6.884422,3.754962333,1.301488,0.990323333,637.3755493,6.809533,2887.996151,21.88053867,17.85316733,27.52411167,0.855412941,0.762139605,7.848977667,274.17168,14371.80219,68.488744,105.513374,132.887497,111.8347211,100.533314,4051.029498,1112.899186,0.302718333,347.272448,8434.061615,159.601942,9.446965333,1456.900032,2449.722219,18.660121,4.050723667,341.8709823,8.157627667,1.469197477,0.384986667,3.270094333,53.01279133,3.6568,5721.966711,3.640655667,3.953138,62.33366767,3.750400333,1.361542,33.20339833,4.915966333,6.708119333,30.58060033,2278.934587,26.851256,3694.325604,23222.57089,13.25393467
8/7/2018,3.673060333,108.2254663,27.377991,1.347198965,84.31919867,1.686413667,0.377126667,6.889281333,3.751540333,1.3056,0.995257,643.0652967,6.828133667,2893.660845,22.05969867,17.86399933,27.560539,0.862006324,0.772645578,7.849551,275.7807023,14386.96469,68.61066367,106.6801803,134.4836307,111.357172,100.540059,4067.555059,1117.158881,0.302895,348.5991237,8444.838024,159.6946497,9.440699333,1467.895637,2448.956002,18.457366,4.075342333,341.892186,8.199932333,1.48418768,0.384979667,3.265522,52.86912533,3.67035,5731.638379,3.640821333,4.003206,63.50220033,3.750376333,1.363791,33.20183333,5.259513333,6.709187667,30.51699367,2280.869337,26.99046733,3690.863837,23238.92922,13.32964867
8/14/2018,3.673059333,110.5486327,29.71436167,1.381431263,84.33207167,1.723480333,0.377070333,6.890064333,3.866167,1.305621667,0.994098333,664.3302887,6.890066,3015.055721,22.65728867,17.88200567,27.57729433,0.881427239,0.786185383,7.849833333,284.5498837,14526.53969,69.95665433,109.4166927,135.0584263,111.2175843,100.6733563,4063.160346,1127.539903,0.303238,363.1371497,8496.63634,160.1280543,9.573828667,1491.797007,2450.138857,18.88743267,4.097344,342.0178227,8.414900333,1.521852794,0.385017,3.292935,53.45990867,3.792430333,5749.227827,3.640815333,4.103371667,66.509853,3.750366667,1.377942,33.285168,6.367251333,6.709788,30.819721,2281.79072,27.471868,3733.443034,23247.78422,14.26556633
8/21/2018,3.673061,108.3398807,29.97882333,1.358125411,83.772265,1.690769667,0.377119667,6.893966333,4.048929,1.303471667,0.984660667,664.0345917,6.840366,2991.576763,22.23103367,17.85200067,27.59435267,0.864073648,0.775007632,7.849466667,279.490826,14497.83469,69.82665733,107.276787,136.1671987,110.1913922,100.9333713,4064.62806,1116.876749,0.303144333,361.2486913,8507.666649,160.4759217,9.468139667,1510.471435,2455.628182,18.94860033,4.097001,343.0332523,8.401858667,1.492756437,0.384962667,3.296301333,53.37335033,3.708984333,5781.543609,3.640727667,4.011636,67.25699967,3.750516667,1.3655,32.65011867,6.069843667,6.710609,30.647293,2283.501513,27.69126133,3760.367843,23213.48839,14.39260533
8/28/2018,3.673061667,107.3918,31.45887867,1.362247629,83.60441533,1.67204,0.377110667,6.881823667,4.134862667,1.292887333,0.976483333,662.398823,6.803400333,2966.60546,21.97695033,17.88086733,27.570087,0.855260507,0.776972343,7.850266667,276.9591143,14546.64219,70.30800867,106.7667427,136.8790497,111.1656757,100.699314,4064.91735,1107.65997,0.302566,361.9007753,8507.386426,161.0332397,9.395301,1539.129644,2455.375217,19.06771,4.102004333,343.0724143,8.341762667,1.490078525,0.385004667,3.292166,53.316512,3.652468333,5809.505748,3.641001,3.969593667,67.83203233,3.750333333,1.363993,32.59802033,6.262678,6.704388333,30.63128833,2283.323128,27.951933,3765.165086,23233.90506,14.21276433
9/4/2018,3.67306,109.131814,38.95264733,1.392181237,83.80154633,1.690398333,0.377092333,6.892361,4.157883,1.317545,0.973939667,692.018746,6.845589667,3074.896184,22.214584,17.89133233,27.60345067,0.863099051,0.777730643,7.849666667,282.8455573,14765.13969,71.628565,109.403413,137.2464143,111.4683925,100.713192,4072.937071,1123.779764,0.302865667,368.7064293,8513.513844,161.8731973,9.440934,1539.834184,2460.031957,19.38145467,4.137653,341.5018793,8.393454333,1.526690893,0.385002,3.315039333,53.68014033,3.720725,5824.539928,3.640858333,3.996329,68.159802,3.750935333,1.375534333,32.79669267,6.673359667,6.712369333,30.73661967,2286.201507,28.45711667,3769.236101,23251.53089,15.33283333
9/11/2018,3.673094333,109.110889,37.94747667,1.405627991,83.79753033,1.686154333,0.376949333,6.893599667,4.152794667,1.306407667,0.972718,696.7945413,6.874899333,3081.419493,22.11165833,17.82233333,27.66552833,0.862155848,0.767966684,7.849966667,279.800823,14699.98053,72.76477933,113.3201067,136.1898853,111.6213323,100.7164943,4092.654001,1125.202119,0.302939333,380.582517,8510.655681,162.239467,9.431923333,1558.26951,2461.290058,19.19648667,4.144433333,343.5466143,8.323585,1.534272987,0.385013333,3.336080667,53.952253,3.710763667,5822.79679,3.640652333,3.992400333,69.39936667,3.750783333,1.375968,32.790832,6.433689667,6.733202,30.778328,2282.931799,28.082028,3789.70852,23224.85422,15.06421067
9/18/2018,3.672994,108.4011957,39.746014,1.384517775,83.85579867,1.675066,0.376999667,6.88826,4.159862667,1.297232,0.963973333,683.6883717,6.861397,3015.428307,21.780984,17.89299933,27.65053767,0.856614775,0.759841267,7.8437,277.3736583,14712.25886,72.89457233,109.6032897,135.910667,112.3047874,100.8329643,4095.909391,1121.825713,0.302752333,367.016844,8505.666647,165.6218277,9.393234,1557.630766,2476.37525,18.80423367,4.142002,343.4167043,8.155133333,1.518459303,0.384970333,3.304525,54.04905667,3.673055,5840.929879,3.640664,3.980127,67.34146767,3.750433333,1.370135667,32.55264967,6.389355667,6.708371667,30.748405,2284.266498,28.14668433,3819.061707,23222.83756,14.882101
9/25/2018,3.672960667,107.349987,38.27283233,1.379520115,83.93401067,1.662398333,0.376899667,6.895166667,4.074966667,1.29554,0.965173333,666.598321,6.867533,3002.069062,21.752752,17.89934067,27.82577233,0.849926831,0.758719927,7.810033333,275.511826,14789.16053,72.826006,109.499919,135.549933,112.9759666,100.9326633,4099.436257,1116.863321,0.302529333,357.1268983,8506.468509,168.6682733,9.350801,1596.300862,2495.498519,18.99063367,4.136302333,343.7667513,8.130908333,1.505101965,0.384923667,3.304501,54.28533233,3.644213333,5872.501665,3.640733333,3.959664,65.78873433,3.750266667,1.366022667,32.40804567,6.182052333,6.714833333,30.625387,2283.333276,28.087331,3818.436236,23271.27756,14.345412
10/2/2018,3.67306,109.010115,38.07333933,1.391465256,83.87802267,1.693405667,0.376961667,6.890671667,3.940844333,1.282091667,0.983872333,661.0798063,6.874332333,3007.375228,22.337345,17.894496,27.78748633,0.865851938,0.770482043,7.834601,279.6432063,15045.55333,73.185,112.2600013,133.8989227,113.6025003,100.9536737,4078.999945,1118.449428,0.303307,363.2391937,8508.999988,169.278946,9.4525,1536.063742,2517.20427,18.79953333,4.140999333,343.9398497,8.171995,1.517501097,0.385012667,3.312145,54.196988,3.71952,5893.046532,3.641162,4.040375333,65.423034,3.75005,1.372931333,32.33822133,5.987673,6.709644333,30.65930767,2286.132816,28.264779,3818.438488,23298.48006,14.360076
10/9/2018,3.672959667,109.1586057,37.18393233,1.406453023,83.92432567,1.700361667,0.376889,6.891113333,3.715967,1.294093333,0.991741667,681.0761543,6.920499667,3050.661736,22.44382567,17.895165,27.797352,0.869581591,0.76035473,7.833594,282.209336,15226.27333,74.410276,115.2932097,132.978061,112.9858343,100.949998,4072.845672,1132.653095,0.303742667,371.9763123,8526.178377,170.9931473,9.478766333,1565.329726,2534.758341,19.01100333,4.155332667,343.97526,8.261816667,1.54294781,0.385010667,3.327138667,54.17227467,3.742933333,5904.342703,3.640727333,4.051682333,66.22266533,3.7504,1.381803,32.90596667,6.104101,6.710952333,30.956646,2286.038464,28.03140733,3787.994094,23323.02256,14.563222
10/16/2018,3.672961,108.1766027,35.88433967,1.400775408,84.06522433,1.689676,0.376913333,6.891038333,3.724932333,1.293486333,0.990516667,669.056682,6.911784333,3067.473638,22.310341,17.89315967,27.83215267,0.863940396,0.758371382,7.837058,277.9980047,15201.96667,73.46366533,117.9665793,133.404825,112.3138084,100.8933513,4074.33422,1123.110056,0.302926,366.9559217,8521.325248,170.7732337,9.439067333,1598.671726,2530.375894,18.75375233,4.152810667,344.2472833,8.144528333,1.519178016,0.384976667,3.330701333,53.82966133,3.7024,5939.658767,3.640665667,4.030525667,65.331534,3.751269,1.374614333,32.50053933,5.689226667,6.710753667,30.76902567,2291.002549,27.924789,3778.329052,23308.84839,14.17130867
10/23/2018,3.673060667,108.6880827,36.57296733,1.410643949,84.68064133,1.704601333,0.376949333,6.89468,3.695001333,1.308580667,0.994861333,682.098637,6.938271333,3107.916898,22.473123,17.90416567,27.841228,0.871774866,0.770367778,7.838886667,281.364007,15184.535,73.33397833,118.5867747,131.2863703,112.446172,101.098657,4067.202953,1136.663289,0.303306,363.3147207,8528.155177,172.573171,9.489199,1583.531788,2529.874457,19.29479333,4.162696,344.1640957,8.288321667,1.52636156,0.384976333,3.3347,53.76447133,3.74592,5992.504115,3.640734333,4.064646333,65.533834,3.751882,1.377853333,32.809004,5.742911667,6.711677,30.94800333,2293.801005,28.15384633,3759.512138,23316.97506,14.238497
10/30/2018,3.672898667,109.9535363,36.724966,1.408333845,84.68637767,1.723569,0.37681,6.890767667,3.696434333,1.311266667,1.005083667,693.3951413,6.967933667,3199.11761,22.81936733,17.89266333,27.90553933,0.881405757,0.786991551,7.844266667,286.02947,15238.55833,73.66321,121.3298943,130.0293103,113.0686017,101.8266557,4062.282501,1138.720395,0.303853333,368.731609,8538.666686,173.3489787,9.556231,1604.16493,2537.214644,20.06516733,4.182009667,344.194418,8.410221,1.525320539,0.384794,3.36165,53.51001433,3.817211333,5996.166543,3.640661667,4.111301,65.49033167,3.750615667,1.385121,33.27338233,5.473727,6.709983,30.91365433,2291.000011,28.165151,3757.29316,23313.22089,14.60379467
11/6/2018,3.672961,92.315736,35.607499,1.380467588,83.678381,1.711496333,0.376886333,6.888525333,3.761533667,1.311842,1.001803667,680.414483,6.920666667,3155.782544,22.611499,17.918008,27.92827,0.87449764,0.762918545,7.832333333,281.438988,14821.75,73.09933333,120.616723,126.887642,113.3764173,101.8159223,4041.10226,1120.879907,0.303657667,370.6625567,8540.381682,173.364449,9.488376667,1589.66562,2532.01234,19.72156667,4.168330667,343.846981,8.357087,1.483969857,0.384992,3.370300333,53.01161067,3.763049667,5966.531781,3.640657,4.078168,66.042675,3.751033333,1.372953667,32.91019133,5.359566667,6.708496333,30.722227,2288.531279,27.97116067,3753.864461,23297.72089,14.10874033
11/13/2018,3.673059667,110.321183,36.01462233,1.383917764,83.67624867,1.731382333,0.376906333,6.889964,3.802999333,1.322788333,1.006293333,691.3898273,6.952707667,3178.610992,22.948548,17.89499633,27.945455,0.884637018,0.769241527,7.830856667,285.5971177,14806.26667,72.57976967,124.063441,126.3238473,113.7968403,102.773243,4033.651687,1131.923286,0.304267333,374.797533,8549.767842,176.0399963,9.540935333,1605.302952,2537.727852,20.475533,4.192593333,343.8918167,8.485912667,1.477747914,0.384948667,3.377818333,53.04973867,3.797766667,5921.086843,3.640832,4.120925,67.99029967,3.750600333,1.378249,32.93475833,5.4785,6.709895,30.80465267,2290.795559,27.87816933,3740.383712,23286.13756,14.43880467
11/20/2018,3.673060667,109.355351,36.16914633,1.385917564,83.185343,1.719962333,0.376927,6.860239,3.757092,1.330622667,0.994791333,671.648902,6.944900667,3195.695151,22.886277,17.892675,27.97517467,0.879377492,0.782020143,7.83099,282.640155,14620.74333,71.42332633,123.9433427,124.923256,112.722833,102.8009343,4028.770138,1129.9758,0.303874,366.3762757,8539.666515,177.186544,9.497873333,1595.175548,2540.084128,20.373981,4.189678,344.583289,8.583591,1.472823661,0.384996,3.3812,52.437594,3.79084,5893.575744,3.641003,4.102532667,66.10210067,3.751783333,1.374879667,32.984166,5.381747,6.678233333,30.95331533,2298.199662,27.63199133,3724.267453,23307.10172,14.10151433
11/27/2018,3.672999333,109.878009,38.53635467,1.383805429,83.74576267,1.732298,0.376857,6.889309,3.874922667,1.329512,0.998518,675.3174163,6.951432333,3253.257066,22.95053333,17.915233,28.02897567,0.885386176,0.784696104,7.826566667,286.7733807,14537.91167,70.856995,125.286304,125.6908773,113.7793343,102.5640957,4035.278088,1130.756669,0.304147667,372.8105163,8542.333512,180.2733113,9.536339,1594.836973,2559.007197,20.47027,4.189665333,344.5999593,8.597870667,1.472053721,0.384923,3.379236667,52.62412367,3.800333333,5933.947745,3.640992667,4.122413333,67.06136567,3.752283333,1.377489667,33.044167,5.264313333,6.709337667,30.90999133,2301.589584,28.117744,3727.196836,23315.00006,13.921564
12/4/2018,3.673061,109.329975,37.36300367,1.361979295,83.62016167,1.723597,0.376944333,6.893235667,3.852533667,1.325785,0.997375667,670.598454,6.840965333,3183.943319,22.862574,17.894008,28.12544667,0.881595424,0.786229051,7.804081667,285.2899613,14370.63333,70.60056333,123.0300847,126.0233777,112.7202589,102.5333903,4010.590801,1111.260019,0.304038,371.3700553,8550.666875,178.9600133,9.510133,1534.722113,2565.821033,20.51220033,4.146667,344.3492167,8.507486333,1.44187713,0.384930333,3.3827,52.798186,3.7743,5898.877028,3.640832,4.099867667,66.83802733,3.751766333,1.365216333,32.77002667,5.385202333,6.709966667,30.76499567,2298.602819,28.03383667,3724.034304,23266.34589,13.842114
12/11/2018,3.673059667,109.2600343,37.79700433,1.386832815,83.747089,1.727686333,0.376899,6.892292,3.903933333,1.338211,0.993245,683.508793,6.900455333,3193.964904,22.841331,17.894056,28.046649,0.883388235,0.800668438,7.816656667,285.8845463,14619.53333,72.412757,123.8099083,127.1785877,113.3776667,102.483435,4022.887567,1128.616759,0.303933333,370.4386597,8545.816179,179.226674,9.523628333,1571.793449,2570.300427,20.18869,4.183858667,344.9460173,8.576304,1.452784972,0.384856333,3.361061667,52.75059133,3.798758333,5919.988687,3.640922667,4.112532667,66.39759967,3.751633,1.37335,32.81933467,5.362154667,6.708961333,30.79102767,2305.185953,27.713769,3730.101715,23278.47089,14.33081
12/18/2018,3.672959667,108.15233,38.247596,1.39176922,83.75767467,1.720230333,0.376939,6.890293667,3.912401667,1.345933333,0.992533333,689.946145,6.893700333,3197.892047,22.637253,17.89265967,27.753146,0.879459736,0.790466653,7.819467333,283.3181497,14493.88141,70.561347,122.246707,127.5758157,112.5193343,102.3999197,4009.337355,1126.21674,0.304,370.9686503,8548.000045,179.9734283,9.569906333,1579.46126,2566.324952,20.06423367,4.187999667,345.3167303,8.726956667,1.45994346,0.384923333,3.341505667,52.94082167,3.768966667,5912.243387,3.640660333,4.085323333,67.42146667,3.750750333,1.370092,32.71600033,5.341566333,6.733294,30.72733033,2298.458663,27.833908,3695.572364,23331.63641,14.339099
12/25/2018,3.673062,107.4416583,37.922424,1.419844037,83.73582833,1.717472667,0.376843,6.895102,3.904033,1.358775,0.985435667,689.9196777,6.896999667,3292.349983,22.68178633,17.8755,28.05494167,0.877468069,0.788266276,7.83244,281.8324047,14601.75,70.13633667,116.8134683,127.8828577,110.3707996,101.7336133,4019.528833,1123.799922,0.303660333,371.3160353,8544.378735,181.4107373,9.553337667,1564.27151,2569.105666,19.945363,4.179266,344.4962993,8.757896667,1.486429998,0.384968667,3.355797333,53.03287733,3.761633333,5908.063927,3.640496,4.075153,68.718501,3.751366667,1.372298,32.56441533,5.287161667,6.762543333,30.811321,2305.139556,27.362536,3697.82989,23266.52309,14.617744
1/1/2019,3.673034333,107.6987247,37.64166733,1.418591145,83.67925633,1.699547667,0.376799333,6.896883,3.881067667,1.362988333,0.981902,693.6121297,6.874833667,3245.118029,22.447565,17.89883067,28.07971867,0.872479696,0.784140072,7.833056667,280.206428,14403.03333,69.64259067,116.3933807,126.900424,109.6851683,101.8257817,3990.924334,1113.807807,0.303209,384.0814603,8538.008491,182.7933277,9.546924333,1540.829166,2572.645922,19.63714833,4.131319333,344.229984,8.64503,1.489560092,0.384908,3.368328333,52.501484,3.741336667,5949.138249,3.641003,4.05863,69.23570167,3.733566333,1.363,32.24166767,5.290566667,6.7973,30.52899467,2298.336728,27.69424633,3697.037018,23187.50226,14.39068467
1/8/2019,3.67306,108.2611337,37.535996,1.397507136,83.76405767,1.708586667,0.3769,6.890544667,3.713502,1.325557,0.980886333,680.3272037,6.852944333,3165.01517,22.386101,17.91366733,28.32374533,0.873281958,0.785485994,7.839066667,280.9000357,14143.35844,70.20511633,118.874354,127.933932,108.7557468,101.843443,4003.101433,1121.998165,0.302973667,375.1509013,8552.299513,182.5600803,9.494913667,1535.800425,2584.839149,19.34664333,4.116546667,345.0100747,8.538913333,1.484873276,0.384926667,3.342239667,52.47471667,3.751666667,5991.630492,3.640518,4.077273,66.91263233,3.7513,1.357323667,32.02266267,5.482327,6.752303,30.82698667,2298.396701,27.85551067,3731.904647,23202.89506,13.953184
1/15/2019,3.673059667,109.0274317,37.104673,1.387985963,83.77992567,1.713705,0.376912333,6.891899667,3.717334,1.32616,0.987557667,675.412693,6.764932333,3138.501038,22.373732,17.894333,28.42790367,0.876105683,0.777181977,7.843568,283.038016,14107,71.098332,121.3266713,129.4466357,108.6533889,101.765525,4006.016065,1122.806892,0.302856667,378.7500237,8552.666783,182.2532287,9.531089,1518.097555,2587.96675,18.978491,4.104671,344.9332383,8.539820333,1.466384144,0.384877,3.332892333,52.05935867,3.759677333,6023.481488,3.640999333,4.100701333,67.03196667,3.751683333,1.355411333,31.89678433,5.444361,6.782633333,30.8373,2301.86792,28.137334,3695.523144,23212.39424,13.73387067
1/22/2019,3.673027333,109.5911793,37.499162,1.404173657,83.83947133,1.720235,0.376966667,6.906909333,3.814966667,1.335584333,0.997122333,673.6765933,6.810275333,3135.155838,22.55393633,17.89367033,28.368046,0.880157899,0.771802197,7.845760667,279.9745353,14215.43632,71.243467,120.7168127,131.541561,109.3615823,101.6818587,4006.698802,1130.949527,0.3031,379.1528553,8557.203501,182.12326,9.560964,1540.366733,2577.414644,19.16836567,4.133334333,344.3940847,8.601896,1.481445998,0.384926667,3.335901,52.84963967,3.77191,6062.712051,3.640683667,4.199341667,66.499799,3.7508,1.359722333,31.77883333,5.339374333,6.768158,30.89098067,2306.523685,27.78864,3694.766331,23193.95894,13.96712267
1/29/2019,3.673061333,108.9248733,37.62688033,1.397478273,83.674319,1.710172,0.3769,6.874511667,3.720006,1.326966,0.994566667,667.2413557,6.737577,3157.205819,22.536567,17.61083333,28.375085,0.87463888,0.76482439,7.846066667,277.3660503,14084.01329,71.48248233,119.7165863,132.695125,109.410602,100.7667497,3998.035837,1118.24159,0.303061333,380.1220827,8560.369731,180.81656,9.526299,1507.373863,2565.569963,19.058403,4.106332333,343.3801393,8.494736667,1.464970341,0.384920333,3.357299,52.44834267,3.755539667,6066.821062,3.640981333,4.163034333,65.994034,3.75025,1.352126333,31.46166667,5.308607,6.758431333,30.793293,2311.334236,27.78152933,3668.183532,23197.21118,13.60952833
2/5/2019,3.672976667,108.933477,37.207633,1.381224691,83.95303933,1.714495,0.376897667,6.899617667,3.669699333,1.312591,0.999763333,651.3758493,6.750384333,3096.470026,22.539192,17.58033,28.419123,0.876420198,0.772094367,7.845373333,278.4541493,13950.72917,71.60826433,120.0179157,136.393032,109.9478347,100.0688943,4005.000034,1118.577207,0.303129333,377.7968893,8561.999933,178.2564543,9.541900667,1520.727263,2567.097974,19.03577533,4.092333333,342.9264507,8.482319333,1.449701544,0.384929333,3.323401,52.301629,3.757481667,6031.715562,3.640908667,4.156368333,65.62206767,3.749967333,1.351093333,31.24349967,5.198756667,6.759202667,30.73731333,2319.532472,27.18032767,3676.703744,23211.87432,13.373733
2/12/2019,3.672967,109.7982477,37.94966,1.408373563,83.85848167,1.725413333,0.3769,6.893141333,3.709603,1.323143333,1.006203667,660.182789,6.773525333,3125.048923,22.816464,17.58465967,28.45696733,0.882559728,0.77574473,7.84834,280.7056087,14031.3117,70.634326,120.699978,134.3551493,110.5040007,100.2332917,3994.060549,1120.97702,0.303575667,373.9958383,8573.069745,178.2664637,9.499967667,1538.463735,2582.537034,19.24840667,4.073998,342.91831,8.644213,1.484083828,0.384900667,3.331514,52.08735333,3.819446667,6034.930346,3.640833667,4.190958333,65.84606767,3.750333333,1.356049667,31.27583333,5.25081,6.752914667,30.80071,2323.200051,27.085051,3664.714377,23171.92476,13.764067
2/19/2019,3.673059,109.5841227,39.270991,1.395552367,84.08113433,1.724252333,0.376875333,6.895772,3.723300333,1.320924,1.001259,655.4763367,6.753966333,3116.059554,22.636967,17.52066867,28.463375,0.881781738,0.765663848,7.8491,279.796619,14104.60441,71.398002,119.5967547,133.303266,110.5912128,100.1532443,3994.166558,1122.23326,0.303627,377.78648,8580.666742,179.549329,9.522133667,1530.663808,2592.008433,19.15043367,4.080534333,342.9278587,8.568511667,1.453779656,0.384896667,3.314088333,52.16760933,3.818567,6057.035002,3.640900667,4.186174,65.762899,3.749982333,1.352752667,31.125822,5.283553333,6.762564,30.787662,2331.391514,27.15120867,3668.264226,23161.37694,14.041401
2/26/2019,3.673027333,109.809768,38.87566267,1.390670589,83.97561467,1.71815,0.376939333,6.893752333,3.748734333,1.3165,0.999763667,647.9737417,6.695266333,3086.08978,22.49669267,17.503166,28.48718533,0.877928902,0.754418994,7.849,277.850337,13974.33333,70.946662,119.4333463,130.4213283,110.5644246,100.1600393,3989.645861,1115.027163,0.303528333,377.762234,8574.177837,179.806658,9.535497,1519.736549,2565.425922,19.18090167,4.068881667,342.898548,8.559176667,1.450865967,0.385006,3.305461667,51.95882867,3.794989667,6077.810975,3.640728,4.180624,65.674566,3.750200667,1.347352,31.29383367,5.304,6.768581333,30.76400967,2343.198178,27.013425,3672.526734,23182.15209,13.83539667
3/5/2019,3.67306,110.2466627,39.825997,1.411355833,83.95045067,1.729781667,0.376913667,6.903902667,3.775632667,1.335212333,1.004449,657.6869207,6.7064,3098.48595,22.66192567,17.44907,28.48362333,0.884481371,0.759752094,7.850466667,279.0192623,14141.32772,70.57949933,121.009901,127.0319637,111.8786557,100.1033203,3892.00661,1126.390381,0.303567,377.6753203,8573.333424,179.090927,9.601996667,1518.13238,2568.78928,19.25705433,4.079467333,342.289725,8.664451,1.471377661,0.384936,3.311000333,52.24448767,3.804254333,6067.843467,3.640733,4.196769333,65.79863267,3.750450333,1.355675333,31.756852,5.386500667,6.777255667,30.84036367,2343.633286,26.803315,3693.778479,23217.67391,14.16692833
3/12/2019,3.673059333,110.4581147,41.479327,1.414781793,83.86200567,1.732699,0.376954333,6.883956667,3.812472,1.335703,1.007617667,665.3595073,6.707401333,3154.644921,22.73490767,17.39317133,28.50076667,0.885984839,0.765263454,7.849906667,279.1999873,14262.86268,69.69822733,119.7299083,125.7373317,111.3251657,100.2234273,3987.6878,1127.993264,0.303870333,378.1282383,8584.333531,178.7000513,9.617099667,1517.294459,2567.91111,19.347566,4.080989333,341.3167293,8.63468,1.458804825,0.384936667,3.300233667,52.87973,3.80914,6094.013739,3.640839667,4.231077333,65.60756667,3.750233333,1.356061667,31.64716,5.456430333,6.757546667,30.897973,2341.534432,26.45033433,3704.267003,23176.10891,14.34929
3/19/2019,3.673059,109.8439263,40.506198,1.410851429,84.120205,1.722714,0.376897333,6.901044,3.788991333,1.332324667,0.998884333,667.227739,6.713342333,3098.047596,22.56172167,17.27334033,28.43412033,0.880850967,0.753651969,7.850366667,275.679937,14228.66667,69.11836733,116.8299817,124.4531903,111.3986078,100.8232727,3983.034443,1130.446517,0.303423,376.416711,8579.666634,178.46899,9.595283667,1540.201492,2585.980588,19.01099533,4.075999,341.9832633,8.526972,1.459155648,0.384946667,3.297966667,52.808014,3.776157333,6128.688327,3.640727,4.193673333,64.368133,3.750266333,1.351184,31.67325367,5.475878333,6.777524,30.80298933,2343.530455,27.195879,3707.718856,23206.69595,14.503868
3/26/2019,3.672914667,110.7637743,42.615834,1.401386052,83.77178533,1.734928,0.376919667,6.887048,3.876644333,1.338094333,0.993998333,680.4626997,6.718064667,3150.785661,22.83903433,17.291033,28.54038867,0.88721103,0.757049075,7.84909,282.6499767,14171.65,69.16001733,121.77998,124.9599327,110.5842083,100.9648983,3996.001812,1134.889999,0.303418667,378.163857,8587.785292,177.3232577,9.630913667,1519.30096,2584.280501,19.10320067,4.073065667,342.3117687,8.541707,1.447878641,0.384913,3.302663667,52.64726467,3.806353333,6148.358882,3.640518,4.215173333,64.364101,3.750206,1.352070667,31.63416267,5.352947667,6.758674,30.84903233,2338.461956,27.003988,3705.768694,23223.81497,14.41549867
4/2/2019,3.673060333,111.6781233,42.70432,1.416059052,84.080922,1.745356667,0.376926,6.893585333,3.853363667,1.334225667,0.9981,673.2490003,6.723995,3142.312012,22.970384,17.30716833,28.59046267,0.892624244,0.761795227,7.849626667,286.6723213,14218.33367,68.91673267,121.420065,125.0189807,111.3100707,100.7631753,4014.437128,1137.233436,0.304460333,379.56148,8607.309754,174.5000933,9.669765,1509.265618,2584.232019,19.22983333,4.088320333,341.6536263,8.601702667,1.4809773,0.384930333,3.310093667,52.56350967,3.834884667,6175.618241,3.640989667,4.246440333,65.33850033,3.750338333,1.355407,31.767665,5.613179333,6.760720333,30.84100133,2310.266384,27.178607,3717.830961,23196.08408,14.21200067
4/9/2019,3.672994,110.656388,43.37005033,1.403365991,84.09694833,1.735738667,0.376943333,6.889492333,3.849859667,1.332923333,0.999708333,664.578021,6.713910333,3111.672571,22.749188,17.31416567,28.70078,0.887780201,0.765863595,7.841563333,286.0685933,14139,69.27111233,118.9133327,128.130684,111.1065536,100.8621783,4019.647533,1140.758421,0.304319,379.6939277,8607.210339,174.7211763,9.630233333,1503.871507,2584.453956,18.92064267,4.093324333,341.9177433,8.557141333,1.481773143,0.384910333,3.290827667,51.99587667,3.803881333,6178.484966,3.644693,4.223557667,64.904001,3.7504,1.353316333,31.76412167,5.688014,6.748685333,30.82764233,2310.066588,26.70266167,3743.899915,23206.71221,14.084487
4/16/2019,3.673005667,110.098971,42.30363233,1.395086074,84.21921933,1.733022667,0.376925333,6.890631667,3.904565333,1.33564,1.007707333,661.7650083,6.712219333,3155.972969,22.74984067,17.29313667,28.77718467,0.886279941,0.76654266,7.843304667,283.285179,14083.33333,69.64864533,120.1233527,129.016982,111.993833,101.073267,4042.693614,1137.362629,0.303951,379.9290253,8615.822801,174.6611663,9.601366333,1516.103474,2587.901439,18.87561467,4.131998,342.016332,8.491764667,1.486692048,0.384946667,3.294755333,51.78818467,3.786836667,6204.99998,3.640664667,4.217221333,64.06150067,3.750283333,1.354505,31.83483333,5.779193,6.760301667,30.86168467,2315.589763,26.70930133,3732.489788,23210.73258,14.03172333
4/23/2019,3.67306,110.0789337,42.399019,1.40884412,84.194636,1.742265,0.376961667,6.890949,3.919766667,1.342715333,1.020145333,667.7579927,6.726626667,3174.237598,22.92305267,17.15509967,28.78547967,0.890930199,0.772947911,7.842546667,285.6061663,14069,69.76485033,120.926704,131.0506677,111.8746457,101.3005267,4045.220475,1142.701718,0.30407,378.470558,8603.800058,174.6265347,9.615042333,1533.838452,2572.907583,18.91377833,4.127014667,342.3162833,8.549773,1.502769282,0.384931,3.310594,52.131204,3.81753,6244.495846,3.640518,4.238374333,63.701132,3.750155667,1.356866667,31.97834467,5.834583333,6.771820333,30.865321,2303.393966,26.63781333,3736.301402,23234.46093,14.26186933
4/30/2019,3.673035333,109.7401423,44.317341,1.418570742,84.23275567,1.746287,0.376977,6.890293333,3.919198333,1.338860333,1.019081,677.5792167,6.735252667,3239.653347,22.855137,17.15499867,28.784399,0.891600984,0.767053938,7.845266667,288.7152103,14261.83333,69.58973133,121.5533983,133.204917,111.4022786,101.0328443,4036.992829,1163.923429,0.304267333,380.8889977,8637.44788,176.1266077,9.648337,1520.731574,2572.523522,18.940275,4.135,341.669413,8.63087,1.501646784,0.384984,3.305594,51.76874967,3.821701333,6278.851812,3.640773,4.241400333,64.58803467,3.7508,1.360086667,31.900995,5.964468,6.758707333,30.898975,2302.129453,26.387845,3747.309554,23285.88891,14.300906
5/7/2019,3.673060667,110.31944,45.26589267,1.426719684,84.37057767,1.747570333,0.376894,6.892604333,3.970196333,1.347185,1.019602667,684.4995187,6.782664333,3282.369779,22.988407,17.13365667,28.799905,0.89366435,0.765117618,7.848461,289.6058563,14296.72036,69.724535,122.186613,134.155056,110.255992,101.0678693,4054.754352,1172.279188,0.304154,380.7440573,8637.087734,176.916679,9.673866333,1522.665612,2569.468104,19.03962333,4.149201,341.8937977,8.746083,1.515725327,0.38494,3.312793,52.057365,3.833268,6341.564702,3.640981333,4.249708,65.39273333,3.750050667,1.362968,31.91399633,6.155442667,6.75976,30.944664,2300.209293,26.37514467,3768.067386,23298.53858,14.43614633
5/14/2019,3.673060667,109.952907,44.93799367,1.441233198,84.277644,1.744783333,0.376903667,6.887948,3.975900667,1.346077,1.008702333,692.184461,6.884965,3295.71298,22.98152667,17.054665,28.82633533,0.89257935,0.774886168,7.849366667,289.5401297,14428.3393,70.32053233,122.5901493,135.57955,109.6473337,101.0733653,4051.843385,1187.553497,0.304146,380.094608,8635.886006,176.6899593,9.650830333,1540.964524,2593.995002,19.15589167,4.170000667,342.0845557,8.745855333,1.521683633,0.38493,3.322934,52.313681,3.845206667,6326.159744,3.641632333,4.247597,64.893933,3.750133333,1.368902667,31.510002,6.032901333,6.750360333,31.15202467,2301.603595,26.24468167,3770.002663,23396.23318,14.24837567
5/21/2019,3.673061333,109.7568083,44.78650067,1.45288162,84.33515567,1.752465667,0.376954333,6.893493333,4.038966333,1.340433333,1.010944333,695.402447,6.912465667,3342.548655,23.08829267,17.00283233,28.84878133,0.89583932,0.787000232,7.8493,292.1368117,14461,69.75332467,123.39328,134.4439607,110.5397218,101.2231537,4044.674692,1192.406699,0.304283667,379.1520933,8625.33198,176.106718,9.686233667,1538.032135,2570.055345,19.01094633,4.185101,341.966551,8.75778,1.537085577,0.384955333,3.344401,52.384448,3.856933333,6294.841764,3.641014667,4.267266667,64.371834,3.750266,1.376830667,31.94745833,6.058201333,6.755371333,31.453589,2297.856058,26.23094367,3760.651273,23378.73561,14.41374633
5/28/2019,3.673059333,109.637242,44.65625367,1.44423539,84.28957033,1.752439,0.376863333,6.892936333,4.024800667,1.348989,1.007313,707.3943277,6.913571333,3368.825628,23.151979,16.82116567,28.852928,0.895617116,0.790112957,7.849166667,292.9184983,14399.83333,69.71050167,124.180802,134.2671217,109.3560047,101.3032747,4053.939931,1187.765755,0.304162667,381.0694623,8691.988856,176.3700997,9.711629,1535.905162,2570.953513,19.188858,4.187995667,342.166634,8.717668,1.528227408,0.384887,3.351133667,52.292204,3.848616667,6289.225094,3.641293667,4.264457333,64.66839867,3.749816667,1.379076333,31.86533267,6.029932333,6.76586,31.543295,2295.987677,26.48478233,3764.728242,23425.29812,14.712138
6/4/2019,3.673026667,108.4367637,44.675419,1.430476722,84.42901433,1.738008333,0.376926,6.889087333,3.854833333,1.339165333,0.992323333,693.1873317,6.912067667,3335.252886,22.851367,16.754199,29.00673367,0.888667295,0.787373218,7.841166667,286.075164,14273.23333,69.38767233,123.9333997,134.0475713,108.2191593,101.2001237,4060.627912,1177.209917,0.304190667,384.3263957,8649.333423,176.2750047,9.660667667,1526.497516,2574.823373,19.56685033,4.169999667,306.445999,8.695129333,1.513420847,0.385037,3.351542667,51.766605,3.801189333,6279.13314,3.644693667,4.203735667,65.155135,3.750200667,1.366324,31.30983567,5.775969,6.752916333,31.34434967,2296.063339,27.141859,3763.140811,23400.85719,14.64411333
6/11/2019,3.673059667,107.4086383,44.672003,1.436694536,84.39736367,1.726485,0.376929667,6.888216,3.856665667,1.328036,0.99227,692.8700473,6.915532667,3255.03793,22.60786867,16.74340967,28.968548,0.88267148,0.785953977,7.836318333,283.4383823,14276.65308,69.38716533,124.1508497,129.7374177,108.4848224,101.1900987,4069.642626,1178.123246,0.303738667,383.999728,8658.333235,176.3776103,9.615599333,1523.294594,2579.330333,19.122199,4.162733333,342.333312,8.629085,1.519070349,0.38488,3.327859333,51.95396733,3.763382667,6249.364545,3.640826,4.165375667,64.55596767,3.750432333,1.363671667,31.26849867,5.801762333,6.759939667,31.37799233,2296.328655,26.38217833,3751.920992,23336.76981,14.66609133
6/18/2019,3.672993,108.8503693,43.44333033,1.453692972,84.50787433,1.746414667,0.376986333,6.893073333,3.860528,1.337467667,1.000564667,695.8444323,6.902732667,3265.15883,22.86934233,16.75250367,28.96890133,0.893204065,0.796002662,7.831873333,288.656977,14301.68497,69.61930867,126.3332097,128.8803313,108.532607,102.069999,4077.333374,1173.74385,0.304187667,383.9396907,8656.666808,176.7769813,9.629833667,1530.029004,2586.578536,19.12426033,4.169733,341.983292,8.739427333,1.530785582,0.384853667,3.335609667,51.81933133,3.80353,6214.736336,3.640833667,4.216538,63.99413333,3.750233667,1.366509667,31.21568567,5.827342,6.767055333,31.28111467,2296.74445,26.382268,3730.130364,23337.71625,14.52015467
6/25/2019,3.672994,107.0739563,42.355253,1.436962393,84.496235,1.720035667,0.376919667,6.892143,3.847231,1.317438,0.974994667,681.647373,6.880925,3190.767445,22.38461133,16.68366267,28.567861,0.879714471,0.787872206,7.810496,284.4193417,14122.44455,69.43163133,124.4300837,129.730367,107.1714539,102.1160363,4065.313327,1156.119864,0.303182,378.885766,8709.322251,176.4540023,9.526133,1513.497127,2587.001666,19.228636,4.134002333,342.0433233,8.539403333,1.507260618,0.385006667,3.297926,51.40532733,3.743602667,6206.152721,3.641175,4.148890333,62.89033433,3.750266333,1.354463667,30.71654667,5.794266667,6.762422667,31.01400467,2297.059789,26.17758433,3705.594169,23311.47494,14.34
7/2/2019,3.673061333,107.9706113,42.14128633,1.429779323,84.513234,1.731787,0.376813667,6.890149,3.845127667,1.310101,0.985669,680.1683443,6.877601,3207.564924,22.540658,16.62282267,29.02244633,0.885869369,0.793940697,7.799526667,285.9863463,14177.66667,68.95464,125.4701507,130.6564177,107.8417157,102.9710323,4073.339292,1166.54341,0.303718667,382.662561,8711.123371,176.4041267,9.605121667,1514.465318,2657.784926,19.056289,4.140666333,342.4964907,8.567560333,1.497990878,0.38478,3.291390333,51.18932333,3.758482333,6194.523635,3.640814667,4.192726333,63.303601,3.749866667,1.355768333,30.61166667,5.652042333,6.756889333,30.97301,2299.554128,26.18160033,3703.998231,23247.65781,14.08616967
7/9/2019,3.673061,108.604608,41.80334033,1.44389513,84.46851,1.745653333,0.376923667,6.893414333,3.800331333,1.312678333,0.993564333,688.1731007,6.891065667,3216.183083,22.80263433,16.59733733,28.32250467,0.892426694,0.802550763,7.808466667,290.5166563,14177.96667,68.625004,126.579888,131.9530433,108.9009406,102.8231413,4072.644443,1182.391398,0.304229667,384.1250147,8689.999939,175.802073,9.582465333,1508.102427,2657.718527,19.158762,4.141534333,341.9999087,8.651033667,1.514833374,0.384928,3.294665667,51.43132833,3.81065,6132.518761,3.641155,4.218567,63.832,3.750333333,1.362032667,30.82984567,5.728576667,6.762929667,31.14966033,2298.351178,25.64649467,3691.499363,23227.62788,14.18310433
7/16/2019,3.673061333,108.6130593,42.67773067,1.425640213,84.462456,1.744464,0.376970333,6.889387667,3.768435667,1.308651667,0.987924333,681.871088,6.877799333,3197.62458,22.81879933,16.61615933,28.80867467,0.891986748,0.805936184,7.81743,290.6981727,13985.02348,68.73874733,126.3458763,134.6101027,108.208816,103.153205,4070.612188,1178.996666,0.304311333,383.3966613,8722.535996,175.7006023,9.570400333,1510.166699,2655.22545,19.09829933,4.108532333,343.089131,8.574075333,1.492332438,0.384814,3.285166667,50.90610533,3.796230333,5989.49144,3.640508333,4.217969333,63.00923433,3.750333333,1.358207667,30.91682167,5.713624,6.756569333,31.03065433,2297.466392,25.92124833,3687.643896,23208.79454,13.949757
7/23/2019,3.672939333,109.3033467,42.61406033,1.428773189,84.414079,1.753766667,0.376923333,6.893833,3.773735,1.313751667,0.985305667,691.4939347,6.880660667,3186.720939,22.91434233,16.602667,28.946692,0.896778186,0.80404236,7.810709667,292.179802,14024.01078,69.02556367,122.9765283,133.35952,108.2263377,103.566867,4073.638907,1179.173875,0.304536667,384.8618143,8686.955362,176.03727,9.623533667,1509.699263,2659.992627,19.17982533,4.118001333,342.1383263,8.681429667,1.492658638,0.384996,3.286365667,51.265703,3.81725,5974.044391,3.640508333,4.232765333,63.19266633,3.750483333,1.365538333,30.910988,5.720047,6.729215667,31.04502433,2297.576261,25.62980267,3693.427005,23229.03427,13.93259233
7/30/2019,3.673059667,108.920053,43.865991,1.454860743,84.371722,1.752400667,0.376863,6.884790667,3.790402,1.314789667,0.990034667,698.784291,6.885901667,3292.122188,22.99996633,16.55182967,28.944976,0.896358248,0.822647338,7.823486667,293.5526997,14034.03333,68.92413367,120.6867293,135.4894387,108.573839,104.2031577,4074.904057,1181.475383,0.304433667,384.8304077,8676.57091,176.2187343,9.591665,1507.899934,2661.18694,19.067866,4.123548,341.960008,8.753753333,1.511724822,0.384936667,3.288751667,50.870348,3.852233333,6000.943352,3.641167333,4.239795,63.515699,3.750716667,1.370273333,30.79600933,5.557985333,6.761359667,31.051023,2297.336132,25.170751,3701.463507,23196.42895,14.19890833
8/6/2019,3.673061,107.7166787,45.26883767,1.478947314,84.41307933,1.745779667,0.376996333,6.883486667,3.960226333,1.328059,0.975992667,714.5968973,7.035132333,3436.174812,22.97155967,16.54298033,28.90532667,0.892646537,0.821807949,7.838366667,289.8915483,14247.96376,71.06499433,121.7934927,134.5003123,106.3785003,103.3195023,4086.936595,1212.580916,0.304104,387.367463,8695.185855,177.350049,9.562287667,1509.827638,2654.987887,19.59247933,4.191861,344.2933147,8.902736667,1.531762649,0.384950333,3.378667333,52.06833267,3.853052,6036.677031,3.640671333,4.220106,65.28696533,3.751283333,1.380929667,30.721168,5.524881,6.744939667,31.43993733,2296.266638,25.54831967,3692.39937,23236.23756,14.928468
8/13/2019,3.673026,107.9523717,55.57087733,1.471045745,84.48443367,1.750369333,0.376902667,6.890228,3.964096,1.321673,0.976219333,703.811891,7.031999,3414.684451,23.11489367,16.573342,29.05381,0.894929101,0.829087977,7.845674,289.4299977,14306.7,71.20619667,124.2466573,134.0849943,106.6405003,103.2466847,4080.150256,1206.131676,0.303996333,387.2475057,8685.382325,176.866277,9.548172,1509.734784,2663.507725,19.37841833,4.190338667,344.4723297,8.869999,1.548115239,0.384923,3.380633667,52.007799,3.877716667,6078.299854,3.647194333,4.223395,64.91393267,3.750833333,1.383245667,30.785251,5.567415667,6.760228667,31.12175833,2299.45801,25.15984433,3693.400543,23234.14293,15.13362
8/20/2019,3.673067333,108.994542,54.723275,1.476045977,84.41784467,1.761956333,0.376902667,6.890481,4.053066667,1.331665,0.977929667,709.0987123,7.063665,3419.102722,23.23133533,16.584668,29.171161,0.90107069,0.822106915,7.842415667,294.9651337,14305.04539,71.61555867,124.383335,134.004046,106.2570007,102.9733613,4066.82133,1205.404166,0.304037333,386.8397657,8712.386978,177.939919,9.605532667,1522.764752,2665.354453,19.76413267,4.180733667,343.6541303,8.986599333,1.559802831,0.384913333,3.382357333,52.34967333,3.927933,6126.978132,3.641636333,4.259235,66.46436667,3.750449333,1.385169,30.786441,5.730521667,6.746090333,31.32664533,2297.322184,25.16823233,3688.530666,23194.58567,15.360268
8/27/2019,3.673028667,109.503385,56.274867,1.480769345,84.491995,1.763466333,0.376857,6.893184,4.127716667,1.328388333,0.98114,722.9929073,7.163433667,3455.718345,23.29641033,16.54083267,29.20637567,0.901710418,0.814099105,7.846972667,297.0917337,14284.6,71.53794533,124.2966543,135.059542,105.7380073,103.416633,4108.940604,1211.756678,0.303418333,388.343489,8732.471924,179.7232503,9.5931,1517.665292,2664.247074,19.98521833,4.202334,324.8999647,9.010874333,1.571818101,0.384941333,3.387392,52.28677267,3.947633333,6204.936995,3.641590667,4.266761333,66.44813333,3.750349667,1.389100333,30.608676,5.828417333,6.754820333,31.36202467,2297.600806,25.14995267,3685.267776,23212.85215,15.32383767
9/3/2019,3.673009333,110.9900697,55.93625367,1.479012574,84.41381467,1.783225667,0.376943333,6.893468,4.167067333,1.33371,0.986798667,725.1616753,7.178105333,3437.230308,23.54974567,16.53233067,29.412699,0.911386955,0.827268517,7.844066667,300.6104817,14234.15836,72.26689333,126.8933827,135.554596,105.8781,103.8592243,4086.569155,1210.584987,0.303861667,388.6111547,8771.641278,180.2424157,9.680377667,1524.99948,2665.191399,19.97449967,4.2128,343.6676073,9.102874,1.57815006,0.384929333,3.405308,52.23901867,3.960543667,6263.642557,3.640665667,4.308065333,66.767667,3.750483333,1.390255,30.604684,5.727374,6.761534667,31.36436933,2297.403737,25.25042467,3679.765238,23177.52267,15.10137467
9/10/2019,3.672900333,109.984051,55.925466,1.458074825,84.40946133,1.770904333,0.376983,6.887714667,4.080556,1.314738333,0.991781,712.152148,7.111498667,3363.701351,23.403833,16.44283267,29.27113233,0.905176343,0.809567647,7.83986,300.1764457,14062.61667,71.87117133,125.5233587,136.0818373,107.5784816,103.6165757,4093.423585,1190.783108,0.303865,386.1539657,8792.294824,180.3592243,9.655858333,1525.300684,2664.753652,19.50202933,4.167663667,343.4370423,8.952346667,1.558258291,0.384936667,3.342313,52.03839433,3.921529,6291.896706,3.641590667,4.282006667,65.369167,3.751365,1.379896,30.614165,5.765279333,6.748098,31.15551533,2297.463682,24.98295267,3667.091904,23194.43015,14.65348867
9/17/2019,3.67306,109.5051143,56.48833833,1.456614819,84.45173367,1.766185,0.376906333,6.893892,4.077434,1.324166333,0.992798,715.3398697,7.089333667,3370.396639,23.39411867,16.312501,29.37500967,0.903090924,0.799939667,7.822733333,301.230319,14057.36301,71.63789467,123.306668,135.666709,108.103493,103.7266897,4098.807786,1186.847294,0.303974,386.2530377,8797.848155,180.6215553,9.672346667,1532.770488,2664.523361,19.36626567,4.185334,342.3434223,8.923793,1.572532184,0.384903,3.342895667,52.20375233,3.913231333,6335.947234,3.642691667,4.273432,64.34539967,3.750603333,1.373848667,30.52366533,5.697803667,6.756685333,30.885009,2296.598885,24.78069067,3667.307845,23185.41935,14.706728
9/24/2019,3.672904333,110.3509603,56.864677,1.470954177,84.40490433,1.775206667,0.376904,6.892634667,4.163699,1.324076667,0.985888333,723.478323,7.112801333,3433.097992,23.48189733,16.29350033,29.32137267,0.907822245,0.800907913,7.8406,302.830683,14136.57599,71.07236367,124.4932863,134.5823297,107.1284334,103.760103,4091.318948,1194.896806,0.303627,386.80649,8765.123285,181.1416377,9.692122333,1531.532234,2659.981434,19.44763167,4.177300667,342.7081353,9.010011667,1.58272972,0.384909333,3.342068,52.259751,3.975890667,6375.989695,3.641174667,4.310996333,64.020001,3.750767333,1.375589333,30.54321167,5.696447333,6.759622333,30.99647833,2296.459322,24.25998267,3672.964989,23186.02074,14.86495567
10/1/2019,3.673027667,111.6226977,57.49015967,1.491231304,84.32427633,1.78958,0.376866667,6.876145,4.156760333,1.32186,0.992943667,729.2165917,7.147366333,3477.253933,23.57653433,16.26001133,29.20635167,0.914633694,0.813355346,7.842543333,306.768327,14196.6,71.10654933,123.8698657,133.4901653,107.7443772,103.8200903,4092.301189,1202.580056,0.304571667,387.806052,8803.661092,181.8336373,9.719744667,1528.275371,2660.712122,19.817566,4.192674,343.2743563,9.124587,1.601674825,0.384873,3.378844333,52.00281167,4.003969,6372.330939,3.637508,4.340148667,65.24056533,3.750867333,1.385102667,30.61648433,5.721509667,6.741616,31.053668,2292.131805,24.50837267,3672.96447,23153.04923,15.33243333
10/8/2019,3.673027667,111.823353,57.843003,1.486203601,84.435119,1.784780667,0.376904,6.888224333,4.09445,1.332253333,0.992669667,724.8734127,7.150632667,3452.9175,23.525983,16.27166733,29.46864867,0.912585509,0.818415852,7.844616667,304.6365943,14179.2105,71.216712,125.2399057,133.863772,106.9928492,103.7672757,4078.223785,1199.2551,0.303962333,389.8993607,8814.544956,180.3228707,9.703504333,1516.964349,2653.122778,19.62709933,4.192997,342.7508183,9.16219,1.588138346,0.384925667,3.383178,51.89845667,3.943493333,6388.674101,3.640508333,4.333922333,65.17890033,3.750499,1.382499333,30.41366967,5.832614,6.757055333,30.77603167,2297.577524,24.673289,3693.331095,23221.99299,15.28089767
10/15/2019,3.673065667,111.517517,58.27400967,1.480922885,84.64817633,1.772698333,0.377022667,6.891487,4.180201333,1.320237333,0.998518,715.649713,7.081634,3442.018996,23.36494133,16.223999,29.479254,0.906375709,0.783172143,7.845333333,300.9484023,14181.38633,71.59348867,125.2999643,134.4523223,108.8196753,103.7232013,4057.502594,1184.299994,0.303874667,389.4952347,8810.392739,181.9224383,9.658150667,1529.9944,2656.434764,19.23555,4.190665333,343.231341,9.12793,1.58884059,0.384951333,3.366174,51.61160033,3.889301667,6414.937389,3.640592333,4.308833667,64.307333,3.750860333,1.370937333,30.42804033,5.918553333,6.764267667,30.53401433,2298.808597,24.76204133,3694.800124,23191.46399,14.88300133
10/22/2019,3.672941333,110.7424643,58.66381067,1.457967402,84.63479067,1.756679667,0.376944,6.890372,4.080500667,1.309355,0.989399333,724.731124,7.076567333,3441.227349,22.972768,16.18463433,29.59195467,0.898676737,0.776401017,7.842364667,295.6738443,14061.05715,70.91231367,124.7765593,137.4675793,108.4818407,103.5599213,4050.352728,1172.203347,0.303256333,390.0112443,8813.554268,181.5269937,9.606706,1533.752122,2664.004772,19.142992,4.185999333,343.598379,9.148841667,1.560313349,0.384974667,3.342062,51.203983,3.838152333,6449.784372,3.641,4.277299,63.69256667,3.750544333,1.362701333,30.29346833,5.803791667,6.751318667,30.51165467,2298.156428,24.86526233,3691.894454,23213.26365,14.588133
10/29/2019,3.672900667,110.9977573,59.356568,1.458065152,84.59394767,1.759430667,0.377014667,6.888942,3.998133667,1.308945667,0.994016667,728.1279473,7.065167333,3373.961064,22.977764,16.11506733,29.608635,0.899965003,0.777284587,7.839546667,296.719926,14017.928,70.88966333,124.230117,136.9195367,108.8754612,103.369893,4044.430048,1166.963396,0.303668333,388.5491283,8834.318425,181.4882927,9.630446,1528.080395,2666.866149,19.11969833,4.182400667,342.8682817,9.227532667,1.574257591,0.385004,3.336479333,51.053738,3.839949667,6452.101283,3.640656,4.279034,63.969567,3.750426333,1.362299333,30.24499133,5.745715333,6.739647333,30.448671,2300.997954,25.06742,3697.814429,23183.79839,14.62558433
11/5/2019,3.673067667,111.0053413,59.657099,1.451196712,84.748396,1.766120333,0.377010667,6.890434667,3.993533333,1.315391667,0.992618,748.567978,7.006900667,3319.573805,23.02956233,16.11293267,29.497674,0.903019025,0.776322325,7.832565,299.033534,14014.35317,70.82,124.2966867,138.7719637,109.1489229,103.1656913,4055.052979,1156.072702,0.303597333,388.5270387,8845.942016,180.2774773,9.648744333,1511.067392,2683.968039,19.20226567,4.13,343.5728743,9.173705,1.569113575,0.384920667,3.336927,50.41680267,3.851167,6428.057674,3.640672333,4.293467,63.46686733,3.750097333,1.358293667,30.24884133,5.752313,6.762591667,30.349331,2303.084292,24.728024,3700.848932,23231.04776,14.75301667
11/12/2019,3.673065667,111.545497,59.585933,1.461725435,84.709472,1.776203333,0.377017333,6.891124667,4.168699,1.3235,0.992808333,780.281798,7.013034667,3361.397436,23.20422433,16.11409867,29.636732,0.908237922,0.778282884,7.828866667,303.977601,14057.52813,71.78688367,125.006546,139.754731,108.9995515,102.3675057,4060.723108,1165.96007,0.303631,389.116121,8843.937093,180.5773253,9.684396667,1516.918561,2683.514287,19.312131,4.141999,343.2825187,9.164318333,1.578858814,0.384895,3.377901333,50.805468,3.888957,6454.790248,3.640736,4.325367,64.25086733,3.750025667,1.362256,30.34131933,5.775363333,6.762403333,30.418344,2300.562475,24.42002833,3692.577443,23206.82631,14.938734
11/19/2019,3.672998667,110.686485,59.59403167,1.465386651,84.72206967,1.765333333,0.376982667,6.889358,4.1936,1.327135333,0.990407333,788.5747723,7.030033333,3438.304821,23.06756767,16.08296733,29.87773,0.902672339,0.773465402,7.827633333,300.3523847,14088.27067,71.84732767,122.806599,139.17291,108.4680058,101.709918,4043.317734,1168.413584,0.303633,387.1670387,8845.334886,179.3166447,9.636738667,1515.525722,2684.803729,19.36214667,4.157067333,343.5853207,9.130766667,1.555008984,0.384968333,3.373548333,50.94232933,3.868031,6435.371982,3.640635,4.309832333,63.85820067,3.750303333,1.361413667,30.18633767,5.701534667,6.754321667,30.472975,2301.463431,24.17878333,3688.046378,23203.07377,14.766239
11/26/2019,3.673067,111.149246,59.82763633,1.473405013,84.72872933,1.774263333,0.376993333,6.890296667,4.233199,1.327174,0.997651667,798.2323973,7.027198333,3461.407916,23.13506733,16.102767,30.429261,0.907257786,0.777545021,7.828738,304.8396133,14081.9125,71.44929733,122.8233673,138.5795767,109.0919451,102.4664423,4044.626611,1173.382662,0.303892667,386.2185873,8845.159965,181.6305737,9.643934333,1512.311876,2689.813002,19.519268,4.175004667,343.6463917,9.167307,1.555929965,0.384934667,3.384328667,50.84555133,3.906083667,6442.646739,3.644597,4.337,63.98363333,3.750100667,1.364523333,30.21827267,5.758734333,6.733891,30.47649967,2298.446121,23.99026033,3698.171529,23193.02404,14.794767
12/3/2019,3.673067,110.6378193,59.802725,1.460017054,84.798974,1.764089667,0.377046,6.889941333,4.205833333,1.329349,0.987158333,802.9936587,7.063565667,3503.474365,23.03123167,16.10513333,30.67260367,0.902356209,0.769401108,7.829933333,299.271815,14102.38219,71.81695933,121.409974,138.37291,108.6518207,102.2681357,4062.978711,1189.43795,0.303770667,387.499798,8864.569356,181.548901,9.622390667,1503.31396,2701.640622,19.560734,4.174664333,343.6768013,9.185387,1.534357952,0.384943333,3.389254667,51.081172,3.86297,6444.772013,3.641175,4.309701,64.12973267,3.749911,1.363951333,30.270058,5.742656667,6.733552333,30.47166267,2298.327688,23.93567067,3698.325994,23178.31798,14.63299867
12/10/2019,3.673067,110.7799903,59.74126567,1.468206062,84.8112,1.76299,0.37707,6.891173333,4.146334,1.323416333,0.984543,779.215555,7.032265667,3408.417998,23.01447367,16.15303267,31.51046733,0.901459046,0.761633878,7.826893667,298.28666,14013.79788,70.88394267,121.386686,137.5795767,108.7777988,101.4679517,4063.355494,1190.745425,0.303574333,386.673741,8866.901895,181.1310883,9.639862,1506.924839,2708.716639,19.26336567,4.162667333,343.6839683,9.177716667,1.527952627,0.384962,3.393479333,50.76489333,3.867715667,6425.733257,3.640677,4.308099333,63.52013367,3.749888,1.358416667,30.29463433,5.804833333,6.741424667,30.45932633,2296.660641,23.64552667,3681.702944,23165.32335,14.787262
12/17/2019,3.673066333,109.4726733,59.70351467,1.459574968,84.84257233,1.753908333,0.377002,6.893724667,4.071799,1.316000333,0.979924667,757.067444,6.997033,3346.460746,22.807801,16.01269433,31.61214633,0.896765381,0.761925878,7.7871,296.0316067,13999.12183,71.09687533,122.8033927,133.022601,109.5198435,101.4644717,4070.111621,1163.57566,0.303564667,384.9139353,8870.911334,181.2480337,9.607486667,1505.14836,2709.39214,18.91955,4.141332667,343.944372,9.023953333,1.522342005,0.384886333,3.343038333,50.59085667,3.8207,6452.741572,3.640901,4.284000333,62.438967,3.750563667,1.355408333,30.24788433,5.882422333,6.737284333,30.10765767,2297.446655,23.46869567,3670.296794,23182.06345,14.39299667
12/24/2019,3.672916667,109.677731,59.68487667,1.444620498,84.79591167,1.764100667,0.377004667,6.889876,4.083965667,1.316766333,0.9802,749.3259277,7.005600333,3299.870278,23.00240067,16.03916467,31.840369,0.901966457,0.773131162,7.788166667,299.3569817,13962.3837,71.33366033,122.2427917,132.6907007,109.3896623,100.774055,4053.99195,1163.645424,0.303306,381.004734,8879.875196,181.3661007,9.638535667,1491.994971,2710.022508,18.97889933,4.137165,343.734127,8.914067333,1.506250952,0.384922667,3.315205667,50.812737,3.85303,6440.903377,3.6405,4.310154,61.97110933,3.752604667,1.355334333,30.14668167,5.947733333,6.733477667,30.099758,2296.271408,23.24097267,3663.247619,23164.30776,14.16047333
12/31/2019,3.673066,108.4378993,59.86620067,1.42544919,84.88096533,1.743693333,0.376964,6.878977667,4.019646,1.299833333,0.967434333,743.434929,6.9636,3284.165322,22.668933,16.023045,31.92056633,0.891349989,0.754380963,7.789733333,295.1328857,13885.47467,71.31732633,121.0600017,132.003883,108.673319,101.3191927,4071.779974,1155.545045,0.303099,382.8461727,8879.60609,181.3235863,9.564350333,1474.451624,2711.651851,18.924033,4.09,343.9437237,8.749748333,1.487183887,0.384939333,3.312870667,50.656896,3.801666667,6448.582129,3.640657667,4.267394333,62.068092,3.751002667,1.348616667,29.71474033,5.948499667,6.739262,29.91165933,2296.068622,23.69307633,3662.873253,23174.38133,14.00516767
1/7/2020,3.673066333,109.4205753,59.70679867,1.458306635,84.80654467,1.755622667,0.376954667,6.890836667,4.067666333,1.300362,0.968905,769.756787,6.947499667,3263.728184,22.63064567,16.06476767,32.08716767,0.89666181,0.762537333,7.777383333,297.4158807,13868.62598,72.000509,123.076773,131.536268,107.9750477,101.167881,4066.650565,1168.057695,0.303117,380.8379927,8869.244556,181.25441,9.590758,1463.169993,2714.560528,18.981434,4.0918,343.6656143,8.861232667,1.508283719,0.384938,3.321920667,50.976668,3.808013,6501.232643,3.641171,4.283399667,61.97233267,3.751295667,1.351621,30.30244033,5.974563667,6.741054,30.006005,2298.244202,23.722186,3708.645749,23194.08119,14.34505633
1/14/2020,3.673066,109.4399853,59.983978,1.450303441,84.67903467,1.757483333,0.376947333,6.891280667,4.132800667,1.306601,0.967166667,769.695577,6.901832667,3282.02577,22.613667,15.86259267,31.913442,0.898659946,0.767944731,7.777086,298.8582393,13669.92733,70.84993467,122.7166417,131.8178863,109.8568313,101.200108,4051.617279,1158.573429,0.303400667,379.7791977,8874.463437,181.4503593,9.581166667,1478.940157,2716.681861,18.806546,4.07366,343.6344137,8.876000667,1.513273738,0.38495,3.321666667,50.63842767,3.794828,6500.72801,3.640667333,4.295233333,61.45386633,3.751197667,1.347922333,30.26996833,5.882316333,6.734848,29.87150033,2300.721958,23.92280267,3669.030226,23176.49866,14.408733
1/21/2020,3.673066333,110.1199917,60.09606833,1.460517882,84.891551,1.763729333,0.376958667,6.889841333,4.212366667,1.307424333,0.968804333,774.5063353,6.907000667,3350.0147,22.64403167,15.783953,31.97442667,0.902112994,0.766534411,7.7706,301.4488067,13656.206,71.19392267,124.2831707,136.9971157,109.911423,100.973227,4050.709818,1170.258009,0.303532,377.1901937,8881.487124,181.396151,9.608012667,1463.635317,2723.724434,18.77471833,4.071234,343.3018037,8.985775,1.516344409,0.384897333,3.317001667,51.03117467,3.81717,6523.190539,3.640663333,4.310199667,61.89740067,3.751414333,1.34996,30.39527867,5.934368333,6.740140333,30.053661,2304.606394,24.274214,3676.890071,23185.34077,14.49654967
1/28/2020,3.673033667,111.164524,60.09472467,1.47857447,84.72281367,1.774366,0.376914667,6.890230667,4.194700333,1.316375667,0.972993,785.5268113,6.944866,3391.576368,22.88196033,15.78214633,32.03820367,0.907252119,0.767854756,7.77601,306.6720383,13625.50517,71.22350033,124.0799243,138.7611967,109.139019,101.0196007,4050.955102,1176.733591,0.303566667,380.7660723,8881.119902,181.4893593,9.648340667,1464.380967,2720.928356,18.726176,4.085678333,343.6247633,9.112782333,1.529088741,0.384960667,3.337999667,50.731998,3.876035667,6508.999202,3.64066,4.334468667,62.26543467,3.751498,1.357600333,30.79564,5.940495667,6.737155333,30.03171367,2306.43605,24.74417133,3678.765948,23162.29173,14.54608333
2/4/2020,3.673067333,110.336004,60.50995333,1.485325332,84.86666867,1.77083,0.376904667,6.891495667,4.255033667,1.328262667,0.969255333,781.5688707,6.996132,3384.268174,22.726766,15.78417667,32.04148167,0.905392018,0.767404605,7.7665,304.0720043,13710.31133,71.109943,124.8132077,139.0761833,109.4514177,100.3669023,4056.190516,1184.288739,0.304000333,379.6815543,8874.233577,181.4926993,9.619174667,1441.338777,2721.306156,18.67276333,4.109999667,344.5189627,9.214493667,1.539938622,0.384945333,3.361805667,50.755327,3.869973667,6485.407782,3.640672333,4.325132667,63.02449933,3.751642667,1.371361333,30.981001,5.97894,6.735052,30.07500867,2307.553478,24.80557267,3673.128364,23242.66879,14.78052167
2/11/2020,3.673067667,111.608017,61.02107267,1.488242943,84.84095067,1.790874,0.376938667,6.889536667,4.331642,1.328988333,0.975801667,791.7007523,6.966732667,3430.047291,22.83116833,15.70208133,31.95888567,0.915848928,0.77181758,7.765433333,310.2699323,13662.78033,71.28359767,126.2827047,139.4904247,109.8449826,100.667055,4072.770204,1182.418521,0.304376667,377.4602413,8878.798754,181.454464,9.683877333,1450.236686,2733.074762,18.65678933,4.132401,344.5859733,9.244081,1.560986628,0.384999333,3.389463667,50.54911767,3.898027333,6514.532344,3.640651,4.367867333,63.36370133,3.750792333,1.386313333,31.21700367,6.016802667,6.739808,29.983005,2309.299704,24.44850433,3671.421248,23236.26417,14.80664533
2/18/2020,3.673067333,112.861026,61.54187833,1.494255593,84.85975467,1.81105,0.37699,6.891036667,4.356134667,1.325405,0.982816,797.161254,6.999667,3383.341235,23.120998,15.59049967,32.041378,0.926058039,0.769170815,7.768466667,310.8436273,13696.95417,71.57998767,127.2463773,140.228427,109.9070721,101.0766053,4077.552661,1191.198702,0.305248667,377.6011257,8901.44508,181.5945973,9.737220667,1446.222961,2736.873138,18.59028333,4.154661,344.6561807,9.323931667,1.564813904,0.384978,3.381655333,50.67517267,3.952768667,6506.779463,3.641154333,4.424867333,63.911666,3.750815333,1.392007667,31.17556267,6.063304667,6.734646,30.07266867,2308.670628,24.442429,3669.228687,23261.00734,15.01213267
2/25/2020,3.673066667,112.2198523,61.73156633,1.514218506,84.867809,1.797426667,0.376963333,6.891751333,4.388132667,1.328223333,0.976112667,812.5184517,7.033267,3429.278844,23.210617,15.57390133,32.28005233,0.919163878,0.769083481,7.790133333,311.3247867,13930.48917,71.85680967,128.053303,137.7247237,110.2834997,101.15327,4073.851024,1216.19532,0.30612,377.7388073,8887.258145,181.7119453,9.688069333,1449.027358,2739.249245,19.07289067,4.233667667,345.306725,9.362879333,1.582304294,0.384954,3.409333333,51.130214,3.9573,6528.894703,3.641,4.419335,65.345667,3.752474667,1.398535667,31.738498,6.145599333,6.741938333,30.39316633,2307.505278,24.53682533,3679.915532,23229.03845,15.21683833
3/3/2020,3.673066333,109.963488,62.18566633,1.519422946,84.81353233,1.750363333,0.376555333,6.877158667,4.514599667,1.337928333,0.955660333,813.709755,6.957034,3455.242428,22.73170233,15.63296533,32.41024067,0.894615798,0.779942966,7.770909333,300.6166873,14224.7,73.29366567,127.189981,135.3303203,107.0362383,102.3660463,4066.890604,1184.767694,0.305832333,380.0172557,8897.959762,181.992422,9.535411333,1426.750335,2745.375904,19.44433533,4.205533667,345.7078187,9.277135,1.594871252,0.384981333,3.425046667,50.81751433,3.853424,6499.855923,3.640843,4.300834333,66.129866,3.751982667,1.387559333,31.41492667,6.109867667,6.734186,29.85033733,2303.729295,24.97169467,3698.800023,23180.53608,15.409491
3/10/2020,3.672966667,108.2503533,62.49956733,1.539677788,84.886117,1.731784333,0.376857333,6.855324,4.643367333,1.373233,0.937,833.675874,6.956933667,3785.444787,22.64243167,15.70503867,32.372001,0.883925827,0.774804484,7.768366667,295.9880633,14348.69867,73.976999,128.1298243,133.831281,105.0337507,102.663453,4053.891063,1185.133991,0.3058,395.860282,8880.816697,182.536424,9.461486667,1333.349762,2743.467281,20.79208267,4.237325333,346.333559,9.588676333,1.596365962,0.384974,3.50341,50.541762,3.806602,6579.796222,3.641171667,4.264134,71.14430033,3.753198667,1.391991667,31.43992533,6.165933667,6.738870333,29.84623,2301.333437,25.41126733,3711.128887,23216.05965,15.951253
3/17/2020,3.673067333,111.420148,63.09713533,1.669068794,84.78045733,1.776062333,0.377469333,6.856514333,5.010333667,1.423923333,0.959658667,848.2331303,7.014735,4024.714219,24.619021,15.731401,32.64270567,0.907797505,0.825208596,7.762313333,315.0131363,15153.30517,74.03660033,140.1167013,135.003967,107.3635202,103.6672713,4092.799744,1239.09163,0.309535667,436.016801,8885.587759,184.7377437,9.63767,1426.884671,2747.994544,22.970797,4.350004667,346.9727287,10.51233433,1.680940509,0.384938667,3.548832,51.71212733,4.055642,6561.729023,3.640496,4.404400333,75.37126667,3.753191333,1.4297,32.18177867,6.398366333,6.725093333,30.12766867,2299.066108,27.074792,3743.115913,23238.37294,16.55712167
3/24/2020,3.673066333,114.6845317,63.68177833,1.67432219,84.94517867,1.811762,0.378032,6.867579,5.099129,1.44394,0.980170333,845.334862,7.065666333,4162.623464,25.65416733,15.736112,32.482603,0.925686188,0.848171807,7.753136667,328.3976593,16369.00117,76.55323533,140.6372123,135.6069723,111.1063403,106.3661963,4042.484266,1233.329546,0.312586667,448.5696797,8928.982242,187.4207433,9.851883,1403.572404,2756.458443,24.78163267,4.429667,369.2566473,11.03582167,1.716043955,0.384997667,3.530559667,51.20636433,4.26255,6615.03452,3.641176,4.481199667,78.28883233,3.756088,1.446489,32.76615733,6.435063,6.753249333,30.16076567,2304.775473,27.880608,3923.544038,23518.53197,17.52059367
3/31/2020,3.673066,118.1006037,64.27950133,1.629477402,84.95567867,1.773662333,0.378261667,6.878327,5.204981,1.407735,0.961453667,855.8756643,7.084800333,4050.82507,24.81780167,15.72303267,32.887477,0.906735598,0.80584071,7.751937,327.3905837,16203.79167,75.33432233,141.6765727,134.883981,107.499468,105.1655473,4056.666563,1217.515137,0.313144667,449.0023923,8936.666859,189.3963973,10.100733,1391.678265,2760.906703,23.76399133,4.312666667,372.8227647,10.41821833,1.680815261,0.385015,3.43712,50.843255,4.135814667,6579.688866,3.640332,4.381394667,78.46332167,3.764332,1.421616333,32.733986,6.614182333,6.741774667,30.252664,2311.097079,27.72501233,3792.917859,23567.02443,17.84081
4/7/2020,3.673068333,115.590172,64.95099933,1.623677627,84.85991767,1.795616667,0.378187333,6.871087333,5.2225,1.401228,0.969233,858.9871153,7.051699333,3929.344571,24.91625033,15.777266,32.678836,0.917763731,0.810381184,7.752255667,328.7558697,16175.07867,75.99666133,142.5067257,135.184575,108.6788343,106.5599453,4056.666674,1212.407991,0.311394,436.9201943,8956.666539,193.1969023,10.24991567,1446.892676,2768.458129,24.32012967,4.336668,368.9099147,10.24725933,1.676134389,0.385006,3.366167667,50.574856,4.153469,6494.533889,3.640658,4.435567667,75.49882167,3.759780667,1.424667,32.74766367,6.760265,6.734631667,30.09466633,2312.666075,27.21057967,3773.256749,23500.5675,18.26443433
4/14/2020,3.673066667,114.7371027,65.419267,1.553701677,84.82338233,1.78062,0.37704,6.86456,5.163100667,1.387996667,0.960003333,849.0357087,7.048000333,3852.81894,24.42391167,15.782232,33.095344,0.91031952,0.791989444,7.7516,320.141872,15592.223,75.980667,142.0765967,136.268229,107.1040766,105.876696,4046.302338,1212.364415,0.310517333,425.620376,8948.087471,190.775757,10.18405833,1422.902688,2764.169168,23.37904367,4.331667667,376.9990527,10.30122267,1.638673126,0.38502,3.393091667,50.58836567,4.113855667,6475.784329,3.640669667,4.398234333,73.03146667,3.759160333,1.413236667,32.647662,6.817543333,6.734838,30.046335,2311.607466,27.201298,3760.873412,23436.38861,18.302785
4/21/2020,3.673068333,114.5611273,66.00879933,1.589127766,84.89294367,1.801673333,0.377804,6.871522667,5.316868,1.419124,0.969806,858.1160047,7.081530667,4017.594139,25.33133267,15.73656767,33.04007767,0.921144542,0.813080116,7.750196667,326.0895137,15402.56033,76.96993233,145.5301137,139.0548393,107.7163393,106.9217893,4055.302749,1231.847321,0.311505,435.5492703,8958.430497,192.3777817,10.014582,1433.998802,2766.192345,24.383867,4.394666333,368.949882,10.60925333,1.676754249,0.38506,3.390372333,50.904051,4.176505333,6473.552063,3.640668333,4.454500667,76.990759,3.753146333,1.431242667,32.51016767,6.976999333,6.735058667,30.1,2312.802938,27.07907933,3777.500836,23437.17549,18.97059233
4/28/2020,3.673066667,113.7105037,66.57726233,1.537989743,84.88475233,1.806800333,0.377727333,6.890944667,5.498732667,1.398458333,0.973909333,844.4825973,7.081930667,4047.509681,25.09178333,15.731832,33.37735233,0.923187101,0.804314179,7.750445,329.919587,15372.609,76.21306567,147.233344,139.624227,106.76474,107.235088,4091.132983,1221.460191,0.309773667,431.284976,8974.283625,191.8592357,9.935076,1419.524105,2774.499747,24.30099933,4.360999667,379.7602037,10.41350833,1.646496086,0.385047333,3.387934333,50.60161167,4.19877,6535.891992,3.6459,4.472766,74.099684,3.759268,1.416615667,32.45112233,6.986764667,6.74129,29.90616667,2313.775438,27.04342733,3800.468326,23478.7756,18.62032767
5/5/2020,3.673067333,113.8100167,66.92183633,1.554056573,84.85738467,1.803246,0.377966667,6.868708333,5.579232,1.40414,0.972657,834.7504017,7.081261667,3945.728858,24.93956733,15.72369967,33.383203,0.922645316,0.803626931,7.753201667,323.2073057,15135.70383,75.939268,146.9299013,141.8332943,106.4445007,106.4765567,4095.609926,1221.840672,0.308869,423.8038177,8954.040112,188.7978973,9.908659,1390.07257,2778.491629,23.97791833,4.302001667,379.999951,10.25157667,1.651609777,0.384984,3.387565667,50.67639133,4.185783,6511.179877,3.641167333,4.451133,73.73578233,3.755386333,1.416164667,32.38018367,7.080699667,6.741109333,29.785719,2311.929733,26.95344433,3792.579713,23428.76106,18.49570033
5/12/2020,3.672999667,114.0954877,67.37170067,1.54866173,85.19671167,1.803391333,0.377519333,6.872488,5.886099333,1.408014,0.969878,824.6868883,7.091101,3884.666689,25.29030033,15.73719967,33.76647467,0.921921143,0.816062422,7.75077,323.8951793,14933.72467,75.37102633,146.2398947,145.031453,107.1630007,106.4599783,4100.505736,1226.429683,0.309227,420.795604,8988.681371,188.1446657,9.833517667,1412.834175,2787.897701,24.35890833,4.327334667,379.8952483,10.166097,1.647328623,0.384974667,3.432439667,50.28533167,4.206258333,6549.861293,3.645569333,4.452085333,73.66972267,3.756872,1.418958333,32.127731,6.995713333,6.746313333,29.876662,2312.723391,26.739371,3791.482882,23325.60734,18.42176767
5/19/2020,3.673001333,112.938532,67.91106567,1.52873857,84.892155,1.789792,0.377469333,6.881504333,5.7558,1.393721667,0.971205,818.927234,7.105366667,3844.122652,25.15145,15.77460033,33.90431933,0.915228008,0.815909474,7.750696667,320.377499,14758.15,75.79166067,143.1900813,146.4427767,107.8376673,106.773156,4099.666648,1224.900595,0.308706,415.2564427,8991.920049,187.5249683,9.833339,1405.646585,2792.557147,23.67026167,4.347733333,380.0067373,9.975556333,1.642979874,0.384982,3.426333,50.73979267,4.161707333,6585.168772,3.65047,4.429533,72.51456433,3.755726667,1.417425,31.92620033,6.781453333,6.739808667,29.90600867,2313.808377,26.54137933,3790.822484,23339.86392,18.33046
5/26/2020,3.673067333,112.740042,68.184333,1.504607242,85.01114367,1.780793333,0.377406667,6.885706667,5.345632667,1.378483333,0.965506667,806.8991887,7.138584,3740.482262,24.619267,15.84380133,33.947475,0.910815664,0.810889028,7.753266667,316.9911123,14776.72017,75.58731533,138.4599163,144.3790367,107.4947457,107.046631,4105.599703,1230.592298,0.308830667,412.7637523,8994.338563,186.0567167,9.86319,1403.466043,2790.489562,22.21998767,4.362666333,380.333634,9.889493333,1.613454436,0.384919333,3.432181,50.53412333,4.043112667,6622.104707,3.640617667,4.409335,70.790721,3.757550333,1.416727667,31.87338833,6.731185,6.739280667,29.98009867,2312.996408,26.92922833,3784.354837,23311.36802,17.39313467
6/2/2020,3.672867,111.0161297,68.617993,1.446067862,84.913604,1.75117,0.377437333,6.88524,5.200898333,1.351046667,0.961697667,777.0673867,7.103026667,3659.570776,23.77303333,15.99588467,34.16394767,0.893981179,0.794872989,7.750713333,309.051069,14368.09,75.07403333,134.996614,142.2789783,108.8122083,106.3616607,4114.20845,1219.890111,0.308058667,401.7295343,9007.455492,185.884912,9.727445667,1396.41291,2797.879799,21.73773067,4.273996667,378.2366383,9.521645,1.566285128,0.384918,3.401276,50.17794567,3.919515,6648.166962,3.650506,4.319965667,68.67360333,3.753211333,1.399675333,31.55253433,6.708368667,6.74022,29.89596667,2313.491332,26.78491333,3765.703129,23246.57786,17.155425
6/9/2020,3.6728,109.4548547,69.07525167,1.440317556,84.89665367,1.723771333,0.377448,6.891858,4.8997,1.342233,0.951065667,769.7090167,7.077862667,3633.223202,23.426604,16.17320167,34.30499167,0.882388635,0.786717466,7.750763333,303.755713,13990.649,75.50333333,132.509913,140.5580793,107.7928044,106.4098353,4106.148922,1197.870271,0.307708,400.884182,8996.856504,185.0842033,9.656088,1399.051441,2796.607779,21.885074,4.275000667,378.234118,9.281039333,1.538522621,0.384934667,3.442603,49.98678567,3.920486667,6646.495102,3.640685667,4.261401,68.589331,3.752094333,1.390156667,31.32183333,6.794798333,6.742114667,29.68820067,2313.320699,26.63339533,3727.67422,23191.78502,16.62049933
6/16/2020,3.673101333,110.1757937,69.617433,1.450610527,84.858343,1.737353333,0.377438667,6.882136667,5.244134667,1.353701667,0.951257333,784.0654897,7.084691333,3762.610306,23.61291667,16.16083233,34.49078967,0.88768107,0.794814605,7.750196667,306.5841873,14116.2905,76.43795333,135.2300513,139.1724927,107.399686,106.4098573,4068.058944,1212.030298,0.307505667,404.1153597,9026.52877,186.104268,9.659535667,1398.447009,2797.983926,22.27858,4.276667,378.1336113,9.56054,1.548345632,0.384928,3.478339333,50.10908633,3.94677,6696.039236,3.646661,4.291599,69.622329,3.751236,1.393702333,31.11995933,6.837661667,6.732398333,29.61210533,2313.333314,26.75954333,3722.610621,23264.82994,17.215267
6/23/2020,3.673066667,109.979178,70.03642667,1.440832926,84.81565167,1.727408667,0.377386,6.888485,5.153133667,1.354258333,0.9446,819.0424363,7.059099667,3706.732263,23.52103433,16.149207,34.367005,0.884033193,0.798471568,7.750296667,308.7689777,14173.033,75.56873333,138.23653,140.340541,106.4403667,106.3633443,4059.194195,1208.120554,0.307483333,401.3347877,9026.480489,186.6490457,9.623775667,1386.031498,2809.451701,22.39779833,4.276665333,378.4144663,9.518762333,1.538672079,0.384950667,3.510176,50.08758467,3.930621333,6722.396696,3.650933667,4.280366333,68.78829567,3.751738,1.390493,30.89241533,6.848766,6.742013333,29.55066,2315.333413,26.58366033,3742.663213,23216.9466,17.212568
6/30/2020,3.673067333,110.4932147,70.36733,1.44917045,84.84553533,1.739869333,0.376992667,6.880436667,5.464133667,1.357466667,0.947086667,822.833797,7.066812333,3749.694968,23.73456667,16.13746633,34.92965633,0.890130553,0.807247497,7.750626667,315.6092253,14361.30767,75.62083967,138.283283,139.5092983,107.988126,106.510006,4092.30903,1195.869968,0.307777667,405.917975,9025.546969,186.206647,9.706047667,1370.098251,2810.824751,23.01676767,4.283991667,378.393978,9.623933667,1.550210088,0.384956667,3.541837,49.79888767,3.957659,6791.810611,3.641187333,4.304699667,71.17450733,3.751001333,1.393729,30.89243867,6.851433667,6.724052,29.41160567,2316.333246,26.68042967,3725.268257,23207.72557,17.33776267
7/7/2020,3.673098333,109.8236577,70.875766,1.440032799,84.77555767,1.734281333,0.377059333,6.881870333,5.379133,1.360415,0.942447667,789.334718,7.017433,3629.579923,23.69846833,16.018799,35.135585,0.88685292,0.797249559,7.750321667,314.3414443,14443.2825,74.94976933,139.3832157,140.2005627,107.5743337,106.7165623,4091.212463,1196.379884,0.3078,410.0529727,9034.623857,185.8276663,9.650370333,1363.379473,2814.780668,22.79963433,4.274000667,378.3617117,9.487537667,1.526551671,0.38496,3.541757667,49.59574033,3.968509667,6830.328986,3.640660333,4.290467333,71.46579233,3.750831667,1.395403333,31.21993467,6.858141667,6.735532,29.47933433,2316.848669,26.909193,3715.515539,23195.70613,17.16351433
7/14/2020,3.673067333,108.8205813,71.21886767,1.431509603,84.74276533,1.71457,0.377046,6.883837667,5.368033667,1.360038333,0.939503667,786.3009773,6.998396333,3618.002052,23.35503467,15.942629,35.185213,0.876475772,0.795703732,7.751243333,311.313302,14501.04048,75.431642,139.869929,142.9467607,107.241734,107.266351,4094.25643,1204.538282,0.307713333,413.0754593,9037.237155,185.8393673,9.586037333,1372.711363,2815.527701,22.41099133,4.269668,385.0856727,9.363445667,1.528444036,0.384994667,3.500354,49.48336633,3.920777333,6892.166246,3.641160667,4.245501,70.94278567,3.750795667,1.390676,31.52663433,6.864206,6.740727,29.423265,2317.333266,27.102228,3696.836333,23154.87842,16.720468
7/21/2020,3.6731,107.3583413,71.72076867,1.401234218,84.73677767,1.697307333,0.377035333,6.879765667,5.171132333,1.344776667,0.932556667,771.4611023,6.977447,3619.901521,22.82565833,15.96683333,35.18321633,0.86690782,0.785533994,7.751023333,303.6820793,14679.10092,74.618361,137.0532727,144.994716,106.832332,107.816581,4090.422346,1192.123373,0.306897333,413.370111,9048.77883,185.7596457,9.490309667,1388.613109,2824.975303,22.31283667,4.261,384.800424,9.099486667,1.504751684,0.38496,3.495391,49.34615033,3.843338333,6927.424337,3.640676333,4.196632333,70.71819667,3.750527333,1.383066667,31.54343267,6.827093333,6.741689667,29.41590367,2318.333426,27.703567,3691.504132,23116.80092,16.41315233
7/28/2020,3.673067667,105.4685127,72.08639833,1.39689618,84.73372167,1.66896,0.376718,6.886184667,5.153568,1.337973333,0.917904667,765.7001583,7.002620333,3709.057496,22.42600033,15.97232467,35.18761767,0.85330944,0.773770739,7.75051,296.0599807,14564.08217,74.97588667,135.3032957,146.323249,105.0990057,107.7671963,4095.657741,1199.054561,0.305946333,415.242342,9058.430589,185.715909,9.370855667,1358.856858,2831.588011,21.946762,4.250666667,385.785058,9.119715667,1.501832179,0.384984,3.514935333,49.23477533,3.765456,6934.4422,3.641,4.123601,72.52236533,3.75118,1.379093,31.467816,6.940368333,6.741515333,29.32632433,2323.333296,27.70356033,3691.744175,23189.17038,16.50557833
8/4/2020,3.673067,104.732638,72.555634,1.394183059,84.72395233,1.658844,0.377000667,6.887808667,5.290966,1.330003333,0.912831667,771.5320017,6.973689,3771.353698,22.11731667,15.97364033,35.19194767,0.846765088,0.76441337,7.75029,293.1368457,14598.38669,75.12671333,135.4299977,147.4330463,105.651834,107.8498147,4095.617943,1192.891177,0.305881333,421.6294707,9068.114207,185.5304907,9.332410667,1360.212302,2843.306783,22.645413,4.220665333,381.016202,9.090351,1.505481952,0.384993333,3.545246333,49.07781967,3.722987333,6939.703485,3.644733333,4.091407333,73.455366,3.750328,1.372351,31.02329867,6.919800333,6.743081333,29.34400567,2323.424577,27.77084133,3686.360622,23147.62078,17.377625
8/11/2020,3.673099333,105.2652493,72.906434,1.399365004,84.821615,1.664416667,0.376995333,6.884226333,5.381264667,1.330889333,0.917340333,794.3650923,6.945329,3755.565501,22.29560033,15.96669933,35.53159767,0.852031696,0.766153725,7.750223333,293.766769,14724.5907,74.71835333,137.2068177,147.7208067,106.506336,108.2667437,4090.020467,1185.813467,0.305606,418.5738873,9072.860645,184.15784,9.261164,1367.778655,2837.722585,22.423736,4.194344,381.8711017,9.011537667,1.522258063,0.384972,3.561914,49.00392867,3.754322333,6917.271036,3.640896667,4.117967333,73.10690067,3.750196667,1.373482333,31.13814367,7.22455,6.745949,29.35266167,2324.154967,27.59105233,3667.402463,23210.44022,17.49768033
8/18/2020,3.673019333,103.59827,73.39223367,1.378615773,84.59266167,1.638156333,0.376993333,6.864684,5.467301,1.315713,0.902871333,794.5281273,6.916533,3781.983476,21.85238333,15.91983367,35.74991733,0.837074452,0.75461775,7.75032,291.8423387,14803.342,74.652317,135.1867683,149.265247,105.2593403,108.419943,4089.617713,1183.732512,0.305224667,417.89864,9080.543145,184.1450417,9.162042333,1353.965911,2840.864694,22.13697567,4.182003,382.0007287,8.825647667,1.513149698,0.384988667,3.568386,48.58170233,3.663666333,6916.664341,3.646988667,4.049334,73.10442733,3.750486333,1.363753333,31.16008167,7.372426333,6.722531333,29.37793333,2314.289997,27.21265433,3661.274647,23144.41544,17.31907333
8/25/2020,3.673067,104.826704,73.71663467,1.3889119,84.72778567,1.652563333,0.377006667,6.872346667,5.508365,1.316405,0.908004333,786.9559723,6.909632333,3861.644504,22.106634,15.88756567,36.009041,0.844880277,0.760340451,7.750556667,298.0497207,14629.30726,74.30249967,137.59349,149.7415337,106.388668,108.030132,4089.979187,1186.2756,0.305700667,419.0621763,9089.26738,186.2065883,9.214628,1351.471039,2845.445829,21.90893067,4.168333,384.3734557,8.956379333,1.526120302,0.385030667,3.585392667,48.54981033,3.715711,6952.935277,3.641050333,4.088576333,75.338616,3.75035,1.367966667,31.44359733,7.395989333,6.760002333,29.32000167,2317.997942,27.404377,3669.194871,23165.31026,16.831905
9/1/2020,3.673065333,103.6769797,74.246027,1.355488864,84.72548233,1.642262667,0.376957333,6.877986667,5.398033333,1.305526667,0.909326333,771.2461127,6.829708,3702.155441,22.01615,15.85414667,36.507028,0.838656036,0.746311451,7.75046,298.4865587,14680.44552,73.11579167,137.7965207,147.7139767,105.8913307,108.2600967,4095.075632,1184.257567,0.305194,418.270612,9089.977356,185.852932,9.127075333,1328.995508,2845.530419,21.74575167,4.145000667,384.4928357,8.749863333,1.477313018,0.384956,3.536631,48.61459633,3.680463333,6951.64374,3.640480667,4.0604,73.59714767,3.750736,1.360767667,31.141639,7.367475,6.759044667,29.3301,2317.658116,27.581609,3674.940003,23216.32139,16.63357367
9/8/2020,3.673067667,105.123042,74.63959967,1.386946174,84.76277333,1.662555,0.377034,6.881845333,5.362766333,1.323956667,0.917993667,772.8135307,6.849818333,3733.860847,22.53262867,15.781947,36.504988,0.849761135,0.771210116,7.750413333,303.684779,14842.41033,73.77136667,140.3999803,145.856098,105.9786673,108.3669903,4102.04681,1188.942129,0.3059,424.8342643,9104.992178,184.2327787,9.196022,1332.381471,2837.003683,21.870565,4.166666333,382.599321,9.160726333,1.512329314,0.384965333,3.541119,48.63748967,3.782612333,6982.122559,3.64077,4.1275,76.27817633,3.750537333,1.371338,31.39676667,7.4833,6.755744,29.260593,2318.956469,27.80198633,3687.325678,23198.6595,16.96034133
9/15/2020,3.673066667,104.4361663,75.136265,1.370245462,84.811889,1.650999667,0.376978667,6.881491333,5.275502,1.318958333,0.908620333,763.2176783,6.781226333,3699.596615,22.600008,15.74572067,36.50191067,0.844391186,0.776289384,7.750058333,302.1863767,14855.49034,73.680985,135.5432213,142.5477637,105.406991,108.610123,4092.579151,1180.083375,0.305571333,426.861344,9117.215575,184.4049267,9.221776667,1318.940057,2848.746008,21.158906,4.129667,382.946984,9.039056667,1.490396059,0.384942,3.550982667,48.38459167,3.761282,6957.202203,3.650189333,4.100567333,75.120599,3.750968333,1.361421667,31.208501,7.488611,6.743499,29.21229533,2318.765121,28.071867,3699.311108,23211.69086,16.44062667
9/22/2020,3.673067667,105.5940773,75.551869,1.394265079,84.77984233,1.669602667,0.377106,6.879455667,5.471246333,1.329925,0.920009333,777.1459767,6.781353,3818.054822,22.98940333,15.74960033,36.67410433,0.854164008,0.784839207,7.750123333,310.125219,14750.27631,73.505466,137.633403,141.4670603,105.0379506,108.3598997,4085.069087,1164.096772,0.305858667,424.0812873,9138.116277,185.4240883,9.254642,1308.192232,2858.857694,21.677655,4.133666,381.9044857,9.348926667,1.50804598,0.38495,3.550553,48.497835,3.829077333,6980.102937,3.641016667,4.1512,76.06662167,3.750772667,1.364986667,31.3955,7.669230667,6.773088,29.04266467,2319.258198,28.19740433,3688.117065,23213.77509,16.78670667
9/29/2020,3.673065667,105.9266813,76.10903333,1.399903365,84.70762533,1.665626667,0.377147,6.877378667,5.632783333,1.33846,0.919435,784.460256,6.816777667,3876.980758,23.14713533,15.743668,36.747148,0.851624228,0.777296892,7.750083333,311.0216403,14879.58982,73.81483533,137.9933733,141.1127683,105.673668,108.4688687,4087.146343,1167.543725,0.30623,430.033591,9213.798161,185.0793557,9.261725667,1305.834331,2847.187093,22.387232,4.158032,382.580066,9.407814333,1.51523356,0.384974667,3.593222333,48.37828833,3.857224667,6966.712261,3.641161,4.146699333,79.01507033,3.750850667,1.368191,31.60347233,7.817788333,6.782256,28.958352,2317.437917,28.29806233,3713.184017,23161.99764,16.94296067
10/6/2020,3.672939,105.203157,77.069335,1.406761687,84.73353267,1.666628,0.377074,6.879584667,5.594434333,1.332173333,0.917627333,798.6793663,6.776559333,3835.751759,23.037201,15.70053267,36.864555,0.852034966,0.776249045,7.75022,307.246663,14777.66667,73.62847033,138.663362,142.2618313,105.6430013,108.5671177,4099.583088,1163.756549,0.306049667,429.654846,9212.604733,184.5692143,9.258119,1294.56678,2856.406624,21.69528333,4.152372667,382.4624703,9.354283333,1.517919491,0.384965333,3.58714,48.525499,3.825233333,7000.973021,3.640653333,4.152800333,78.41284067,3.750803,1.362529333,31.26249967,7.796856667,6.7619,28.82036467,2318.201116,28.36018033,3691.072167,23233.65683,16.72236767
10/13/2020,3.673066,105.4237757,77.320935,1.395897545,84.74597367,1.665026667,0.377052,6.893815333,5.569698333,1.314115667,0.915179,798.8342543,6.743660333,3855.346496,23.30293967,15.67306767,37.073432,0.851608719,0.773126076,7.75227,308.0444663,14731.165,73.48616167,138.7598823,144.2438233,105.4629983,108.616725,4102.291417,1148.676633,0.305938,428.914235,9217.674271,184.3630177,9.221492333,1293.092273,2836.685345,21.33809833,4.141340333,381.5014863,9.240548333,1.502879026,0.384997333,3.588394667,48.76263667,3.826803667,6998.044473,3.640700667,4.150998667,77.046681,3.751137333,1.360265,31.250753,7.921958333,6.769624667,28.817267,2318.384661,28.32198567,3705.223923,23178.13779,16.46795167
10/20/2020,3.673000667,104.63867,77.589666,1.418476986,84.74383367,1.652908333,0.377018667,6.880092667,5.605532667,1.312116667,0.906848667,785.9298533,6.670917333,3829.177485,22.942634,15.68189967,37.281347,0.845406454,0.771959282,7.751046667,306.7738103,14638.215,73.53285167,138.6232363,144.896489,105.4798327,108.716624,4100.107558,1139.883181,0.305800333,428.57009,9227.407749,184.5229137,9.155383333,1292.376396,2820.932461,21.10835,4.148666667,381.0353153,9.272798333,1.519841315,0.384972,3.591649667,48.521838,3.856892667,7016.69949,3.641350333,4.121100333,77.323676,3.750014667,1.356716667,31.22070267,7.862272,6.768854,28.645992,2317.333363,28.347914,3732.704437,23168.73722,16.46803233
10/27/2020,3.673066,104.9186947,78.30410033,1.404145378,84.58968933,1.659278667,0.377042667,6.875028333,5.706133333,1.319056667,0.909020667,772.916552,6.709640667,3815.067148,23.18850233,15.69525333,37.52181767,0.848790087,0.767461726,7.750983333,310.051336,14645.54286,73.74683033,140.033181,144.878801,104.5421657,108.7650097,4055.997534,1128.085303,0.305666333,429.381553,9251.637655,184.2891497,9.158058667,1285.025135,2838.813297,21.03855033,4.162001333,380.8257413,9.200087,1.492507801,0.384961333,3.606163667,48.38661967,3.893244,7025.504178,3.641179,4.135931667,77.312131,3.750218,1.361695667,31.22332,8.193633,6.779468,28.58900033,2317.193303,28.36054433,3727.473505,23204.10235,16.198074
11/3/2020,3.672963,105.6891083,78.92133467,1.39003962,84.78244367,1.669149333,0.377014,6.879134667,5.756532333,1.310606667,0.910749,759.3493517,6.669249333,3829.429345,22.845235,15.69316633,37.656992,0.851598682,0.763005619,7.753073333,308.7704187,14538.58374,74.71811667,139.3332813,144.714922,104.58171,108.818683,4060.598686,1130.606404,0.306034667,433.333552,9255.551083,184.323871,9.203272333,1281.934416,2819.870582,21.03146767,4.155667667,382.137268,9.327232333,1.486681683,0.384976,3.596412333,48.29874033,3.862563333,7021.477157,3.640672333,4.141333333,79.07396767,3.750365333,1.35781,31.01716733,8.424300333,6.777375333,28.61178867,2317.333214,28.55383667,3733.54233,23140.41874,16.03549267
11/10/2020,3.672999333,104.489074,79.37083467,1.373339989,84.63294,1.654957333,0.376908,6.867534,5.415168667,1.303203333,0.915089333,754.475422,6.610830333,3640.18657,22.35590067,15.63286667,37.72980433,0.846191662,0.754088218,7.75383,301.314672,14081.94596,74.350933,137.4233277,146.707554,105.2683463,108.91666,4064.999949,1115.964985,0.305467,428.6620693,9249.163288,184.451575,9.152943667,1294.87597,2831.57331,20.33571,4.111351,380.2333007,9.004036333,1.464555532,0.384887333,3.615927333,48.31419667,3.807422,7013.254578,3.641156667,4.117599,76.45860033,3.750528333,1.348452,30.31671167,8.165765,6.769159333,28.55386833,2315.722326,28.13340667,3695.116728,23163.4512,15.61780667
11/17/2020,3.673,104.215564,80.03173267,1.370554849,84.60904,1.648666667,0.376807333,6.887662667,5.328499667,1.310434333,0.911278333,763.1279443,6.553512,3645.241153,22.317566,15.61254333,37.85829367,0.842924557,0.754229648,7.7527,304.693497,14035.71672,74.501669,136.0801097,147.2776287,104.1751673,109.216771,4056.333388,1106.56395,0.305604,429.0934163,9260.000004,185.1937063,9.1243,1298.189932,2819.166702,20.27964033,4.103995,381.232732,9.066608333,1.451329692,0.384974,3.602266333,48.26071833,3.783121667,7026.826381,3.640657333,4.106632333,76.21599967,3.75052,1.3424,30.15507233,7.697941,6.789279333,28.51431467,2317.416252,28.12890467,3698.878156,23172.55522,15.37693167
11/24/2020,3.673099667,104.1411347,80.683733,1.357675064,84.68070667,1.644547333,0.377045333,6.87666,5.373900333,1.299635667,0.911016333,773.7341347,6.585669667,3636.035185,21.97803333,15.633201,38.026161,0.840536122,0.748383127,7.75162,303.263752,14135.3736,74.0002,135.216642,146.879347,104.5098167,109.7667763,4046.672304,1109.631397,0.305434,425.533999,9275.530636,185.5349087,9.104117667,1311.678401,2827.345309,20.02732667,4.086665333,381.140028,8.898123333,1.433294813,0.384969,3.608409,48.20754033,3.751673,7036.726347,3.641163333,4.094433667,75.431367,3.750356333,1.341508667,30.33006833,7.998401,6.774841333,28.48609933,2317.308996,28.357707,3703.377264,23132.41414,15.1947
12/1/2020,3.673066667,102.7818133,81.43538133,1.355078535,84.66372033,1.619565,0.377051333,6.877808,5.206267,1.293481667,0.899597,759.8930923,6.564419,3553.684221,21.76326733,15.64366667,38.14077333,0.828381822,0.745053149,7.752143333,295.3480557,14137.11101,73.53917333,130.8467907,145.9468237,104.2941657,110.2167943,4047.200813,1107.291682,0.305163667,425.704858,9272.549623,186.031088,9.041696333,1319.887194,2832.532412,20.03181667,4.075992333,380.8427703,8.813063,1.414622099,0.384968667,3.608696667,48.05024467,3.684977333,7017.61482,3.658211333,4.034000333,75.91723267,3.750629333,1.337428,30.24003033,7.823266,6.785896333,28.49238,2317.710099,28.54912433,3696.876979,23064.76899,15.246533
12/8/2020,3.672998667,102.1434843,81.587368,1.349721968,84.63114067,1.615566,0.376907333,6.860736667,5.120732667,1.28167,0.88884,744.698919,6.528252667,3489.719673,21.74923267,15.66080033,38.342196,0.825944156,0.748518854,7.751425,296.4828263,14094.69452,73.72416533,126.39985,143.2098043,104.1447107,111.416588,4056.105822,1084.827518,0.304682667,420.1763753,9271.568405,186.1626207,8.995430333,1330.164644,2839.881086,19.79076167,4.071667333,381.2926977,8.763421667,1.420183642,0.384901667,3.596425667,48.18837067,3.674335667,7016.017658,3.641168,4.022866333,73.36103367,3.751542667,1.337781667,30.01603733,7.810563333,6.778931333,28.240835,2316.472776,28.07621367,3676.188539,23125.76388,14.99020167
12/15/2020,3.672761333,101.6304163,82.46856567,1.323321301,84.73198767,1.609477333,0.376908,6.874602,5.082892,1.26999,0.885569,736.0425987,6.532328333,3422.190507,21.65425,15.69300033,38.45137367,0.822746337,0.743796058,7.75157,292.811507,14137.95206,73.61393533,127.3199313,142.985991,103.6436753,111.5600403,4044.589666,1088.189699,0.305198667,419.7599833,9280.44279,186.9004807,9.048924667,1382.584333,2830.541637,19.93080333,4.053667333,380.366709,8.719754333,1.411189111,0.384904,3.586701333,48.046999,3.65148,6987.604698,3.640657,4.004666667,73.162201,3.751339,1.332525667,30.03837567,7.833686333,6.784818667,28.11700433,2317.758132,27.74280433,3662.403116,23130.64805,14.882855
12/22/2020,3.672833333,101.1155723,83.24388,1.325040668,84.669021,1.607883333,0.376980667,6.857423333,5.159942333,1.28952,0.888083333,722.6203907,6.541769,3458.283124,21.60311533,15.65583633,38.89213267,0.820789508,0.746611457,7.752743333,297.241838,14207.27715,74.119155,127.959961,142.9653367,103.543688,109.366517,4032.39228,1107.668312,0.304720333,420.5917293,9285.420993,189.1857617,8.979968,1328.468383,2847.453105,20.11064367,4.060340667,382.771317,8.731979,1.418055465,0.384910333,3.612022,48.143423,3.697299667,6829.399757,3.640666667,3.999066,75.88843333,3.7521,1.335090667,30.217599,7.660683333,6.777842,28.142966,2317.62635,28.39378033,3650.449136,23162.65615,14.67027333
12/29/2020,3.673065333,100.674033,84.027266,1.313933881,84.67821333,1.595986667,0.37689,6.85568,5.210032,1.282101667,0.884147,715.2921487,6.526921667,3481.79192,21.369501,15.71346667,38.81268333,0.816093808,0.740764692,7.75388,297.6223413,14110.70695,73.42629933,127.530029,142.1958247,103.5498343,108.9892327,4027.10129,1091.058666,0.305366333,420.7320433,9283.635007,187.808261,8.924906,1328.821915,2841.043578,19.93596933,4.049667333,383.4101067,8.619831333,1.398686273,0.384902667,3.613418333,48.06580667,3.705635667,6761.237305,3.640603667,3.978034667,73.991265,3.752140667,1.32719,30.05331267,7.3891,6.758912,28.124466,2317.009487,28.17669867,3642.881123,23119.59806,14.71548333
1/5/2021,3.673001667,100.31817,84.79393233,1.288076646,84.70083933,1.590508667,0.376952,6.862138,5.285532333,1.267506667,0.878227667,695.810876,6.449565667,3443.460857,21.25503233,15.683367,39.25568967,0.813089653,0.733814568,7.753054,291.9436747,13915.96951,73.22110033,126.873428,141.7164547,102.6756617,109.392991,4051.630382,1086.256171,0.303464667,421.81995,9293.745227,188.316733,8.819398,1320.717888,2830.99297,19.903364,4.016333333,383.500839,8.466624333,1.378315591,0.384920333,3.628516,48.07275,3.686121333,6906.403815,3.640649667,3.959834667,74.176366,3.751342667,1.317393333,29.920715,7.389031667,6.788182,27.96519533,2319.180516,28.36599867,3696.290255,23077.32506,14.973649
1/12/2021,3.673067667,101.176036,85.46203333,1.286519472,84.62099533,1.603441,0.376875333,6.855663333,5.3227,1.270994667,0.886183,724.9167513,6.456901667,3478.769381,21.431434,15.64986667,39.29731367,0.819098052,0.731654553,7.75433,294.0557813,14087.59658,73.17481833,127.7300143,142.555852,103.757834,109.6635973,4054.559942,1093.284833,0.303386333,420.087876,9307.174759,189.6390737,8.835188,1328.473716,2848.972036,19.79826167,4.055000333,383.4159913,8.447148333,1.383603218,0.384913667,3.607679667,48.03061333,3.7037,6899.37058,3.640679667,3.990631667,73.46566867,3.751581667,1.323233333,30.03992567,7.451126667,6.781662667,27.988568,2316.988385,28.01917167,3710.440255,23030.14391,15.22382167
1/19/2021,3.6729,101.426606,86.204192,1.29673166,84.635437,1.61213,0.376903333,6.860958667,5.358048333,1.272306333,0.888167333,737.2007817,6.478671667,3483.329271,21.55063233,15.69285533,39.36661767,0.823858612,0.732931547,7.752275,294.827488,14087.56667,73.19146567,129.326813,144.1606633,103.8953305,110.171529,4059.608673,1101.216143,0.302980667,419.9411877,9316.71355,193.030887,8.927708333,1331.191678,2844.157892,19.64838733,4.047988,382.222246,8.520461667,1.402890993,0.384911,3.61488,48.05252367,3.735577667,6879.277485,3.6405,4.01607,73.752342,3.751165,1.328027667,29.98151233,7.470261667,6.767006,27.94789933,2317.664063,28.136952,3692.198245,23063.66384,14.98576767
1/26/2021,3.673001333,101.6385173,86.933332,1.290248423,84.54864433,1.607972,0.376907333,6.858014,5.355334,1.26944,0.8868,733.1148597,6.468083333,3601.847417,21.418367,15.71313167,39.41251967,0.822180997,0.72781077,7.752013333,295.6721177,14083.7845,72.91680067,129.0467947,145.277402,103.609434,110.071099,4055.974409,1102.394776,0.302378,422.1583753,9320.795066,195.2753563,8.957922333,1329.271113,2848.050856,20.004501,4.048343667,383.3969307,8.547256333,1.382068201,0.384901333,3.643929667,48.06792767,3.736484,6938.055716,3.6405,4.008066333,75.07146733,3.750904,1.324845,29.95010467,7.349367333,6.790227333,27.94764967,2316.660084,28.14652033,3682.277247,23053.79104,15.06163567
2/2/2021,3.673101,102.719842,87.70106567,1.314301976,84.65204433,1.624154333,0.376985333,6.887736,5.368099333,1.27862,0.897794333,732.6131257,6.457486333,3541.98574,21.50970067,15.72366667,39.44225967,0.830635544,0.732045062,7.751556667,295.492816,14010.7231,72.91126833,129.5399487,147.6180077,105.0331657,109.9560937,4064.333351,1113.811719,0.302892667,423.410564,9328.333343,193.7694033,8.989063667,1338.662458,2845.441472,20.13793033,4.044002333,380.2334443,8.602578667,1.389352725,0.384969333,3.635196333,47.90826633,3.722393667,6906.942704,3.641054,4.043366,76.20683333,3.750914,1.331773,30.00266667,7.195635667,6.769354,27.887344,2317.112148,28.020763,3666.787342,23022.42507,14.95739533
2/9/2021,3.672934667,102.020249,88.26768633,1.291850691,84.67517067,1.61299,0.37685,6.891238667,5.378134667,1.26967,0.892547333,734.6009877,6.429693667,3572.892744,21.24063433,15.64399433,39.56030233,0.825225704,0.723812615,7.751856667,295.7422447,13995.0765,72.854999,127.4532613,148.259675,104.5763357,109.5225343,4067.284875,1110.065288,0.302559333,418.5551893,9340.471553,195.5350337,8.926567667,1403.586213,2846.437171,20.08584,4.047994,380.9001643,8.447863333,1.380948587,0.384892667,3.638265667,48.03654267,3.692763333,6802.73428,3.6405,4.022067667,73.87480067,3.750881,1.325693333,29.90999233,7.064416667,6.771762,27.91339967,2319.771645,27.70027667,3665.967998,23006.05889,14.72485
2/16/2021,3.673066667,101.8934737,88.45776567,1.292293129,84.564097,1.616071,0.376909333,6.896474667,5.370467667,1.270871,0.893357333,718.5098227,6.448229,3522.014449,21.35899867,15.606662,39.77054533,0.826991694,0.719995259,7.752426667,296.8456823,13988.03333,72.91016667,128.766554,149.6753827,106.1028952,109.4167597,4062.666726,1106.848885,0.302356667,416.8093147,9333.502781,194.9402173,8.934374333,1406.616332,2847.574567,20.22647967,4.029235667,386.014605,8.458495,1.390904939,0.384891333,3.652900667,48.34571833,3.719205,6643.275301,3.640658667,4.029566,73.574901,3.750797,1.328646667,29.94978967,6.987165333,6.770703333,28.04190233,2317.263665,27.85818433,3657.296675,23060.17386,14.67244933
2/23/2021,3.673066333,101.6046883,89.45563367,1.264359603,84.654976,1.609734333,0.376895333,6.880114,5.441002,1.259177667,0.905178333,704.577561,6.463186667,3593.598909,21.28063867,15.663149,39.97034167,0.822905338,0.708261836,7.753853333,295.1521717,14104.9486,72.37628667,127.5300427,150.9465033,105.2844524,109.6626823,4067.409801,1109.386639,0.302478333,414.8947513,9345.995718,193.3349253,8.905740333,1406.679357,2840.790661,20.513575,4.043001333,385.5550577,8.469233667,1.362546337,0.384890667,3.652255333,48.61912967,3.709643,6611.90167,3.640675333,4.011434,74.051234,3.750340667,1.31959,30.02232533,7.106334333,6.780552667,27.85673367,2317.404676,27.92358767,3668.470501,23030.18605,14.54760933
3/2/2021,3.673009333,102.5073633,90.15706967,1.278052758,84.69553333,1.618103333,0.377008,6.881273333,5.6764,1.26365,0.915127333,728.930351,6.471720667,3638.121336,21.66389967,15.66363467,40.142712,0.827427615,0.716574473,7.757463333,301.426033,14270.88251,73.26850033,125.7833247,150.241085,106.757658,109.7674263,4063.760875,1124.103731,0.302674,419.9620903,9354.128999,195.3690977,8.917292,1406.924497,2839.230879,20.604317,4.057998667,380.849938,8.475492,1.371504674,0.384955667,3.662737333,48.51235567,3.75415,6623.654604,3.640664667,4.033132333,73.78186733,3.750750667,1.329383333,30.25600033,7.348569667,6.774278667,27.774341,2317.756669,27.91928067,3659.000564,22988.1779,14.92914533
3/9/2021,3.673067333,103.632079,90.53069933,1.295958063,84.73687,1.643134333,0.377000667,6.873616667,5.802832,1.264355,0.928204,735.2256887,6.510179667,3596.690706,22.01951633,15.71359833,40.332728,0.840537056,0.720056311,7.761998333,308.126747,14397.55983,72.77273333,127.4500207,147.8726387,108.594673,109.6183303,4054.869762,1134.961032,0.302689333,419.65829,9363.706216,196.424948,9.022572667,1406.73428,2844.488406,21.19338,4.116316333,385.5456587,8.469513,1.392835585,0.384900667,3.696882,48.46432933,3.840590667,6631.130067,3.640665333,4.105266,73.99543333,3.751403,1.343733333,30.73868,7.617095,6.785459667,28.25803767,2317.368401,27.71382967,3657.856471,23065.14531,15.29334633
3/16/2021,3.673066667,103.2387547,91.12569533,1.291037633,84.79520133,1.643148,0.377018,6.896801333,5.624667333,1.244256667,0.924947,727.7252063,6.504574667,3563.079008,21.957767,15.672766,40.46235967,0.840166827,0.719302901,7.765353333,308.7306827,14422.66667,72.51386467,127.3234,145.9183707,109.0386557,109.6587017,4050.666574,1129.427566,0.301787667,418.9075587,9380.66681,198.5044733,9.002716667,1406.69897,2840.484092,20.609183,4.113346333,380.1833623,8.47953,1.390273735,0.38496,3.701736333,48.618582,3.860533333,6611.500295,3.641169,4.104033,72.787586,3.750237667,1.345303333,30.75264033,7.492367,6.779572667,28.24476633,2317.3513,27.68745833,3663.40525,23111.38958,14.86900667
3/23/2021,3.673068,103.733867,91.51558767,1.314602263,84.63716233,1.649397333,0.376727333,6.885369333,5.521500333,1.259032333,0.934481667,722.8966137,6.517806,3602.640848,22.13188933,15.74709933,40.66839867,0.844507409,0.728260834,7.767156667,309.066918,14455.03333,72.59163333,125.2733497,145.1087817,108.518256,109.8088067,4046.876962,1131.903519,0.302080667,420.8644577,9369.371284,198.2954773,8.994665667,1406.397853,2845.093997,20.81431333,4.121667667,380.5362877,8.656010333,1.430477772,0.384982333,3.719832333,48.721833,3.90054,6545.288114,3.640658,4.127267333,76.36426533,3.750309333,1.3462,31.003238,7.943297333,6.784396,28.45715133,2317.197484,27.77286167,3657.278728,23102.81174,14.89938
3/30/2021,3.673066667,105.066731,91.950901,1.314532457,84.644976,1.670344,0.376998,6.889853667,5.773834667,1.262253333,0.941851333,729.177811,6.572007,3726.361527,22.3119,15.702533,40.782933,0.853014898,0.72748037,7.77519,310.0574603,14546.46667,73.443699,126.6500677,145.290686,110.3203447,109.5096223,4043.980777,1132.249596,0.302083667,424.9886607,9392.3097,198.8293833,9.072455,1406.639231,2843.01176,20.577869,4.150331,384.3921527,8.545321333,1.430595031,0.384960667,3.763851333,48.58180233,3.972675667,6445.543448,3.640656,4.197932667,75.852234,3.750318,1.347257667,31.29849633,8.330066,6.780697333,28.47060067,2317.320987,27.86085833,3659.279396,23078.02179,14.91144233
4/6/2021,3.672950333,103.9305093,92.28398233,1.304730952,84.742884,1.647603333,0.376571333,6.880238,5.5929,1.257358333,0.931223333,717.7625463,6.540523667,3642.045495,21.92160067,15.68939667,41.43743233,0.842199341,0.723078613,7.77624,303.7529627,14496.43333,73.48576667,126.1866493,145.5828683,109.777152,108.572385,4041.812342,1114.616624,0.301885333,429.8140707,9392.792256,199.8401047,9.030315333,1406.713719,2853.339354,20.17704833,4.130999667,400.183704,8.488267333,1.416100061,0.384976333,3.672204,48.63230833,3.866341333,6380.591952,3.641136667,4.138198333,77.11976533,3.750382667,1.339010333,31.28430533,8.142199333,6.782508667,28.442941,2316.335728,27.796799,3654.767765,23047.4326,14.51524267
4/13/2021,3.673066,103.0304553,92.61960167,1.307713764,84.73597467,1.636435,0.376988667,6.869913333,5.717601,1.253675,0.920455,708.044863,6.543625333,3660.286132,21.677199,15.67492,41.502577,0.836577026,0.726872168,7.77285,300.649056,14641.2,75.20866733,126.8733853,147.998632,108.9498367,106.866892,4042.666717,1120.288896,0.301585667,433.7951143,9413.333363,201.3305327,8.944925333,1406.647621,2841.869845,20.08270667,4.134033667,381.516613,8.467983667,1.416036555,0.384969333,3.619517,48.61398767,3.819886,6259.240649,3.641155667,4.116831667,75.93966633,3.750668667,1.340144667,31.48723433,8.112910333,6.773532,28.42013333,2317.32615,28.04144133,3621.324336,23029.34813,14.51264567
4/20/2021,3.673068333,102.05373,92.97850933,1.294773299,84.68590367,1.625737333,0.377021333,6.888245333,5.569100333,1.261216333,0.915976667,696.7995753,6.499464667,3638.817635,21.55016567,15.69689567,41.633503,0.831026789,0.717468919,7.761597,300.1426643,14543.51667,75.42623533,126.0134213,150.4819157,108.114059,108.071641,4045.003617,1115.633801,0.301155,430.494991,9415.854162,191.528804,8.917215333,1406.443239,2840.492859,19.95872533,4.114333,380.8500387,8.360281,1.395700791,0.384962,3.671506667,48.41470567,3.782465333,6423.838939,3.640665333,4.094165667,76.82667133,3.75045,1.329175333,31.27249967,8.114453333,6.778241333,28.064233,2316.936503,28.009263,3620.382634,23084.58745,14.299255
4/27/2021,3.673067,101.8240797,93.33333433,1.287416454,84.75162167,1.617599333,0.376993333,6.874579,5.451200667,1.240610667,0.914034,701.8000393,6.482862333,3687.437751,21.445388,15.65976567,41.90691033,0.827159865,0.719227016,7.762453333,299.8129997,14522.48333,74.57676633,123.8566177,152.5519257,108.7534983,107.7847987,4046.514453,1111.95068,0.301005333,429.6420553,9406.832067,194.7011133,8.895514667,1555.274013,2842.159525,20.04663633,4.097000667,379.8490227,8.273804,1.388102615,0.38497,3.829591,48.48713967,3.779360333,6478.083049,3.640673667,4.075933,74.8385,3.750373333,1.326416667,31.34554433,8.217433667,6.790345333,27.916733,2317.711909,27.75657667,3602.93716,23039.66026,14.37004167
5/4/2021,3.673066,102.336982,93.702925,1.296534895,84.72538367,1.627052667,0.376974,6.872264667,5.443999333,1.230190667,0.91365,703.631267,6.476934667,3819.738501,21.51114133,15.65177833,42.15669967,0.832341319,0.719990924,7.768133333,299.8218583,14482.33333,73.77276633,124.726746,152.2691517,109.328008,107.2115923,4047.323009,1124.589603,0.301374667,428.2864877,9412.605531,196.6431883,8.932181667,1554.813537,2838.826192,20.21376433,4.121984,385.2129613,8.327794333,1.39635217,0.384928667,3.829693333,48.069531,3.790932333,6624.221421,3.640669,4.101266,74.70219933,3.750506,1.33634,31.185015,8.321771667,6.771714,27.924635,2317.162717,27.802185,3557.146149,23057.42644,14.46406067
5/11/2021,3.673066333,100.857686,93.88652967,1.275767095,84.71022467,1.609254,0.37697,6.87741,5.222099,1.209613333,0.903877333,702.359774,6.428576,3711.128775,21.002725,15.66704067,42.57902733,0.823365994,0.707363208,7.768603333,295.19055,14190.26667,73.37356667,123.8534973,150.7726737,108.6975357,106.8332827,4060.196057,1118.00925,0.300693,427.2673783,9411.014723,196.2831607,8.844432333,1556.094251,2837.159525,19.964421,4.117665333,390.0661437,8.262979333,1.376855265,0.384954667,3.711379333,47.900681,3.738039333,6733.267788,3.659866667,4.055499667,74.11826633,3.750299,1.326187,31.169644,8.290000667,6.795404667,27.93265533,2318.964664,27.64436633,3543.087547,23067.91842,13.99060033
5/18/2021,3.673066,100.5818757,94.04276467,1.283699284,84.69744267,1.600017667,0.376689333,6.873102667,5.260801333,1.207197,0.897556667,712.7355267,6.424383667,3664.230097,20.78909833,15.66316733,42.62705467,0.818134045,0.7048148,7.765496667,286.8976117,14319.31667,73.101232,122.9232997,149.5786927,108.8656453,107.4890683,4066.454562,1126.360596,0.300484,426.6695573,9424.174388,196.6607683,8.803719333,1644.61669,2845.289881,19.84835167,4.124666,411.1324793,8.232302667,1.381219135,0.384951333,3.731903667,47.80916833,3.698774,6712.431555,3.641163,4.030234333,73.65176833,3.749442333,1.330166667,31.39899867,8.354975,6.772838,27.97033467,2317.264421,27.41479433,3533.559394,23030.35048,14.00349
5/25/2021,3.672993667,100.3432773,94.21256567,1.290318365,84.673457,1.596283333,0.37698,6.874518,5.331767667,1.206591667,0.895625667,733.9664803,6.410652,3737.224741,20.74913433,15.65417767,42.84074167,0.816448832,0.707132521,7.762583333,284.7160933,14347.98333,72.800102,121.3503157,148.5966883,108.7991567,107.6533787,4072.545568,1121.299228,0.300637333,427.2834267,9435.185234,198.7736513,8.793152333,1644.152206,2842.289881,19.906654,4.141668333,411.6981583,8.30826,1.384274506,0.384969333,3.821933667,48.104243,3.660062667,6717.179618,3.641178667,4.019366667,73.48696767,3.74929,1.325644333,31.34662033,8.454815,6.788365333,27.84829933,2316.607827,27.463588,3548.912235,23060.29693,13.86475
6/1/2021,3.673066667,100.6437497,94.63879933,1.289680488,84.67025333,1.600051333,0.376754,6.873899333,5.151132333,1.207243,0.897106667,728.3361327,6.381881333,3680.023116,20.798833,15.66186667,43.17704367,0.818519352,0.706429719,7.75954,283.3438597,14270.76667,72.856835,120.3699327,148.3221247,109.4927417,107.670532,4071.177397,1107.177301,0.300681333,427.9080163,9433.180945,197.1828213,8.817143333,1644.811067,2838.956548,19.967154,4.125667667,411.5868477,8.317693667,1.379010765,0.384958667,3.860333333,47.727898,3.650904333,6762.562467,3.640663667,4.026166,73.51393167,3.750264667,1.322629,31.16775067,8.579532333,6.680090667,27.54160467,2317.534616,27.430717,3545.326296,23048.76918,13.756676
6/8/2021,3.673,100.9063453,94.89106567,1.292418582,84.65172033,1.608155667,0.37697,6.877698,5.035066333,1.211284,0.896916333,717.766131,6.400238667,3598.632564,20.891667,15.633382,43.49558533,0.821495227,0.706749228,7.759633333,286.460022,14282.6,72.967033,120.5466993,148.0920723,109.4693122,107.8682227,4077.063488,1116.782964,0.300751333,427.361237,9436.980362,197.6124727,8.81939,1644.216837,2842.183215,19.70540867,4.119659333,411.1530053,8.267863667,1.390685161,0.384969667,3.920161333,47.80050633,3.665926,6691.176507,3.640673667,4.043533,72.25586833,3.750669,1.323913667,31.20676967,8.602521667,6.750552,27.63686667,2316.725114,27.120637,3523.381362,22954.64391,13.57061233
6/15/2021,3.673001333,101.325555,95.226067,1.301274558,84.78958767,1.613001,0.376832667,6.876370667,5.061332667,1.218402,0.898576667,726.0559257,6.406784,3671.571899,20.99816667,15.646763,43.43312367,0.82473483,0.71022677,7.762954667,290.0006677,14249.35,73.35253233,121.0865337,150.210282,110.0933227,107.7362407,4075.145851,1116.470769,0.300782333,427.022646,9459.081694,197.6579997,8.821259333,1644.593105,2837.059137,20.076358,4.116338667,411.5711517,8.324735,1.404447626,0.385,3.906883667,48.08321633,3.734016667,6728.69955,3.657336667,4.060032667,72.25375533,3.750544333,1.327493667,31.148806,8.556401667,6.767106,27.607234,2317.229979,26.949659,3526.507462,22944.45408,13.784197
6/22/2021,3.673067,102.7034213,95.376425,1.323690844,84.65167433,1.638030667,0.376751333,6.879328667,4.958301,1.230903333,0.918584333,741.2332357,6.479637667,3769.206035,21.353668,15.67313267,43.50622333,0.837640332,0.716839498,7.76645,293.424917,14450.53333,74.331633,122.5864637,149.5783373,110.6513243,107.7534993,4070.223431,1132.533559,0.301234333,427.4990513,9464.282695,198.480533,8.896660667,1644.505093,2840.784137,20.34910667,4.156165667,410.9707497,8.539819667,1.42474366,0.384966,3.979265667,48.731898,3.781931,6764.772382,3.640683,4.124933667,72.8575,3.750106667,1.344016667,31.699099,8.648816667,6.786620667,27.98543733,2317.290377,27.35876133,3554.750221,22998.59271,14.26206133
6/29/2021,3.673065667,102.985703,95.63796533,1.331068397,84.78066433,1.643524,0.376973333,6.899713333,4.956465333,1.23987,0.920998667,727.2077317,6.464618667,3745.462298,21.42716667,15.645566,43.74044467,0.840364818,0.722479377,7.76355,295.400366,14539.4,74.28856333,123.5733717,150.0414403,110.5414913,107.8167157,4075.045028,1130.502801,0.300844667,428.311276,9478.944151,199.2198597,8.908269667,1645.106994,2837.784137,19.81725367,4.151322667,410.9872943,8.560546667,1.430798602,0.384952667,3.917129667,48.67653767,3.797164333,6755.041689,3.662800333,4.140453,72.73990167,3.750314667,1.345124667,32.120949,8.732181667,6.783500333,27.90616667,2317.55163,27.23982833,3553.294959,23025.21157,14.34879533
7/6/2021,3.673066333,103.4217873,95.91116533,1.33412288,84.681207,1.654416667,0.376716,6.879814,5.196898,1.245969,0.924686333,747.4600987,6.478991333,3767.493031,21.68076633,15.673732,43.999322,0.845788574,0.724432733,7.766953333,299.2966547,14499.26667,74.70146533,124.0366573,148.9796943,110.6013869,107.9167137,4073.232399,1135.528036,0.301087,426.2242037,9487.096491,199.1638487,8.946398667,1644.626793,2835.929137,20.015436,4.155000333,411.3341967,8.702055333,1.424638308,0.384953333,3.944091667,49.759696,3.817789667,6786.143322,3.662566,4.165832333,74.47289833,3.750644333,1.346836667,32.27221667,8.686735333,6.763556667,27.93613167,2317.322978,27.28105267,3560.258232,23020.08413,14.37409267
7/13/2021,3.673067333,103.69953,96.119165,1.343896268,84.82720933,1.659306667,0.376929333,6.875256667,5.163399333,1.251769667,0.918941333,749.5701493,6.472757,3829.206285,21.779793,15.67469867,43.977845,0.849270917,0.72432652,7.76622,303.2966527,14531.81667,74.636171,124.3665787,151.709272,110.6014997,107.9524123,4073.41765,1148.488956,0.300749667,427.6128767,9496.715693,199.389502,8.959599333,1645.129737,2838.743046,20.057733,4.191835,411.000074,8.781521667,1.440209708,0.385,3.967979667,50.129943,3.88891,6828.927945,3.661679333,4.184400667,74.34826667,3.750762,1.355991667,32.65663833,8.621735,6.781688667,28.03896733,2317.530203,27.310041,3539.32958,23058.52407,14.73638033
7/20/2021,3.673052667,103.9596353,96.328933,1.362921333,84.80007333,1.660001667,0.377014,6.877169333,5.220964333,1.267733333,0.921263667,758.099608,6.48559,3834.260445,21.77396567,15.65217833,44.12482633,0.848847125,0.733544238,7.772486667,304.9921447,14540.13333,74.52812967,124.8901043,153.6548313,109.9253287,108.1457543,4070.35464,1146.916074,0.300662333,428.4041013,9534.307163,199.3491573,8.962903333,1644.787623,2838.742285,20.139361,4.223667667,411.0907657,9.001904667,1.444972055,0.384994667,3.946598667,50.59634633,3.898901,6852.156969,3.640670667,4.179945667,74.335201,3.750469,1.366570333,32.827435,8.572607667,6.774245333,28.017801,2317.50457,27.21400033,3558.62193,23028.35323,14.621782
7/27/2021,3.673067667,103.041965,96.57196633,1.357475498,84.81123633,1.654137333,0.377045333,6.880550667,5.169732,1.259438333,0.914396667,767.8100423,6.515084333,3921.270886,21.73586667,15.67292967,44.23078967,0.84594455,0.720379984,7.783256667,303.8986647,14518.21667,74.50103733,126.01327,154.0542203,109.7959143,108.4486243,4067.42498,1153.113748,0.30063,425.3880493,9558.946306,198.8479723,8.940653,1644.787469,2837.767285,19.96959767,4.231199333,411.332356,8.878444,1.436254953,0.384973333,3.922155333,50.53332567,3.888827333,6917.113964,3.640037667,4.160267667,73.72879933,3.751090667,1.359593667,32.92627867,8.559965667,6.788820667,28.033961,2317.515328,26.88348033,3554.962385,22987.58516,14.78758533
8/3/2021,3.673,102.5155383,96.79791533,1.351770289,84.81668667,1.648322667,0.377011333,6.880002667,5.197766667,1.25346,0.903800667,775.666304,6.468459,3904.356776,21.445066,15.68283433,44.35959333,0.842496922,0.718568482,7.777496667,299.6189127,14337.75,74.22607,123.81658,153.9999713,108.9918327,108.616743,4072.481341,1147.199493,0.300201,424.294376,9554.348245,199.3154197,8.922220333,1644.519901,2837.767285,19.87670833,4.224670667,411.3344037,8.814531667,1.41933528,0.38496,3.992165333,49.74173033,3.835170333,6912.876485,3.640676333,4.143266667,72.95933333,3.750310667,1.350889667,33.02339833,8.40496,6.767136,27.86975933,2317.329767,26.83455233,3550.014893,22965.25391,14.31241067
8/10/2021,3.673067,103.3725677,97.022101,1.361571841,84.72256633,1.669761333,0.376972667,6.871010667,5.1898,1.252039333,0.922907333,778.7770277,6.486170333,3977.191496,21.65679133,15.683099,44.90247633,0.853215774,0.722747782,7.781056667,301.592981,14388.76667,74.43383333,126.2333887,153.9962267,110.5774333,109.0166737,4073.618381,1151.748667,0.300898333,426.0035883,9581.781826,199.3645553,8.978143333,1644.911258,2842.695618,20.08559,4.227667,411.3930683,8.925748333,1.427178493,0.384958667,4.09753,50.46727267,3.904984,6908.890477,3.640939,4.193533333,73.924667,3.750168667,1.359818333,33.46002933,8.600300667,6.781527333,27.843344,2317.678578,26.76877733,3531.527602,22891.28123,14.79872
8/17/2021,3.673066667,103.239354,97.11146567,1.37816662,84.82457267,1.670483333,0.377036667,6.873719,5.295434,1.262831333,0.915001667,789.880152,6.487767667,3872.417561,21.73929967,15.695999,45.07895867,0.854026829,0.727783635,7.79207,300.2692267,14423.3,74.36649667,126.659975,154.208286,109.5641723,109.4085893,4072.168524,1176.23233,0.300564,425.3827143,9579.835096,199.3440967,8.978198667,1644.75655,2844.422238,20.00019867,4.237343667,411.6009937,8.915663333,1.4434129,0.384956,4.081465333,50.483634,3.897100333,6912.388381,3.677906333,4.204866333,73.579799,3.750469667,1.362100333,33.35327433,8.432005667,6.783876,27.913901,2317.598389,26.66352167,3532.671249,22869.54793,14.902923
8/24/2021,3.673067,103.3505007,97.35555133,1.379272941,85.09776433,1.664206,0.376989667,6.867414667,5.246733,1.259518333,0.913154667,782.336631,6.471159667,3869.378284,21.72302233,15.68425233,45.23584767,0.850821466,0.728629029,7.787524667,296.2416953,14417.23333,74.14103533,127.0367347,152.928696,109.7196392,109.5832207,4075.414525,1163.083851,0.300774667,424.56616,9577.956613,199.283506,9.146947,1644.255434,2844.763905,20.20842767,4.217999667,411.3934577,8.832421667,1.441529999,0.385003,4.090332667,50.05505867,3.891896333,6922.174691,3.648727,4.193566333,73.72039933,3.750210667,1.354439667,32.88003667,8.410001333,6.784364,27.909599,2317.333501,26.669672,3531.42538,22809.23727,15.010544
8/31/2021,3.673067667,103.0332477,97.747529,1.366550258,85.11562233,1.656103333,0.376985333,6.876408,5.150201333,1.26174,0.915435,774.776644,6.458427,3786.674943,21.515833,15.68208167,45.59134,0.846799271,0.727111884,7.77787,295.519914,14245.78333,72.980731,125.9532803,151.1114267,110.0416653,109.8069283,4070.057795,1157.994908,0.300598,426.1223937,9568.913941,199.2215723,8.938461333,1643.74564,2844.342238,20.073536,4.156666333,411.2790113,8.689934667,1.418520809,0.384989333,4.079034667,49.63468833,3.830296667,6913.141634,3.673315,4.177101333,73.24433367,3.750729333,1.344352667,32.19342433,8.314214667,6.779240667,27.60639867,2316.034266,26.90165,3530.363555,22794.38406,14.518385
9/7/2021,3.673068,102.5247753,97.855633,1.353678742,84.994077,1.651335,0.376882,6.870480667,5.170199667,1.264653333,0.919511667,780.1869043,6.464893,3802.507344,21.43925033,15.69971267,45.95775133,0.844342825,0.725677004,7.774735667,294.3080783,14230.06667,73.40726567,127.13673,150.0938183,110.297239,110.0265713,4075.554164,1160.844716,0.30051,426.3872793,9559.779076,200.6785973,8.925267333,1644.762272,2838.008905,19.941717,4.155000667,411.3874777,8.684443,1.408974407,0.384967667,4.097354,50.181493,3.809859333,6905.46019,3.640792,4.179533667,73.35199867,3.750420333,1.34602,32.670124,8.348232667,6.777826667,27.6126,2317.362666,26.69258533,3523.899514,22779.31404,14.29860067
9/14/2021,3.673066,102.9956287,98.086585,1.36659952,85.18610167,1.656766667,0.376902667,6.874222667,5.2401,1.269195,0.920135,783.5072297,6.438951667,3829.81384,21.47967433,15.700067,45.89069633,0.847232425,0.724196615,7.779426667,296.3483583,14248.63333,73.64498333,128.0533297,149.2230967,109.7210109,109.9292187,4078.883448,1170.516359,0.300568333,426.2216267,9586.260569,199.2618223,8.950297,1814.668432,2836.51056,19.91183267,4.161334333,410.8856927,8.645763333,1.409462379,0.384964667,4.101402333,49.840263,3.85493,6889.850948,3.640679667,4.191765333,72.912433,3.750659333,1.343645,32.910902,8.433686667,6.774622667,27.66456733,2316.875798,26.626437,3526.814875,22760.25796,14.33013433
9/21/2021,3.673067333,103.3118833,98.34920033,1.383716485,85.22458567,1.668119,0.376936667,6.873098667,5.270332333,1.282033333,0.923639667,785.8999547,6.472697333,3839.675818,21.68196767,15.68289967,46.24231567,0.8530466,0.73221029,7.786631667,300.7182417,14239.86667,73.77609933,129.8567597,147.704593,109.153342,110.266391,4078.603755,1182.653483,0.300889667,426.3099543,9816.146282,199.6462133,8.988672,1797.145768,2831.28556,20.14028267,4.185333667,411.3258207,8.680727667,1.429231263,0.38496,4.109681667,50.170299,3.9421,6864.625108,3.651525333,4.220034333,73.04600033,3.750144667,1.352858333,33.383924,8.623666,6.784581333,27.74293233,2317.333364,26.69533833,3536.194113,22766.3977,14.84763367
9/28/2021,3.672934,104.0199813,98.57681233,1.380659313,85.463562,1.673833333,0.376980333,6.880068667,5.429100667,1.267952667,0.929232333,802.245512,6.463655667,3836.871704,21.818233,15.69193267,46.13123733,0.855738611,0.738537182,7.78321,307.8472233,14302.43333,74.17236467,128.2267403,147.7773303,111.533679,110.467513,4087.837449,1186.447944,0.301132667,424.6868163,9858.398998,199.5006097,9.012173333,1830.34125,2834.618893,20.33576367,4.181665,409.7738017,8.660631667,1.437282496,0.384964,4.123396,51.17730733,3.966848333,6874.678639,3.627844333,4.235465333,72.81900067,3.751058667,1.357069,33.84769167,8.869712333,6.774926667,27.762434,2307.333357,26.57295433,3524.640365,22758.69382,15.10207433
10/5/2021,3.672999667,104.592078,98.89981,1.372209841,85.66609667,1.686359,0.376985333,6.871932,5.476401,1.258384333,0.928469333,810.8222613,6.44729,3784.777964,21.842201,15.69413233,46.33621567,0.862368487,0.733858083,7.785413333,308.4390943,14229.36667,74.55560133,128.266741,147.6370997,111.4963346,110.6219707,4078.759143,1185.610681,0.301473,425.2362107,9961.739717,199.6264923,9.054898667,1886.956407,2837.10056,20.58215067,4.178336667,410.84102,8.530171667,1.437643498,0.384972,4.131284667,50.661229,3.97022,6912.270849,3.640672333,4.262934,72.29573267,3.750260667,1.357405333,33.82336167,8.869099667,6.771632667,27.89273433,2302.000091,26.39631,3555.899241,22754.9163,15.00993333
10/12/2021,3.673067,105.136265,98.96369667,1.362748845,85.49222233,1.696333333,0.376956667,6.886402667,5.532905,1.247546667,0.930557333,823.0333773,6.450441333,3735.086442,22.028155,15.69953267,46.574189,0.867184158,0.736395776,7.781768333,312.631255,14220.63333,75.478766,130.040089,147.9941537,113.5395023,110.7643637,4073.250523,1196.617958,0.301668,425.508784,10089.22949,200.3217703,9.081892,1909.923703,2835.422226,20.79376967,4.164665,411.1078477,8.558165,1.443867521,0.384958667,4.039145,50.90488867,3.976183333,6892.194917,3.644386333,4.292384,71.82043233,3.75104,1.357245,33.32920933,9.039475667,6.784557333,28.14216767,2299.666612,26.34527333,3590.470827,22771.64616,14.97461367
10/19/2021,3.673067,104.4583977,99.30703333,1.337879415,85.536522,1.681072,0.376940667,6.87691,5.584668333,1.235685,0.923127333,810.448271,6.380092333,3769.684005,21.92793333,15.70676567,46.854428,0.859729375,0.72502384,7.775306667,311.4536717,14099.13333,75.11383067,128.9000933,150.011275,114.5378323,110.9511087,4071.043381,1174.362988,0.301453,425.891612,10121.24498,200.6764493,9.033603667,1856.736469,2841.972224,20.23676167,4.170833667,410.582644,8.350227333,1.397685647,0.38496,3.943755667,50.84413633,3.940608333,6907.622388,3.640679,4.253233,70.83703433,3.751072667,1.345199667,33.349918,9.303975,6.781261333,27.846868,2300.686525,26.24388467,3627.14101,22775.12187,14.52084433
10/26/2021,3.673067,105.2184193,99.541371,1.33144918,85.59837067,1.685449667,0.376985333,6.876388667,5.566501333,1.239199333,0.919793,803.9406997,6.381516667,3771.136831,22.17106233,15.698469,47.061222,0.862359048,0.726456809,7.77606,314.724417,14147.13333,74.90513333,129.2965877,153.5416353,114.1823327,111.090212,4071.996481,1166.954455,0.301456,425.727417,10213.41408,201.8252353,9.072115333,1833.259773,2842.63889,20.199629,4.146667667,410.3038293,8.363463333,1.395531355,0.384918667,3.984059,50.828334,3.974626333,6907.686677,3.640660333,4.264267,69.433233,3.750341333,1.347335,33.19777067,9.540267,6.774626,27.801401,2299.999948,26.40544767,3554.549504,22775.22819,14.82856633
11/2/2021,3.673066,105.8730317,99.79752167,1.344911504,85.663825,1.689023333,0.376948,6.870553,5.679934333,1.240912667,0.914822667,813.1700813,6.399561333,3789.513943,22.0756,15.68218167,47.326888,0.863643397,0.73441029,7.781557,310.3012903,14277.76667,74.70493067,129.6699687,154.1829263,113.9714947,111.2728317,4067.341582,1177.70248,0.301596333,428.160794,10309.8694,201.6834913,9.074929,1784.149783,2847.972224,20.79392867,4.147665667,410.463586,8.525407667,1.403448591,0.384956667,4.003442,50.495347,3.977811667,6892.593426,3.697166667,4.274500333,71.54749933,3.751209333,1.348706667,33.263898,9.601998,6.767318,27.87706667,2300.333477,26.28510633,3552.221385,22762.85425,15.429767
11/9/2021,3.673066333,105.8704747,100.046279,1.355959666,85.679636,1.687093333,0.377014667,6.876396,5.480533333,1.243796333,0.91108,792.5991797,6.392087,3867.943951,21.76923367,15.69286767,47.35079067,0.862532086,0.737486985,7.79028,311.0450013,14252.63333,74.17333333,129.6734693,154.616493,112.920834,111.6752133,4071.558728,1177.231958,0.301574667,429.3054197,10475.10262,200.9913303,9.055323,1806.586813,2845.90389,20.322825,4.148832667,410.5674297,8.5075,1.403732064,0.384882667,4.013973667,50.19916733,3.960654333,6874.441499,3.640663333,4.268133333,70.67413533,3.751428667,1.347433,32.766592,9.729867667,6.786797333,27.75163333,2298.999967,26.085089,3536.191293,22653.08583,15.04038333
11/16/2021,3.672932333,107.3894693,100.297232,1.369963288,85.769152,1.727865333,0.376983333,6.873826,5.503400667,1.256673333,0.930480333,811.5707793,6.392061333,3896.416829,22.30441667,15.68983467,47.40566167,0.883696404,0.744986793,7.787243333,322.6017237,14245.73333,74.456535,132.8332253,155.0807633,114.9166587,112.0667037,4063.017497,1182.612193,0.302254667,431.9073433,10643.71111,201.6803053,9.187726333,1766.787038,2845.884306,20.75581967,4.165483333,410.669764,8.749141333,1.430792294,0.384895,3.993354,50.482016,4.111785667,6865.257489,3.640672667,4.370968333,73.068667,3.751047333,1.356725,32.760135,10.34473267,6.77846,27.81846567,2298.666579,26.44717567,3533.491317,22682.0708,15.51828333
11/23/2021,3.672965667,107.7645827,100.5706343,1.384654429,85.70090433,1.738783333,0.377014,6.875398667,5.571732667,1.267696667,0.933459667,812.8097477,6.391320333,3939.819012,22.68550133,15.706133,47.588586,0.889320619,0.747660774,7.793946667,329.024161,14271.33333,74.44150433,131.196637,155.4283097,115.1606127,112.3490173,4065.315649,1188.724007,0.30252,433.846983,10791.51553,202.6288223,9.231103,1774.834993,2845.490973,21.27034333,4.195999333,409.7968213,8.901366667,1.438517611,0.384903333,4.005660667,50.624188,4.182915,6833.954655,3.640681,4.399934333,74.29333467,3.751337333,1.365932,33.127946,12.817143,6.786227333,27.771668,2299.000069,26.867432,3566.038735,22677.04832,15.84321067
11/30/2021,3.673052,106.799727,100.945907,1.4034105,85.797233,1.725165,0.377012,6.885162,5.624399,1.277589,0.91957,828.5388905,6.3642985,4018.065849,22.5187495,15.751671,47.5509055,0.882558,0.75211,7.7976495,322.072973,14341.36237,75.0657015,129.5599735,155.5242245,113.2881702,112.5013,4069.052495,1182.955012,0.3023505,440.117536,10857.14193,202.7553525,9.258507,1793.547082,2856.388959,21.431063,4.2045085,409.8898755,9.0543975,1.4652255,0.385004,4.0642735,50.3949955,4.11063,6831.45853,3.6410005,4.367551,74.117011,3.7516755,1.36538,33.68675,13.5065485,6.770774,27.5936995,2299.999737,27.150751,3565.111956,22693.62525,15.896861
12/7/2021,3.673099,107.656195,101.3767505,1.404022,85.7887435,1.7359455,0.37699,6.896089,5.61305,1.264549,0.9245995,839.980075,6.3672995,3919.2976,22.5697505,15.7105515,48.2250755,0.8870775,0.754929,7.7988,325.7103445,14352.95,75.408597,130.584907,155.049843,113.5227505,112.8931215,4071.486751,1176.949845,0.302805,437.216433,10933.11624,202.7823835,9.240908,1780.285252,2857.323959,21.027672,4.231976,411.0699305,9.0131735,1.473518,0.384974,4.0820855,50.3327125,4.065251,6818.286091,3.6410065,4.3888495,74.025199,3.751386,1.365152,33.618747,13.5255015,6.798362,27.7548505,2299.999794,27.336662,3570.603259,23074.18728,15.83975
12/14/2021,3.673094582,107.1007818,101.6260163,1.405955628,84.85362749,1.733342578,0.376974403,6.90989497,5.662514156,1.281722635,0.92284976,841.7508418,6.364562118,3890.747802,22.50883472,15.71091909,48.34888556,0.886328385,0.757374939,7.802137786,326.0515161,14338.97333,75.795,130.6506402,153.8461538,113.6225,113,4072.4285,1183.51,0.3035,435.9197908,11049.5,202.7163998,9.2635,1776.198934,2852.86,21.0059,4.231908591,411.0152076,9.05141202,1.48171197,0.385000385,4.044652969,50.45408678,4.111503988,6849.315068,3.640467436,4.386926958,73.461,3.751359868,1.36826,33.37783712,13.829545,6.795324817,27.80171815,11476149.25,27.04530088,3556.567201,1148761510,16.02906
12/21/2021,3.672959671,107.2041166,102.1225,1.3991,84.86803021,1.73159,0.377,6.90989497,5.74555,1.29221,0.923190547,871.8395815,6.37226789,3999.5,22.3572,15.7158573,48.79953152,0.886,0.753607898,7.8015291,325.8390355,14314.34297,75.68876779,130.2083333,152.9519731,113.9997378,113.0965845,4070.8152,1191.895113,0.30292015,437.2540446,11131.4004,202.4701357,9.275577405,1773.049645,2852.69,20.8243,4.2095,411.91,8.9423,1.4782,0.3841,4.046944557,49.92511233,4.094501085,6824.97,3.640467436,4.382889201,74.26661716,3.75474036,1.364070386,33.6813742,12.37776953,6.78375,27.745,2298.5,27.39500863,3557.1,22975,15.8485
12/28/2021,3.672959671,106.5984437,102.5641026,1.3828,84.87523341,1.72929,0.376945984,6.90989497,5.627462015,1.281558375,0.917178758,854.7008547,6.368615463,4008.980115,22.02497632,15.7325,49.05086575,0.883923205,0.744435346,7.798487094,326.2642741,14226.77479,74.7160789,130.3950971,153.3272002,114.8105626,113.1990038,4067,1189.060642,0.302654278,434.2162397,11167.5,202.93,9.2753,1773.5,2852.13,20.66542674,4.180602007,411.95,8.800492828,1.4692,0.385000385,3.9725,50.645,4.062893593,6825.07,3.641,4.374835944,73.64854912,3.75585,1.354279523,33.5165,11.81614085,6.80565,27.689,2298.5,27.34481816,3539.948317,22880,15.7409
1/4/2022,3.672959671,106.06,103.0925,1.38064338,84.86803021,1.733402669,0.377002828,6.905,5.678,1.27047,0.916170408,847.4576271,6.3726,4077.8,21.878,15.7325,49.35,0.8862,0.739070988,7.793565,321.597,14312.5,74.53786524,130.701869,153.4683855,116.1710037,113.1990038,4070,1197.60479,0.302810078,434.7826087,11235.95506,202.0610224,9.275577405,1773.049645,2852.19,20.53591,4.1865,413.5649297,8.865248227,1.46767447,0.384098329,3.9479,51.41388175,4.04498018,6926.86,3.640467436,4.384811015,75.22756338,3.75505,1.355748373,33.255,13.41395,6.808278867,27.575,2298.5,27.39500863,3544.465317,22795,16.05136437
1/11/2022,3.6733,107.227107,103.4625,1.387145324,84.845,1.720696538,0.376988615,6.895,5.571,1.2578,0.923565,828.5004143,6.374,3991.856613,21.48181564,15.6925,49.375,0.8798,0.73353,7.796055196,314.2255,14300.0143,73.81708127,129.4498382,153.8461538,115.327,113.1990038,4070,1189.060642,0.302581016,434.4048653,11235.95506,202.9220779,9.255831174,1773.049645,2852.13,20.39422028,4.192872117,413.5649297,8.77266088,1.474665251,0.3841,3.8979,50.99439062,3.991856613,6944.444444,3.640467436,4.350474202,74.51564829,3.753753754,1.350803728,33.316,13.76841526,6.801795674,27.686,2298.5,27.6151552,3532.944709,22743,15.52795031
1/18/2022,3.6733,106.4,104.1666667,1.3915,84.84642797,1.726251101,0.377,6.895125147,5.567928731,1.250165,0.917182964,817.6614881,6.352836542,4037.141704,21.5326974,15.73811772,49.60071425,0.88265538,0.735267086,7.792410193,315.8559697,14324.59533,74.62129692,128.6504567,154.4878727,114.5606599,113.5976372,4068,1193.317422,0.302306599,435.7298475,11235.95506,202.9295,9.272997033,1773.5,2852.74,20.40275029,4.184100418,414.5,8.809757688,1.4769,0.3846,3.8574,51.445,4.0034,6992,3.640467436,4.364144191,76.95267411,3.75205,1.350621286,33.10162198,13.55380862,6.78794461,27.56567522,2298.322225,28.22466836,3524.974444,22753.12856,15.5018
1/25/2022,3.6733,107,104.6025105,1.39696,84.865,1.730253482,0.377,6.90989497,5.443658138,1.261765968,0.91805,800,6.3261,3968.096504,21.66612501,15.73811772,49.7,0.8847,0.74021,7.785736531,317.4603175,14330,74.76635514,129.0489095,155.351872,113.8997568,113.5976372,4065.04065,1196.172249,0.302452893,435.7298475,11363.63636,202.5111381,9.308386857,1773.5,2849.002849,20.61005771,4.191114837,415.1100042,8.931761343,1.494723626,0.385000385,3.848374062,51.36106831,4.052356445,7042.253521,3.640467436,4.374453193,78.74015748,3.75115,1.344266703,33.02509908,13.4643867,6.77415,27.759,2309.5,28.42524161,3521,22753.12856,15.26717557
2/1/2022,3.672959671,107.7005924,105.1524711,1.415548383,84.855,1.742038882,0.3771,6.885,5.305039788,1.271294178,0.927213723,800.725,6.361,3942.41,21.67927678,15.72821642,49.80079681,0.890725763,0.74401994,7.797878977,316.3555837,14394.70275,74.56565506,127.6487107,155.159038,115.1410478,113.6492783,4065.04065,1207.729469,0.303499348,434.4048653,11363.63636,202.5111381,9.416195857,1773.5,2853.76,20.64409579,4.184100418,415.8004158,8.909815,1.521861541,0.384792981,3.83936113,51.09862034,4.079634465,7092.198582,3.640467436,4.402958788,77.43534149,3.75205,1.351077484,33.25573661,13.31557923,6.77915,27.84662081,2309.5,28.895,3524.9,22690,15.2567
2/8/2022,3.672959671,106.3038163,105.5966209,1.402799989,84.86803021,1.70995708,0.376960193,6.875214851,5.268703899,1.2667849,0.923314144,824.4023083,6.361323155,3965.578776,21.17926127,15.70598398,50.13033888,0.874049471,0.738743398,7.791803023,309.2145949,14394.70275,74.66029565,125.0938204,155.6662516,115.1722112,113.7009665,4063,1197.99,0.3031,430.105,11363.63636,202.545,9.3105,1773.5,2855.15,20.60411258,4.182350481,416.3197336,8.777512014,1.506262286,0.3851,3.83656244,51.415,3.963849691,7004.02,3.640467436,4.321894719,75.35795026,3.75185,1.34345402,32.93807642,13.59619307,6.740815639,27.83499415,2311.604253,28.26535515,3499.807511,22710,15.4929
2/15/2022,3.672959671,107.2041166,106.47,1.398973154,84.84642797,1.72396,0.377,6.875,5.1595,1.27265,0.92545,800.95,6.3392,3951.007507,21.4502,15.7125,50.4,0.8806,0.73844,7.8015,311.575,14302.0595,75.17666516,124.46,156.8627451,115.6370154,113.7,4065.04065,1197.60479,0.303195683,429.1845494,11363.63636,202.5111381,9.370314843,1773.5,2857.142857,20.39567612,4.18760469,415.8004158,8.906345326,1.505944717,0.385000385,3.797660641,51.30836326,3.961023529,6993.006993,3.640467436,4.347448048,75.50018875,3.752345216,1.34473,32.3575,13.60395,6.800408025,27.83576896,2310.536044,28.645,3514.6,22794.62047,15.1029
2/22/2022,3.673,107.04,107.1811361,1.383661722,84.86803021,1.726400111,0.376917568,6.875214851,5.058168943,1.276617474,0.921574049,793.0214116,6.326711375,3930.045196,21.67598734,15.71338781,50.59960532,0.882667067,0.73588,7.801675,313.9717425,14345,74.62686567,124.5,154.25,115.1006267,113.7527016,4061,1193.317422,0.302498639,436.8719965,11363.63636,202.7163998,9.433072352,1773.5,2865.329513,20.29550252,4.185851821,415.9733777,8.897588753,1.483481434,0.385000385,3.708648569,51.41388175,4.012680069,6944.444444,3.640467436,4.36635,78.74015748,3.751782097,1.345532831,32.428,13.782805,6.77725,27.864,2312.673451,28.595,3513.8,22860,15.08295626
3/1/2022,3.672959671,109.5050372,107.4113856,1.37775206,84.865,1.757191305,0.376988615,6.885,5.15995872,1.27324,0.91862,806.4516129,6.3122,3882,22.8242,15.70845115,50.84918133,0.8983,0.750046878,7.81555295,338.56,14336.91756,75.80351728,128,153.35,114.8237456,113.95,4060,1204.819277,0.302901799,487.5670405,11377.5,202.5111381,9.578544061,1773.5,2873.563218,20.65240962,4.192872117,416.1464836,8.884150675,1.478273081,0.385000385,3.790032215,51.36106831,4.25966945,7042.253521,3.640997633,4.445827591,108.5187195,3.751219146,1.357773252,32.73322422,13.89274799,6.76725,28.11120794,2313.743637,29.88018048,3540.574989,22810,15.38461538
3/8/2022,3.672959671,115.5535013,108.577633,1.374079367,86.46031472,1.79516,0.376945984,6.875214851,5.0782,1.283225,0.92821,811.355,6.317119394,3799.9696,23.5458,15.70845115,50.85,0.9184,0.76394,7.820485,357.6335,14395.5,77.08,134.1921632,153.26,115.7335,114.1031492,4048.582996,1235.06,0.3045,508.9058524,11363.63636,202.5111381,10.0070049,1773.5,2873.563218,21.39037433,4.1825,415.4549231,8.995232527,1.464557704,0.385000385,3.718439743,52.30125523,4.51691585,6993.006993,3.640467436,4.543182954,138.0071764,3.750937734,1.36369835,33.18951211,14.5285486,6.767731456,28.39295855,2313.743637,29.89983555,3563.53788,22836.26399,15.3232
3/15/2022,3.673,112.4,109.2025,1.390704531,84.86803021,1.77948,0.3771,6.875,5.1627,1.277139208,0.940862112,809.875,6.3701,3829.070302,22.628,15.6925,50.9,0.9116352,0.766547852,7.82678,338.7533875,14322.54368,76.26601586,132.1527686,152.3693433,118.299,114.4950767,4035,1242.236025,0.304191763,514.1388175,11494.25287,272.1829069,9.776126699,1773.5,2898.550725,20.82834321,4.206983593,415.9733777,9.004141905,1.479016454,0.385000385,3.736222679,52.5210084,4.294979169,6993.006993,3.640467436,4.51059991,108.3658431,3.750937734,1.365305,33.51206434,14.73187979,6.78855,28.583,2314.279102,29.44,3599.4,22925,15.10574018
3/22/2022,3.672959671,111,110.1321586,1.340168191,84.86803021,1.77416,0.3771,6.885155605,4.9104,1.258653241,0.93361,792.78,6.3665,3757.52,22.37436792,18.57625,50.92,0.906803292,0.75394,7.826765,335.6831151,14360,76.145,129.05,152.2070015,121.3238862,114.6,4032.258065,1215.066829,0.303748253,508.1300813,11494.25287,284.9002849,9.712509713,1773.5,2915.451895,20.28562155,4.217629692,415.8004158,8.761400773,1.436461708,0.385000385,3.778289946,52.5210084,4.238365686,6993.006993,3.6405,4.482495854,105.9971,3.7515006,1.35715,33.48961822,14.82359917,6.76405,28.52415996,2318.5,29.44987631,3581.661891,22915,14.817535
3/29/2022,3.673,110.51,110.864745,1.330317946,84.86803021,1.76439,0.377102346,6.875214851,4.75737393,1.25,0.931207077,780.0312012,6.36051393,3755.16335,22.07164456,18.32172957,51.20065537,0.901546603,0.763621091,7.827175955,331.1258278,14365.75205,75.655,127.6976121,153.1628121,123.1345,114.955742,4045,1208.95,0.3049,465.815,11727.5,298.425,9.668374746,1774,2940.37,19.96798,4.2145,415.8004158,8.669267447,1.440600442,0.3849,3.7253,52.05622072,4.20015,6990.98,3.640467436,4.459706551,86.49770781,3.75275,1.356116084,33.50083752,14.57088737,6.807815372,28.64344638,2319.647414,29.42474621,3594.665516,22910,14.52998
4/5/2022,3.672959671,111.15,111.6925,1.31777,84.86803021,1.78305,0.3771,6.885155605,4.6516,1.2484,0.92975,787.4015748,6.363,3736.77,22.352,18.2225,51.1,0.916909648,0.76471,7.833955,344.79,14347.2023,75.4715,129.1489087,152.35,123.6705417,115.1941021,4044,1219.512195,0.305296901,466.2004662,11764.70588,297.000297,9.702144174,1773.5,3012.048193,19.98401279,4.212299916,415.8004158,8.768084174,1.43883857,0.384098329,3.698224852,51.30836326,4.25694947,6944.444444,3.640467436,4.532475185,83.99832003,3.75145,1.35938,33.575,14.71825,6.7028,28.70840869,2320.724066,29.37461446,3554.9,22918,14.68553
4/12/2022,3.672959671,111.744329,112.6525,1.341498588,84.89685033,1.806750018,0.3771,6.875,4.675081814,1.26359,0.932666166,805.1529791,6.3656,3749.15,22.59784868,18.4825,51.2400082,0.923697932,0.769112444,7.837604828,349.4060098,14365,76.16726331,128.8493751,153.609831,125.4075746,115.446779,4032.258065,1228.58,0.3056,448.0286738,11904.7619,324.9918752,9.843488532,1855.28757,3039.513678,19.80747138,4.233700254,414.5936982,8.774238835,1.4586,0.385,3.723146804,52.045,4.280821918,6944.444444,3.640467436,4.563501118,85.3665,3.749953126,1.364163427,33.555,14.58789205,6.824075338,29.05878592,2320.724066,29.675,3533.2,22930.52052,14.52559
4/19/2022,3.673,114.4,113.7825,1.35264,84.86803021,1.79171,0.377088126,6.875,4.6685,1.26042,0.95214065,819.8,6.393453104,3746.5,22.63826319,18.46722068,51.275,0.926440615,0.768462307,7.842,344.34,14349,76.444,129.0988897,154.17823,129.3000343,115.593573,4032.258065,1239.157373,0.306203687,445.0378282,11904.7619,334.8961822,9.842519685,1855.28757,3058.103976,20.0212225,4.255319149,414.4218815,8.828969615,1.482414854,0.385000385,3.7093364,52.71481286,4.303111149,6896.551724,3.640467436,4.577497025,80.9719,3.749953126,1.367705,33.78,14.65095,6.805962023,29.30660571,2320.5,29.675,3519.9,23000,14.97005988
4/26/2022,3.6729,111.4454475,114.6788991,1.39345,84.84642797,1.825550403,0.377102346,6.875214851,4.8776,1.27388535,0.95831796,844.5945946,6.559097468,3930.508608,22.75002275,18.55976244,51.26890541,0.933271115,0.785237534,7.847445656,347.4635163,14455.04481,76.74597084,129.5504599,154.059467,127.6593029,115.7541382,4032.258065,1248.439451,0.305651496,449.2362983,12048.19277,334.8961822,9.929500546,1855.28757,3076.923077,20.22940141,4.351610096,414.5936982,9.118721191,1.511624392,0.385104171,3.805175038,52.38344683,4.332755633,6849.315068,3.640467436,4.616165813,75.7747973,3.751078435,1.373720723,34.08316292,14.77759716,6.825938567,29.21072618,2321.262767,29.67535165,3520.75485,23025.55837,15.706785
5/3/2022,3.672959671,114.4557628,115.8748552,1.40830194,84.87523341,1.858252499,0.377088126,6.875214851,4.96031746,1.28319,0.97891898,855.505,6.6085,4023.95,23.4274,18.4625,51.35,0.95,0.800096012,7.847445656,361.7945007,14482.25923,76.45844484,130.9929264,153.7988311,130.1193845,115.9017153,4048.582996,1261.034048,0.307399096,440.1408451,12345.67901,353.9,10,1855.28757,3095.975232,20.28397566,4.355400697,415.1100042,9.399158775,1.554460525,0.385000385,3.817522428,52.79831045,4.458911134,6846.7,3.640467436,4.700352526,67.24949563,3.750797044,1.383925,34.34065934,14.81042654,6.81849175,29.47591817,2323.5,29.62524071,3555.176337,23004.37083,15.77287066
5/10/2022,3.672959671,114.26,116.9590643,1.44202,84.86803021,1.857355126,0.3771,6.864831468,5.1323,1.303101381,0.995832441,866.5511265,6.7348,4071,23.74394529,18.4808723,51.44,0.9496,0.81244,7.84973,360.6202669,14547,77.22604062,132.2051824,154.24,130.3615,116.0496693,4048.582996,1277.139208,0.307304631,439.1743522,12820.51282,364.8303539,10.04520342,1850,3105.590062,20.38445074,4.382120947,414.2502071,9.734918178,1.589875672,0.385104171,3.780575404,52.32862376,4.441483456,6896.551724,3.640467436,4.697040864,69.50236308,3.75115,1.3913,34.66204506,15.33742331,6.8025,29.665,2323.5,29.645,3584.2,22985,16.14205004
5/17/2022,3.672959671,109.6,118.0637544,1.422424523,84.87523341,1.854186754,0.3771,6.885,4.940711463,1.280844333,0.993915,851.0638298,6.7342,4024,23.4202,18.28153565,51.40066821,0.948,0.800864934,7.84945,366.16,14652.01465,77.47733788,131.4578678,154.17,129.4573794,116.4,4048.582996,1267.26,0.306795521,434.0277778,13157.89474,359.8416697,10.0225,1850,3115.264798,19.94117354,4.384042087,415.282392,9.676654587,1.57267323,0.384098329,3.763218304,52.41090147,4.410726888,6896.551724,3.640467436,4.690211529,64.99837504,3.750937734,1.38465799,34.50655625,15.90330789,6.781500068,29.62085308,2324.500232,29.67535165,3628.052099,23164.23442,15.89825119
5/24/2022,3.672959671,112.2460433,119.047619,1.408014418,84.87523341,1.824784219,0.377045472,6.875214851,4.819277108,1.282314321,0.960375,830.355,6.653802648,3970,22.931,18.5225,51.66089787,0.9317,0.797352789,7.849293564,356.3791875,14658.45793,77.499,129.7016861,154.2020046,126.7724371,116.6452817,4057,1260.93,0.305791695,416.4931279,13157.89474,359.32447,9.936406995,1854,3125,19.84422285,4.395604396,415.1100042,9.562606384,1.550976728,0.385000385,3.698635204,52.46589717,4.283939511,6849.315068,3.640467436,4.604899613,56.86988171,3.751641343,1.371177842,34.0947835,16.10305958,6.7952,29.595,2325.581395,29.62524071,3657.912064,23255,15.64945227
5/31/2022,3.672959671,112.5492403,120.1923077,1.392331041,84.86803021,1.821958241,0.3771,6.885,4.732607667,1.263926895,0.959577786,824.205,6.672,3761.66115,23.02290779,18.60465116,51.56,0.931467294,0.793115755,7.847445656,369.71,14580,77.59757896,127.0486596,153.233221,128.7142094,116.8497312,4057,1242.236025,0.306156814,425.170068,13513.51351,359.8416697,9.861932939,1854,3125,19.65234993,4.380201489,415.282392,9.36544432,1.534330648,0.385104171,3.712228079,52.60389269,4.267486024,6896.551724,3.640467436,4.60447555,62.75100402,3.750375038,1.369863014,34.29355281,16.39881929,6.759954032,28.99727426,2326.5,29.6647879,3714.1,23228.80372,15.6244
6/7/2022,3.673094582,111.9946243,121.2121212,1.384648403,84.845,1.828053306,0.376988615,6.875214851,4.870920604,1.25372,0.97356,825,6.668000267,3778,23.13636574,18.6925,51.66,0.9347,0.79437,7.845575,363.1082062,14464,77.66990291,129.8532658,152.9285824,132.8445,116.9453865,4055,1254.705144,0.306194311,430.8487721,14317.5,359.0664273,9.829942003,1854,3125,19.59669992,4.395604396,415.1100042,9.463692544,1.543197969,0.385104171,3.740974898,52.85412262,4.277342915,6849.315068,3.640467436,4.620858556,61.7512659,3.75135,1.374485,34.439,16.83785149,6.768,29.464,2328.5,29.645,3752.3,23228.80372,15.38461538
6/14/2022,3.673094582,114.955742,122.5490196,1.452042661,84.87523341,1.87409809,0.377,6.895125147,5.117707267,1.294624074,0.99960016,869.035,6.74,3960,23.7045,18.74062969,51.775,0.9582,0.832604804,7.84995,384.28,14729.70982,78.019,132.3276432,152.32,135.2996888,117.25,4065.04065,1290.322581,0.307654443,436.8719965,14705.88235,360.8805485,10.0775975,1854,3124.05,20.56364964,4.42282176,415.1100042,9.999150072,1.606167684,0.385104171,3.747142804,53.27650506,4.464086425,6896.551724,3.640467436,4.737091426,58.37370848,3.751922861,1.392369813,35.0385424,17.28011059,6.831067696,29.59280303,2328.288708,29.67535165,3723.840024,23255.81395,16.025195
6/21/2022,3.673094582,113.2759402,123.6093943,1.43649266,84.905,1.856286314,0.377002828,6.885,5.1262,1.293351527,0.966038902,879.5,6.6885,4011.714205,23.43896494,18.7425,51.89952252,0.949478262,0.8153,7.849965,374.3916136,14806.04086,78.13720894,131.4751512,151.0802236,136.2945598,117.55,4065.04065,1291.989664,0.307654443,449.605,15075.2998,359.5828839,10.01702895,1854,3125.9,20.15153958,4.397537379,415.282392,9.849742183,1.583506199,0.384098329,3.711401425,54.43658138,4.401408451,6896.551724,3.640467436,4.695056106,53.87640752,3.752063635,1.385617293,35.33568905,17.35207357,6.818026863,29.77963073,2331.545815,29.65511106,3711.5,23266.63564,15.92356688
6/28/2022,3.673094582,112.5999324,124.8439451,1.44841471,93.075,1.858597874,0.377102346,6.875214851,5.268703899,1.287395,0.956765,911.5770283,6.7075,4087,23.49955351,18.8125,52.14851898,0.950308375,0.82046,7.846214202,377.447,14838.99688,78.99518129,132.0829481,151.1258879,136.0425,117.8550383,4065.04065,1291.989664,0.3077,459.9816007,14925.37313,357.5259206,10.08572869,1854,3134.796238,20.15316405,4.397537379,415.1100042,9.822217857,1.603566332,0.384792981,3.778432706,54.7645126,4.463687899,6896.551724,3.640467436,4.70433269,53.74899221,3.753049353,1.387539892,35.17411185,16.63063363,6.837139341,29.71768202,2330.5,29.645,3749.531309,23300,16.07717042
7/5/2022,3.67315,114.17,126.2626263,1.47291,93.56287425,1.905996264,0.377,6.875,5.3876,1.30355,0.968607433,951.4747859,6.719526945,4271.6,24.133,18.85725061,52.16756221,0.974905922,0.837065249,7.846829881,397.1405878,14990.25633,79.37137868,135.171668,149.5886313,135.5399233,118.049817,4065.04065,1308.900524,0.307900733,465.5493482,14925.37313,359.8416697,10.13684744,1854,3144.654088,20.53725458,4.42086649,415.3,10.0670972,1.622533749,0.384098329,3.848966553,55.43237251,4.6255,6896.551724,3.640467436,4.8192,62.5,3.753612852,1.405255,35.956,17.00115,6.774608766,29.837,2330.4591,29.675,3524.9,23402.76153,16.5401
7/12/2022,3.673094582,116.54,127.5825,1.481887629,93.56287425,1.949583764,0.377017041,6.865,5.437737901,1.303165,0.982015,1019.65,6.724949563,4616.6,24.3512,18.88217523,52.208416,0.99690958,0.84196,7.8498,406,14979,79.485,138.52,150.84,136.7268949,118.2452406,4075,1305.483029,0.308651502,474.025,15028.5,358.1661891,10.27749229,1854,3154.574132,20.86767805,4.436557232,415.282392,10.25904078,1.633373079,0.385000385,3.956791833,56.36978579,4.799846405,6896.551724,3.640467436,4.927807618,58.42486562,3.753331081,1.407635,36.21876132,17.28309713,6.8209,29.87125489,2330.4591,29.64983544,3757.8,23391.81287,17.03577513
7/19/2022,3.673094582,116.57,129.1989664,1.450000363,94.065,1.911716913,0.377002828,6.864831468,5.414185165,1.287166946,0.96884,926.5,6.743543058,4322.641999,23.95898222,18.90716582,52.20569042,0.977445446,0.833159758,7.850015,389.15,14995,79.86582541,135.5748373,151.3317191,138.19,118.5536455,4081.632653,1305.483029,0.30829942,479.8464491,14994.5,359.8416697,10.31459515,1854,3154.574132,20.52966537,4.450378282,415.4549231,9.904912837,1.604428222,0.384098329,3.86368905,56.27462015,4.646192445,6896.551724,3.6751,4.828585225,56.50036725,3.755022342,1.391594768,36.60322108,17.55001755,6.7829,29.909,2330.5,29.6655,3787.2,23416,17.09068
7/26/2022,3.673094582,114.67,130.5483029,1.43925,94.80470231,1.930837404,0.377102346,6.875214851,5.350454789,1.2874,0.962285,924.9,6.7621,4433.25,24.2824535,18.96094046,52.57623554,0.9872,0.830806298,7.849293564,395.8828187,14985,79.84031936,137.4003847,152.43,136.974105,118.652112,4098.360656,1310.61599,0.307995565,479.616307,14925.37313,359.0664273,10.28383381,1854,3164.556962,20.46475458,4.456327986,415.282392,9.891050083,1.602410025,0.385104171,3.910680067,55.55555556,4.696820253,6896.551724,3.6724,4.869023274,60.11060351,3.757420906,1.389274799,36.72420125,17.87409,6.81709728,29.98141152,2330.4591,36.69455453,3849.6,23375.40907,16.92047377
8/2/2022,3.673094582,114.3379831,132.1003963,1.450957632,94.82268159,1.926002966,0.377017041,6.90989497,5.274261603,1.288992008,0.958556797,909.9181074,6.752650415,4315.6,24.2694884,19.04399162,52.21932115,0.984726886,0.823621464,7.84985,392.3107101,14892.03276,78.612,136.5001365,152.47,133.3831297,119.047619,4098.360656,1314.060447,0.306560392,474.1583689,15151.51515,359.5828839,10.32951141,1854,3174.603175,20.81100486,4.454342984,416.3197336,9.78689046,1.607406931,0.385000385,3.91818823,55.71030641,4.652461152,6886.71,3.640467436,4.848484849,59.57345407,3.756856263,1.38427464,36.253,17.94043775,6.7978,30.02371874,2330.4591,36.69320809,3864.136945,23357,16.83501684
8/9/2022,3.673094582,114.19,133.8688086,1.43774,94.82268159,1.916002453,0.377102346,6.885155605,5.1262,1.288560163,0.95425,903.75,6.753,4350.095702,24.022,19.16075877,52.20024012,0.9796,0.82839,7.849909726,388.9537145,14865,79.59248647,137.1553971,151.5381118,135.1872005,119.25,4098.360656,1307.189542,0.307654443,478.9272031,15151.51515,358.5514521,10.27115859,2100.840336,3184.713376,20.25480545,4.456327986,417.8854994,9.731839172,1.591102555,0.384098329,3.919724051,55.61735261,4.606172271,6888,3.640467436,4.803304674,60.47411708,3.759257171,1.37892995,35.375,17.92395,6.804,30.034,2330.4591,36.695,3876.1,23386.34238,16.6025
8/16/2022,3.673094582,115.2472053,135.2725,1.424440551,95.12937595,1.922633239,0.377,6.91,5.146,1.284521516,0.949667616,881.8342152,6.788405404,4249,24.118,19.1525,52.39991616,0.9832,0.82664,7.841292245,396.8253968,14770,79.15149596,138.0071764,150.77,134.2822613,119.5457262,4098.360656,1310.61599,0.306833175,476.4173416,15151.51515,359.8416697,10.42752868,2096.436059,3184.713376,19.9044586,4.466279589,419.4630872,9.670244657,1.576690212,0.385000385,3.838771593,55.89714925,4.58652479,6896.551724,3.640467436,4.795013186,61.50061501,3.754599384,1.378585,35.395,17.93721973,6.779661017,29.96075142,2330.5,36.692,3757.562094,23407,16.383
8/23/2022,3.673094582,117.8689298,136.9863014,1.444783969,95.12937595,1.962361899,0.377031256,6.925,5.1047,1.295995,0.964495,916.5902841,6.833868653,4358.058049,24.73410834,19.1725,52.375,1.0032,0.8453,7.846829881,415.34,14895,79.874,141.13,150.1726986,136.7418519,119.85,4098,1338.688086,0.308499152,466.6355576,15384.61538,359.8416697,10.52964094,2096.436059,3194.888179,19.98620952,4.490345757,421.2299916,9.716520514,1.611149152,0.384098329,3.851486674,56.11672278,4.787896198,6896.551724,3.640467436,4.860739805,60.24822268,3.755586435,1.39275766,36.06202669,18.11025,6.744452688,30.17683626,2330.4591,36.6905155,3858.769053,23435.66909,16.9869
8/30/2022,3.673094582,116.6044776,138.6962552,1.458310547,95.12937595,1.951105301,0.376974403,6.925,5.124,1.308900524,0.973937434,884.9557522,6.9106,4416,24.49179525,19.23076923,52.39991616,0.9975,0.85763,7.849105,401.33,14874.31206,79.6812749,141.4027149,149.96,138.7376263,120.1489847,4101,1351.351351,0.308137923,473.7091426,15384.61538,359.8416697,10.5507491,2096.436059,3205.128205,20.14281254,4.476275739,422.1190376,9.812435299,1.630962186,0.385000385,3.804740707,56.33802817,4.712313275,6914,3.640467436,4.853190973,59.90176111,3.756150697,1.398014819,36.45643456,18.17797,6.739906989,30.48594598,2330.5,36.9245,3828.8,23419.20375,16.9624
9/6/2022,3.673094582,118.652112,140.6469761,1.485696457,95.12937595,1.975855051,0.377002828,6.90989497,5.24845,1.315505,0.98434,893,6.9545,4481.089801,24.86016159,19.25298421,52.49895002,1.010289802,0.868696521,7.849909726,407.8303426,14890,79.8977309,142.9388222,148.2579689,143.1024614,120.2935162,4115.226337,1379.310345,0.3097,472.8132388,15625,361.9254434,10.65984437,2096.436059,3215.434084,20.13328233,4.500450045,425.7130694,10.04278225,1.657783709,0.385000385,3.870867849,57.11022273,4.780571756,6944.444444,3.640467436,4.897399481,61.2745098,3.75798572,1.407063459,36.71071953,18.22489521,6.691201071,30.81474177,2329.5,37.04938683,3825.554705,23525,17.31285
9/13/2022,3.673094582,117.4536058,142.6533524,1.483217395,101.7708121,1.92219,0.377002828,6.925207756,5.1913,1.316335,0.96049,917.505,6.925207756,4406,24.6,19.34235977,52.52,1.002009028,0.86914,7.8495,400,14854.42662,79.60515841,140.25,151.1258879,144.4105,120.4529029,4098.360656,1392.75766,0.3096,472.5897921,15873.01587,364.4314869,10.78748652,2095.2,3236.245955,20.04811548,4.508566276,428.0821918,10.10509297,1.665431472,0.384098329,3.842311535,57.11022273,4.729026766,6944.444444,3.640467436,4.93315574,61.93484454,3.757703292,1.405876564,36.61662395,18.25483753,6.786102063,31.16624073,2330.5,36.70532961,3816.211265,23558,17.4388
9/20/2022,3.673094582,117.0548987,144.6325,1.49388627,105.0199538,1.96155355,0.377017041,6.935,5.144032922,1.336625,0.963855422,933.1,7.0181,4421,24.69867615,19.44390434,52.55,1.003,0.8787,7.849293564,402.4144869,14974.54328,79.76389886,141.1,150.9206158,143.636886,120.5981669,4115.226337,1392.75766,0.309904549,476.6444233,15873.01587,363.2401017,10.65984437,2095.2,3267.973856,19.9920032,4.557885141,429.9226139,10.33698574,1.694484453,0.385104171,3.891050584,57.60368664,4.742483164,6993.006993,3.640467436,4.958349861,62.18905473,3.76166115,1.41023833,36.99593045,18.31837333,6.77355,31.35385966,2330.4591,37.025,3818.1,23674.24242,17.69911504
9/27/2022,3.673094582,120.5981669,146.627566,1.554690111,102.312257,2.038195789,0.377102346,6.93481276,5.379236149,1.3726,0.991768323,985.155,7.176690111,4549.176599,25.727,19.49317739,52.55,1.04218233,0.932444403,7.849909726,424.6284501,15155,81.72605427,144.46,151.1487304,144.6968601,120.7437817,4115.226337,1426.533524,0.310694091,477.7830865,16393.44262,364.31,11.03752759,2095.2,3311.258278,20.37074761,4.612546126,431.4063848,10.80380294,1.775899271,0.384098329,3.93716288,59.10165485,4.989273063,7042.253521,3.640467436,5.175983437,58.89975262,3.761236695,1.438848921,37.99392097,18.46381093,6.792094003,31.7128088,2328.288708,36.695,3847.929814,23735,18.01801802
10/4/2022,3.673094582,118.9484953,148.5884101,1.535426119,103.0290542,1.958940605,0.3773,6.91,5.165289256,1.350694257,0.97888065,931.84,7.117437722,4491.63,24.5775,19.6625,52.80946346,1.00160758,0.87332,7.849909726,419.9916002,15250,81.477,143.4926101,151.8602885,143.8652271,120.9,4115.226337,1416.58,0.309367653,472.125,16517.5,365.630713,10.86838387,2093.7,3355.704698,19.96805112,4.64037123,432.3389537,10.44102907,1.743724771,0.385000385,3.938868757,58.71990605,4.821833261,7092.198582,3.640467436,4.945843019,59.04930617,3.758691975,1.422981146,37.43916136,18.55976244,6.716367788,31.63,2328.288708,36.68513152,3841.130829,23880,17.6366843
10/11/2022,3.673094582,120,150.6024096,1.596155,101.6260163,2.016332292,0.377301539,6.935,5.2934,1.379548198,0.997725,927.6437848,7.1688,4602,25.3068455,19.68503937,52.65929437,1.031,0.911867962,7.84989,442.57,15360.9831,82.27067051,145.3488372,152.5087693,145.8757285,120.9043646,4132.231405,1432.664756,0.31025,477.326969,16949.15254,365.630713,10.99021871,2093.7,3367.003367,20.06823199,4.672897196,434.2162397,10.76246697,1.790911126,0.385015208,3.959925553,59.10165485,5.002251013,7142.857143,3.640467436,5.090872066,64.73329881,3.758691975,1.438641922,38.1097561,18.59427296,6.749460043,31.84003566,2330.4591,37.00551382,3828.044252,23929.16966,18.179
10/18/2022,3.673094582,119.7748233,152.9051988,1.583405906,100.1803246,1.983457961,0.377031256,6.925207756,5.2418,1.37285,0.99377,969.5,7.2006,4762.13153,24.9072206,19.66568338,52.8,1.014,0.88163985,7.84961,419.2872117,15470,82.306,143.8641922,152.11439,149.2169839,121.1974306,4132.231405,1424.501425,0.310067905,471.525,16949.15254,366.9724771,10.9686,2093.7,3378.378378,20.01941884,4.716981132,436.3001745,10.54135109,1.756080429,0.385015208,3.964163958,58.96226415,4.85271995,7194.244604,3.640467436,5.002501251,62.000124,3.756150697,1.419849496,38.0952381,18.58736059,6.727664155,32.03177552,2330.5,37.045,3833.033079,24431.957,18.08318264
10/25/2022,3.67315,118.31,155.075,1.5661,105.0751287,1.963132374,0.377045472,6.90989497,5.3172,1.3618,0.995024876,963.3911368,7.269555103,4976.11465,24.58633492,19.7,52.82,1.0037,0.872486149,7.84955,415.8885,15622.55898,82.44702778,143.4514417,151.3546239,147.9946722,121.2268154,4132.231405,1426.533524,0.309722179,472.3665564,16949.15254,365.497076,10.90393632,2093.7,3382.39,19.88325,4.735,437.2540446,10.39965,1.7417,0.385015208,3.989467805,58.61664713,4.785604901,7246.376812,3.640732515,4.919081116,60.275,3.758833258,1.41675,37.99392097,18.60465116,6.743543058,32.28514238,2330.4591,37.005,3815.046544,24855,18.2088
11/1/2022,3.673094582,119.5028681,157.2327044,1.564333203,103.2204789,1.98000198,0.376974403,6.925207756,5.102040816,1.36214,0.999935,955.1098376,7.2735,5004,24.75799064,24.1825,52.89885738,1.012304562,0.87035,7.849909726,411.53,15630,82.68562924,145.2432825,151.3546239,147.8754002,121.5066829,4132.231405,1417.07,0.309981401,462.5346901,16949.15254,366.9724771,10.95530237,2093.7,3389.830508,19.7394394,4.737091426,438.5964912,10.35127036,1.710410413,0.385015208,3.973931013,58.10575247,4.761904762,7299.270073,3.640467436,4.967956679,63.375,3.75812695,1.414627246,37.72161449,18.586475,6.728569506,32.171,2330.5,37.00551382,3799.5,24855,18.21493625
11/8/2022,3.672959671,117.4950065,159.7444089,1.536334306,103.625,1.95661,0.376974403,6.91,5.144032922,1.342471087,0.984814166,907.4410163,7.2495,4970.178926,24.1415,24.3425,52.95,0.9922,0.865800866,7.84927,399.01,15698.58713,81.41,145.3911021,153.1628121,145.3545,121.75,4132.231405,1373.626374,0.30888985,465.1162791,16630,365.497076,10.8754758,2093.7,3401.360544,19.54098233,4.737091426,439.9472063,10.22913257,1.6772895,0.385015208,3.902591321,58.13953488,4.657661854,7194.244604,3.640467436,4.860031104,60.7127679,3.758974552,1.398014819,36.92762186,18.53911754,6.786102063,31.835,2330.5,37.00551382,3780.432481,24875.62189,17.71525
11/15/2022,3.67315,113.4044001,162.0745543,1.477028514,105.3296819,1.888395808,0.376917568,6.90989497,5.3335,1.327201662,0.942938101,887.3114463,7.0445,4842.52,23.50894515,24.4625,52.94086505,0.965367443,0.84132593,7.820255,397.91,15537.60099,81.086,144.3,153.2,138.8888889,121.9958521,4132.231405,1315.789474,0.307796485,459.9816007,16910,367.5119441,10.70320026,2093.7,3412.969283,19.35602505,4.537205082,441.6961131,9.982430922,1.621810102,0.385015208,3.810249571,57.27376861,4.578544938,7092.198582,3.6405,4.753303546,61.24823911,3.75798572,1.370614035,35.5725,18.60119048,6.781500068,31.136,2330.4591,36.69455453,3759.257171,24770.86946,17.30103806
11/22/2022,3.672959671,113.2502831,163.132137,1.504517313,102.438025,1.902334164,0.377130789,6.93481276,5.319148936,1.339602674,0.954426151,935.453695,7.135212273,4948.045522,23.68601814,24.53385672,53.28786103,0.972289742,0.842566457,7.814942169,396.9829297,15669.06926,81.63265306,143.9470275,153.4683855,141.2868405,122.1448638,4132.231405,1355.01355,0.30816641,463.6068614,17241.37931,367.5119441,10.75962987,2093.7,3412.969283,19.54671175,4.574565416,442.5,10.188895,1.6248,0.3851,3.8292,57.385,4.5774,7246.376812,3.6405,4.791107704,60.76441636,3.75798572,1.379425,36.1255,18.62891207,6.769105801,31.20027456,2330.4591,36.695,3735.245779,24855,17.27115717
11/29/2022,3.673094582,112.1956692,166.6666667,1.491535536,105.7194207,1.86928,0.3771,6.93481276,5.364806867,1.344086022,0.947238799,913.2420091,7.185456636,4831.64,23.456,24.57002457,53,0.9641,0.83283,7.812045,391.67,15735,81.544,142,152.35,138.4466288,122.5039814,4129,1325.01,0.3082,467.9457183,16690,368.115,10.65530101,2093.7,3424.657534,19.27896665,4.506534475,443.8526409,9.958175662,1.608272956,0.384098329,3.8317,56.565,4.50863,7258.43,3.64,4.7343,60.2,3.75725,1.37306,35.54923569,18.64280388,6.7538,30.937,2330.5,36.69455453,3739.5,24765,17.06484642
12/6/2022,3.672897291,111.037575,169.14125,1.489236543,104.7625,1.862882371,0.377001414,6.887603878,5.277580802,1.3582825,0.942531849,896.0686738,6.970908026,4833.200015,23.14509981,24.52625,53.40886337,0.952210916,0.819235655,7.769923885,393.307,15562,81.8816301,141.125,153.0196784,136.9634244,122.7024315,4104.75,1307.045,0.307210393,470.1025,17345,365.2559721,10.57534805,2093.7,3412.795,19.74600266,4.37925,444.29,9.929894981,1.57634628,0.38455,3.83785,56.0525,4.4833475,7189.512302,3.64,4.681560688,62.2125,3.758625,1.3560425,35.012,18.63345604,6.726371529,30.56295513,2328.72955,36.7975,3717.5,24042.5,17.417135
12/13/2022,3.67315,107.7237962,171.7825,1.4614,103.625,1.85475,0.377,6.93481276,5.293806247,1.35556,0.929108985,857.6329331,6.9435,4763.038819,22.861,24.65483235,53.45,0.941021479,0.809290657,7.774840616,386.2495172,15659.25462,82.40626288,142.15,152.3461304,135.5925,122.95,4106,1288.659794,0.3071,469.325,17241.37931,367.5119441,10.50089258,2100,3436.426117,19.54652072,4.4285,445.31,9.780907668,1.549486733,0.385015208,3.8024,55.825,4.414036637,7246.376812,3.6405,4.629843974,63.22311437,3.759539832,1.346801347,34.60207612,18.63238308,6.7612,30.648,2330.4591,36.6938,3692,23605,17.24137931
12/20/2022,3.673364435,107.5962987,173.9125,1.495,103.5732781,1.8453,0.377002828,6.90989497,5.208333333,1.360359135,0.926440615,886.5248227,6.960395351,4763.038819,22.76711518,24.69745616,53.55039092,0.941229622,0.82047916,7.788161994,378.7878788,15603.0582,82.63779853,142.5923285,151.3546239,131.9087192,123.1527094,4115.226337,1283.697047,0.30603501,469.924812,17241.37931,365.497076,10.48767698,2100,3436.426117,19.77066034,4.432624114,446.0303301,9.871668312,1.576317407,0.385000385,3.801125133,54.91488193,4.397537379,7246.376812,3.640467436,4.618937644,70.24938532,3.760953778,1.351351351,34.66204506,18.65323634,6.795324817,30.73896471,2330.4591,36.97541135,3656.30713,23735,17.3099
12/27/2022,3.673094582,106.5,176.056338,1.486281621,104.18,1.8413,0.3771,6.90989497,5.2933,1.35254854,0.92941,868.0555556,6.955070246,4727.908846,22.737608,24.67917078,53.65,0.939319932,0.82678,7.802746567,375.6574005,15639.66218,82.881,143.2459533,152.11439,132.831,123.18305,4107,1266.76,0.30635,462.005,17320,365.497076,10.5025,2095.1001,3448.275862,19.39685,4.4225,446.63,9.826174965,1.587629193,0.385,3.8033,55.27915976,4.362811396,7334,3.6415,4.6165,68.37139341,3.75925,1.345395,34.60207612,18.68003,6.784260516,30.746,2329.373399,36.959,3641.527985,23563.8,16.97792869
1/3/2023,3.67285,106.99,178.3625,1.48692,2.125,1.85475,0.3771,6.93481276,5.479452055,1.367446567,0.936167424,859.8452279,6.9135,4892,22.815,24.7925,53.65,0.9482,0.83553,7.813605,379.4995,15599,82.78831029,143.7,150.21,131.2685,123.43,4115.226337,1278.772379,0.306344392,462.545,17325,365.65,10.51082615,2095.1001,3452.04,19.41295,4.405286344,448.4304933,10.092,1.6009,0.38505,3.8068,55.95970901,4.430856485,7299.270073,3.640467436,4.6778,73.14753859,3.757562094,1.345442314,34.4015,18.73818,6.7343,30.697,2329.373399,36.6935,3724.810966,23520,17.00680272
1/10/2023,3.67335,109.11,180.5054152,1.450494619,103.820598,1.821261406,0.377002828,6.91,5.2007,1.343372806,0.922436894,827.1298594,6.777,4783.77344,22.32541525,27.67017156,53.68,0.9312,0.82279,7.808229874,371.3330858,15590.89492,81.607,144.15,152.3229246,132.103,123.7317496,4112,1241.2,0.3068,462.3208507,17170,367.5119441,10.21867975,2095.1001,3460.207612,19.06577693,4.373,450.06,9.986525,1.569575351,0.3841,3.78214826,54.79452055,4.364334657,7385,3.6405,4.595165886,69.6776,3.75095,1.331805,33.46720214,18.78915,6.7814,30.489664,2329.5,36.69320809,3707.3,23449,17.01335
1/17/2023,3.67315,107.61,182.495,1.4313,105.1303616,1.80377,0.377031256,6.90989497,5.1013,1.339225,0.922065,814.995925,6.772314777,4725,22.20741728,29.5625,53.65,0.9269,0.814133355,7.818155,367.74,15165.30179,81.5261699,143.4,152.0681265,128.2805,124.08,4111,1237.41,0.305250305,464.225,16949.15254,366.8378577,10.1773,2095.1001,3472.222222,18.65671642,4.3275,453.5147392,9.890218574,1.554847236,0.385015208,3.818,54.925,4.355400697,7462.686567,3.640467436,4.57335,68.49784232,3.75575,1.320306311,33.0025,18.7722921,6.735367414,30.33336367,2329.5,36.6905155,3674.30923,23430,17.06202
1/24/2023,3.67315,106.87,184.4925,1.418771769,103.8745196,1.796364159,0.377102346,6.925207756,5.138746146,1.33749,0.922424131,801.2820513,6.782419967,4515,21.92693944,29.8525,53.55,0.9184,0.81094,7.8315,357.82,14889.81537,81.59934721,143.7607821,153.58,130.2252898,124.33,4106,1233.09,0.305306222,461.395,16818.0996,364.0334911,10.12863365,2093.7,3484.320557,18.79795,4.2855,459.79,9.867771857,1.539942252,0.3841,3.884098501,54.58515284,4.32919174,7422,3.6405,4.514265078,69.44926731,3.75245,1.319635,32.785,18.805045,6.785181164,30.31497256,2329.5,36.69,3671.745915,23441.16268,17.18213058
1/31/2023,3.673094582,107.2961373,186.5671642,1.4186,105.925,1.79385,0.377031256,6.925207756,5.112474438,1.338329765,0.92451,807.7544426,6.748093664,4653.110604,21.968,30.08423586,53.5,0.92127689,0.808865162,7.83637646,359.374,14992.50375,81.476,140.6074241,153.36,130.15,124.4864932,4100,1230.0123,0.3063,459.5588235,16810,366.57,10.1822625,2096.85,3496.503497,18.77166,4.246284501,460.39,9.976105,1.545642833,0.385015208,3.8372,54.58515284,4.339524388,7407.407407,3.640467436,4.52591084,70.79646018,3.753894666,1.314185,32.785,18.81113619,6.787023212,30.06614552,2329.373399,36.69,3681.342954,23474.1784,17.39130435
2/7/2023,3.673094582,108.5540599,189.3939394,1.43571926,103.5840066,1.822888184,0.377017041,6.93481276,5.200208008,1.339243863,0.921701461,793.0214116,6.791171477,4727.01489,22.17442402,30.29385035,53.49882303,0.931988164,0.829634546,7.848677498,365.7644477,15137.75356,82.74036075,141.8439716,156.3232765,131.0435654,124.9375312,4098.360656,1256.281407,0.305595453,455.996352,16930,365.497076,10.26694045,2100,3508.77193,18.88716806,4.30292599,460.4051565,10.31858635,1.581915542,0.384098329,3.8175,55.17,4.426737495,7352.941176,3.640467436,4.558716266,72.1529,3.749953126,1.323801959,33.51206434,18.83948757,6.700616457,30.0003,2329.5,36.6905155,3676.470588,23607.17658,17.51313485
2/14/2023,3.673094582,108.6012163,191.6525,1.431585,106.9289991,1.818049596,0.377,6.93481276,5.1606,1.332285,0.917709031,791.7656374,6.8135,4830,22.06985,30.46922608,53.6,0.929640183,0.818967282,7.849909726,354.493,15153.81118,82.765,143.2664756,155.8117794,132.1012688,125.0938204,4082,1267.29,0.305857165,449.6402878,16666.66667,366.11,10.2907,2096.85,3512.7,18.62301432,4.347826087,460.6172271,10.10769752,1.576242868,0.3841,3.856983068,54.83,4.431838327,7299.270073,3.640467436,4.5565,73.69739848,3.75065,1.326259947,33.822,18.84658877,6.712,30.232,2334.5,36.921,3665.957915,23600,17.815465
2/21/2023,3.673094582,108.0497029,193.0501931,1.457343554,106.2699256,1.836108918,0.376988615,6.93481276,5.15995872,1.35354,0.927557741,803.8585209,6.870019236,4959.33,22.28163993,30.6,53.80683347,0.9389,0.825866127,7.84505,359.32447,15189,82.838,144.8435689,156.02,134.9892009,126.0875047,4048.582996,1305.483029,0.3075,446.8275246,16893.0996,364.9635036,10.383,2093.7,3521.126761,18.44404,4.432624114,461.0419548,10.29853,1.609,0.385015208,3.82,55.15719801,4.458314757,7347.2,3.640467436,4.619577771,74.6531,3.74885,1.340302909,34.6525,18.86080724,6.752194463,30.489664,2329.373399,36.6935,3676.3,23709,18.24817518
2/28/2023,3.673094582,108.4481076,197.2386588,1.485762679,104.875,1.84182,0.377031256,6.91,5.238344683,1.36457,0.942067556,827.8145695,6.9325,4857.63,22.22222222,30.62787136,53.75766047,0.9451,0.831082485,7.849293564,357.5259206,15239.5,82.63779853,143.4102969,155.07,136.3525,126.98,4049,1322.751323,0.3079,445.2359751,16910,361.5328995,10.4107,2100,3525.04,18.30646859,4.4865,460.45,10.38903,1.616827945,0.385,3.7795,55.33,4.450180232,7299.270073,3.640467436,4.657055,74.68817686,3.75075,1.348344907,35.242,18.885975,6.751282744,30.69273503,2329.373399,36.6935,3721.8,23747.32843,18.34862385
3/7/2023,3.673094582,107.48,199.6007984,1.517807679,105.2299274,1.853499407,0.377,6.93481276,5.192107996,1.375165,0.94224,805.8017728,6.960395351,4763.95,22.3045,30.73,53.71,0.948,0.84555,7.84994,358.76,15349,82.005,140.55,154.98,137.389,128.43,4043,1318.4,0.3078,437.935,16920,339.305,10.4335,2093.7,3533.568905,18.11475,4.472271914,460.4051565,10.69415,1.6366,0.384985563,3.76960193,55.09641873,4.44681608,7207.62,3.640467436,4.662656782,75.60293339,3.751641343,1.354445,35.0845,18.91865,6.711409396,30.77585942,2329.373399,36.69320809,3706.3,23645,18.6279
3/14/2023,3.672959671,106.2473438,202.020202,1.494522575,105.2299274,1.822290254,0.377,6.90989497,5.2544,1.368428975,0.914126917,802.5682183,6.868131868,4735.745406,22.14595,30.90234858,53.7692225,0.9317,0.82276,7.848215,362.91,15377.51807,82.25,140.3508772,153.89,134.3499144,129.63,4047,1302.14,0.306757876,461.295,16821,331.32,10.35089535,2096.405,3530.48,18.60747,4.4835,460.4051565,10.54662,1.6035,0.384970742,3.792475728,55.03577325,4.384835,7194.244604,3.6614,4.58736,75.749,3.754317465,1.345105,34.56,18.98226,6.7751,30.426,2329.373399,36.6935,3719.961312,23573,18.14882033
3/21/2023,3.672975336,106.368374,205.004239,1.497387062,106.6653911,1.814762,0.376989992,6.907493985,5.243118745,1.371035623,0.921637641,822.8977967,6.883645576,4810.330037,22.09219866,30.89241999,53.4668743,0.928235,0.818053914,7.84567181,361.0899965,15322.5,82.67802144,139.3077192,151.7961695,132.3616542,130.5153651,4053.199023,1303.792995,0.307065,464.3363585,16839.55228,322.2801927,10.28925168,2099.877542,3532.391488,18.62744027,4.472386457,460.41009,10.5441229,1.614851726,0.385053,3.7696005,54.22992746,4.35075093,7196.183457,3.641022,4.569426673,77.09525925,3.7560215,1.336958883,34.43961535,19.036266,6.774196,30.5109986,2338.770469,36.8118315,3756.658396,23579,18.5455875
3/28/2023,3.672876,104.940506,207.8612535,1.491185,107.280312,1.8038975,0.3769145,6.912621,5.165496128,1.3594925,0.920385641,797.9639899,6.874284304,4663.715,21.8137615,30.90542629,53.851303,0.92268,0.811115,7.84991,351.6270624,15077.89211,82.16353373,136.7209219,151.5563852,131.0550215,131.3160455,4048.644618,1297.019963,0.306752,453.3301024,16917.0531,324.5056942,10.2371465,2096.940117,3528.46798,18.2258726,4.404631532,462.409869,10.36317465,1.599334944,0.3850695,3.7590355,54.29140275,4.31542,7185.144984,3.641026,4.567004523,76.560733,3.7545095,1.3280745,34.233914,19.1273755,6.7873955,30.28182386,2330.749825,36.785343,3769.811926,23490,18.15168516
4/4/2023,3.673030836,103.2512216,210.8775816,1.479811109,105.6265227,1.78438051,0.376989308,6.92673188,5.072883859,1.343997446,0.90567804,808.0687582,6.878924568,4592.333136,21.42113949,30.90042379,53.95527649,0.912575136,0.800107003,7.849321782,344.51009,14931.84446,82.11516993,136.6089683,152.6317771,131.4910906,132.9877868,4050.500186,1312.535467,0.306491403,447.1748314,17064.57611,321.9581957,10.18495616,2102.879149,3529.399763,18.12672714,4.405637672,462.4513943,10.30385056,1.583690953,0.385061585,3.765992452,54.37743751,4.270268758,7194.224815,3.641028,4.500122753,79.3061465,3.74981,1.325131302,34.02252282,19.22269681,6.74304658,30.437151,2338.770558,36.7472595,3778.67817,23466.25,17.91999848
4/11/2023,3.672628998,103.45265,213.7182063,1.502947,106.325384,1.79166339,0.3768935,6.919036,5.006201,1.346330579,0.9030835,807.6259454,6.8867985,4508.385,21.50185857,30.798751,54.02439435,0.915995,0.804485,7.8498525,344.4666153,14901.58357,82.052675,136.9294742,152.0338045,133.5961448,133.710827,4059.000221,1322.420187,0.306433829,451.2373025,17225.68963,319.336351,10.17468381,2100.95348,3510.667112,18.173799,4.418,462.7026923,10.55814695,1.6142375,0.385020193,3.784213558,55.0624975,4.276109301,7183.434688,3.6405,4.52106,81.098195,3.751607672,1.332442518,34.2763625,19.29777425,6.7737075,30.522452,2335.250181,36.821315,3746.927806,23448.32943,18.37680147
4/18/2023,3.672150411,103.24,216.3725,1.483305398,106.6808375,1.781515,0.3771,6.925207756,4.941975,1.33703,0.89641,801.2820513,6.876181176,4431.225,21.28653465,30.9001985,54.380611,0.910962486,0.80401889,7.849887363,338.2452395,14855.825,82.0212495,136.360265,153.5533675,134.0668039,134.9649665,4070.62891,1317.145083,0.30674,452.0782582,17233.52331,323.0638785,10.1434895,2110.78872,3503.46486,17.98732,4.432312084,460.4098835,10.44915973,1.6096625,0.3849495,3.7829715,56.224249,4.2101235,7157.142465,3.640502,4.495192524,81.55617632,3.750808522,1.331913813,34.2887465,19.400055,6.8003635,30.52692038,2344.749776,36.940496,3742.673219,23513.90724,18.1438985
4/25/2023,3.672375,101.2623555,220.2486656,1.501394524,106.1566745,1.772722455,0.376967202,6.90891588,5.035223864,1.358665326,0.88815862,806.8378978,6.922853831,4472.211215,21.31440088,30.8999505,54.1795355,0.907386098,0.80277464,7.8495025,340.9314935,14890.25,81.932505,136.403037,153.761069,134.094,135.6167805,4070.271412,1337.880021,0.306645,454.5667329,17085.4672,321.175196,10.101092,2091.980215,3490.022511,17.9858915,4.449428875,460.5198725,10.5907975,1.621199896,0.3850395,3.743536,55.545748,4.1686,7161.219997,3.640735718,4.4787505,81.51995641,3.749925,1.3363775,34.4295005,19.4236735,6.764239,30.7697515,2344.750122,36.792538,3733.273622,23485.3703,18.278288
5/2/2023,3.672861385,101.2476092,222.6858741,1.495494868,106.2473711,1.784529947,0.377021521,6.910572,4.989651,1.357793735,0.8988045,806.5358305,6.911548,4708.063139,21.51969492,30.90377654,54.14451224,0.912655,0.801910158,7.849929863,338.8845394,14718.60188,81.85837988,136.4907114,153.7872501,137.5337485,136.1743369,4119.499876,1341.582505,0.306628395,448.9896223,17288.18985,320.1457438,10.06450235,2095.737383,3482.603718,17.94713975,4.4637485,460.4888725,10.75014178,1.614845208,0.385031282,3.706267567,55.42143525,4.184830542,7238.959875,3.640728218,4.498967152,79.75878554,3.750242695,1.336214429,34.2047517,19.47125249,6.755373637,30.82395246,2347.658191,36.845371,3731.720299,23455,18.3938875
5/9/2023,3.672035285,101.12052,227.7087664,1.478278358,107.574566,1.781221029,0.377007914,6.94054788,5.00990952,1.3381675,0.8917275,797.287345,6.9213856,4509.985,21.27036214,30.90002379,54.3453755,0.910687554,0.792474312,7.841378623,337.8461934,14738.62176,82.04184334,136.7906929,154.830903,134.8244516,136.7014314,4129.515552,1323.810141,0.30691,444.5716444,17438.21587,318.9632365,10.0101253,2111.13942,3480.468191,17.78151442,4.446973222,460.491827,10.5385025,1.5779825,0.384974282,3.707153,55.764751,4.156805,7191.364236,3.6405015,4.479692158,77.42271441,3.750523848,1.326054537,33.67425,19.51515406,6.765601028,30.73440425,2353.693772,37.131795,3732.128645,23456.25,18.40902813
5/16/2023,3.671875706,102.32247,230.5376578,1.495368274,107.7035114,1.797492564,0.377007808,6.916472878,4.889885775,1.3467,0.89494,785.6861817,6.95882112,4505.735,21.69694837,30.90392479,54.53806741,0.9187995,0.798216003,7.836085,339.1185045,14807.61669,82.22690927,138.7046965,154.3609065,135.9637163,137.110062,4115.158834,1336.492491,0.307375,450.5095375,17540.99801,311.74602,10.09753932,2099.246462,3464.521182,17.4606805,4.498001,460.4677338,10.59489612,1.599727827,0.3845795,3.650329603,56.098249,4.142739341,7226.386347,3.640722218,4.5392025,79.15884371,3.750067376,1.335835,33.8727485,19.6824735,6.7732085,30.79775,2356.493911,36.804553,3721.311689,23459.08142,19.0460015
5/23/2023,3.672175206,102.7513604,234.2567162,1.502392714,107.3360835,1.808097,0.377099,6.92571288,4.967652,1.349735,0.89818,797.029242,7.035906173,4527.6,21.9189575,30.900949,54.466444,0.924924131,0.80398889,7.82812822,345.684623,14883.775,82.89629482,139.950109,155.1294165,138.53752,137.84242,4107.794039,1310.962497,0.3076705,444.0909865,17616.36927,305.3831955,10.2250735,2102.040439,3460.282251,17.892782,4.548249,460.800196,10.90512,1.588575,0.3851245,3.6841745,55.682512,4.16112,7256.531824,3.6404975,4.5987095,80.5014215,3.749127,1.3462075,34.458807,19.8430215,6.775274,30.671249,2361.750053,36.8314975,3725.430328,23442.08134,19.212663
5/30/2023,3.672526,103.1452572,238.2079375,1.535384985,107.2559867,1.825561601,0.377056173,6.92256938,5.019901,1.3604625,0.904235445,803.4760624,7.092199291,4438.278205,22.13905034,30.89405249,54.62877519,0.933924482,0.80981,7.831708417,346.988517,14966,82.66931179,139.4500205,154.5571645,140.2715165,138.465154,4109.216953,1322.64317,0.308115,445.1428115,17690.98512,296.542855,10.212569,2100.281879,3467.645483,17.5903025,4.612771563,460.7098955,11.12794435,1.657252755,0.385064085,3.667332704,56.244024,4.21927,7232.796873,3.6407365,4.6335985,80.25033109,3.749199,1.3542425,34.784502,20.14950368,6.787703258,30.6172505,2363.750049,36.7242215,3734.819583,23477.5,19.69349719
6/6/2023,3.673082252,100.8777894,242.5944448,1.50190763,107.5472918,1.828203675,0.377001414,6.910107378,4.927841612,1.342093366,0.907489184,798.1658939,7.1187485,4289.485,21.99399333,30.89902329,54.50803094,0.934669316,0.805467403,7.841288623,344.5679655,14881.45119,82.60885679,140.9724398,154.460035,139.433051,139.0119656,4125.14981,1300.364958,0.307676954,447.4481484,18048.69384,290.7040172,10.16740817,2095.357181,3463.215381,17.44575383,4.605775283,465.5238846,11.07960264,1.644800613,0.384803585,3.673475188,56.24923381,4.192873002,7222.761029,3.640484718,4.63732828,81.2675407,3.750207695,1.348691806,34.7740063,21.50047676,6.744822793,30.70775607,2366.87195,36.773085,3732.134039,23495.88132,19.19582598
6/13/2023,3.673072252,98.597975,246.8164881,1.476186587,108.4616944,1.813715,0.376976702,6.92641788,4.862251,1.3356175,0.9062825,797.8994005,7.151571079,4174.485,22.05065002,30.89485099,54.97492207,0.926102289,0.795686601,7.833531111,343.3947922,14873.77497,82.36502063,138.7565546,154.3976149,139.5558199,139.6672257,4125.341734,1273.817813,0.30731676,448.2131813,18211.00797,303.1179089,10.10818568,2102.338203,3469.958823,17.3160782,4.614758063,468.4098503,10.78288186,1.628665616,0.384795085,3.638235343,55.8421131,4.144512676,7249.464503,3.640482718,4.594359209,83.48108255,3.750358019,1.340537712,34.55721909,23.670705,6.769604,30.66653049,2383.826927,36.834163,3724.645619,23491.09503,18.65568321
6/20/2023,3.673172217,98.63970267,249.3551298,1.472376431,108.3038745,1.789063086,0.376986308,6.917779378,4.778062432,1.321586176,0.89769,795.3974021,7.1778005,4172.735,21.7540765,30.90107429,54.7152505,0.914975,0.78339,7.824788067,341.8461614,15015.33251,82.10178504,136.5914394,153.6159137,141.4198792,140.2147862,4119.660218,1288.609876,0.307059932,448.2351518,18476.25637,306.5508046,9.98706646,2100.004579,3450.39377,17.11939305,4.640059115,665.732709,10.67932346,1.618238171,0.384761193,3.615689143,55.55352778,4.075878098,7274.801024,3.640744218,4.541463534,84.10382482,3.751397434,1.34262866,34.74831582,23.59550043,6.766146252,30.91185004,2393.672123,36.814012,3691.734251,23521.25,18.21197012
6/27/2023,3.673158,97.90702159,254.394501,1.493882556,108.2040236,1.7897235,0.376956597,6.917456878,4.768607608,1.314948132,0.894213214,806.315832,7.216884622,4162.524254,21.55208881,30.900902,54.7663915,0.913115,0.785067,7.833478611,336.6906679,15003.17508,82.00394721,136.2208014,153.7577371,143.7374939,140.4497881,4117.247185,1300.045694,0.307287873,450.4907868,18955.41373,308.9018174,9.955082469,2099.891333,3443.485135,17.103622,4.666191288,753.9961759,10.72635876,1.6199175,0.384988693,3.63341416,55.34316406,4.044179353,7280.129724,3.641738736,4.530613519,85.05795773,3.750341519,1.349115,35.26171394,26.04049,6.788095643,31.06278357,2407.869585,36.813879,3676.956255,23532.4747,18.447935
7/4/2023,3.672992336,96.73380794,257.951199,1.495894,108.251734,1.7944825,0.376989,6.904566485,4.80821,1.3232475,0.89565,799.0059029,7.217573246,4173,21.7501248,30.9760495,54.92046944,0.917765571,0.786797463,7.83015,344.637504,15000.875,82.015451,136.5748505,153.508755,144.4485302,140.7678063,4123.898613,1299.028171,0.30722899,446.8900025,18900.55093,306.6544605,9.8000775,2096.647051,3439.752498,17.0358775,4.6512565,775.0480222,10.64852666,1.6169525,0.385057,3.615077388,55.22530677,4.057660781,7267.289423,3.641478736,4.542876,89.95598576,3.7504505,1.349023756,34.90525748,25.991499,6.7707865,31.10041483,2422.740516,36.78221375,3669.122269,23682.5,18.6196
7/11/2023,3.6730025,94.941086,262.5502985,1.500038755,108.2748208,1.776656828,0.376929388,6.90758388,4.89431052,1.327478089,0.881641868,813.2797551,7.2001202,4156.735,21.68555798,30.90685104,54.79157264,0.908595,0.774443184,7.82798,345.0410105,15154.4,82.42457065,133.6012075,153.6621556,140.3845105,141.2464824,4114.867826,1293.135043,0.307085,441.3525489,19089.64404,312.5618995,9.794791804,2090.999119,3438.621472,17.083403,4.656498241,789.3829238,10.409845,1.617095274,0.384554665,3.626423455,55.31261576,4.038876,7278.160465,3.640733218,4.497908601,90.22819771,3.749989,1.341633287,34.761415,26.1105635,6.7472925,31.330252,2439.749502,36.73302725,3684.194285,23657.5,18.64175
7/18/2023,3.673069791,91.58250509,266.7504005,1.4672505,108.5328973,1.7406025,0.376941992,6.914211,4.8075525,1.3202475,0.857779799,818.4053013,7.17329379,4013.196177,21.10820038,30.89932379,54.8279985,0.88831,0.762049957,7.811215244,332.2831242,14991.475,82.033251,130.3923552,155.2676857,138.2710847,141.6098083,4129.768724,1260.914522,0.306235287,444.0644146,19180.50534,321.3623565,9.71800173,2097.987938,3442.674816,16.74,4.541999,775.9481888,10.05706,1.588655,0.3850335,3.551019543,54.4162495,3.9540265,7282.079934,3.640748218,4.386801,90.66627534,3.752287318,1.320980858,34.1775025,26.9321185,6.7708965,30.985701,2438.37932,36.70282418,3664.985575,23638.78723,17.91226348
7/25/2023,3.67265,91.04725,271.0262,1.480963426,108.64375,1.76625,0.376975,6.8924,4.73615,1.316275,0.869165,827.97,7.16473,3950.525,21.7812,30.87140099,54.7125,0.90303646,0.778928597,7.8123075,341.3185,15008.38042,81.80789136,132.1575912,155.3837246,141.2894111,142.2676403,4135.195,1280.402346,0.306961654,446.3512853,19064.95057,329.5165017,9.756374734,2100.999731,3438.652183,16.84021036,4.562514599,793.0204705,10.04865109,1.609185239,0.384932724,3.584732689,54.5514579,4.018539845,7284.226667,3.640833718,4.440629652,90.06698458,3.750518788,1.330076269,34.46625,26.92962404,6.750236733,31.33834628,2452.594587,36.85095968,3641.565103,23673.06953,17.71875
8/1/2023,3.672712385,93.5155,275.3779468,1.491623389,108.7835,1.77731,0.376968609,6.887603878,4.73354896,1.320803685,0.872659693,838.6880872,7.167415,3921.425,21.73385299,30.90252429,55.0438,0.910239348,0.780055812,7.798315,352.664843,15088.25,82.26,131.3499735,154.322,142.7685,142.66,4130.8575,1280.6925,0.307171239,444.34,19087.27097,319.2055,9.8756,2103.972703,3444.46163,16.7573115,4.51075,759.65,10.14817,1.612849587,0.384933057,3.60235,54.7765,4.011125,7300.905,3.640320812,4.4886,91.64775,3.751017503,1.331385,34.27275,26.9679525,6.7957,31.5555,2452.499956,37.0106,3622.985,23686.63123,17.9012975
8/8/2023,3.673096478,94.5745129,283.2357085,1.537113611,109.0859738,1.785604977,0.376955097,6.879,4.8997,1.34515,0.876845,858.7,7.22927,4026.809032,22.13775,30.89945,54.936225,0.913141816,0.78598436,7.810734687,353.7209356,15235.19216,82.85902071,132.280098,154.1054508,142.9134854,143.314039,4132.450702,1317.981528,0.308045,446.4642857,19325.24712,320.46175,9.752848781,2097.549748,3456.908629,17.1460434,4.580426019,767.891761,10.28753292,1.653835659,0.384364443,3.679364998,56.408,4.0526975,7278.47,3.642517667,4.51845,96.155,3.750922333,1.3483125,34.99587504,27.0183425,6.739423302,31.82441805,2473.597104,36.62323868,3614.008116,23722.5,18.85685
8/15/2023,3.672746257,95.0605,349.90155,1.541315393,109.61625,1.793225,0.376990468,6.891925,4.95545,1.34524,0.87784,856.675,7.25953,4041.25,22.04655,30.87705,55.12423445,0.916586741,0.788204201,7.820952139,352.0174419,15334.50981,83.21764836,131.9940327,154.3416365,145.4155932,143.7721177,4145.420702,1335.924242,0.307685208,449.8726439,19312.38462,320.6537476,9.914635929,2102.682654,3458.886667,17.05508924,4.631386985,766.3417625,10.47990949,1.673255225,0.385013619,3.694177469,56.76209449,4.077453522,7270.25,3.640505812,4.528587655,98.37275,3.751641366,1.355899187,35.2861843,27.04777207,6.764469538,31.97630073,2492.994728,36.81023868,3721.20442,23826.25,19.059925
8/22/2023,3.6727,96.96275,349.6601748,1.55711153,109.1484373,1.793035,0.376947992,6.8975,4.98005,1.353956404,0.877431942,870.1110096,7.289783181,4105.909448,22.02045565,30.90129933,55.18656899,0.916181007,0.782858458,7.83439,350.46625,15329,83.07924231,131.7674435,154.04875,145.9992007,144.4086736,4136.4575,1336.675,0.308515,454.1725,19559.25907,323.0508885,9.973789,2097.620101,3470.261715,16.99529567,4.649021233,622.8783483,10.5978288,1.683945548,0.38505,3.715815429,56.16,4.099924452,7284.886086,3.640625,4.52285,93.507464,3.750725,1.3554275,35.07885965,27.20354102,6.71745,31.937,2504.166784,36.807,3732.023912,23814.7619,18.94394697
8/29/2023,3.6728,101.00625,349.962475,1.554270699,109.064,1.8049,0.377,6.876125,4.883325,1.35999456,0.908885,854.075,7.29151,4123.015,22.295615,30.87140099,55.10616324,0.922928549,0.792079213,7.846292101,353.7590209,15280.75237,82.61140829,131.5027847,155.1210829,146.3595117,145.161095,4145.688797,1321.641982,0.308397249,463.6010148,19611.33907,323.686785,10.13864394,2096.342018,3469.706676,16.78194458,4.649750233,772.1580123,10.7031274,1.691074521,0.385052085,3.687095929,56.6551119,4.12295067,7285.98,3.640733718,4.558250333,93.75072619,3.751570672,1.354466478,35.23304087,26.33550447,6.792487408,31.88028695,2496.251249,36.81177726,3698.536424,24090,18.56423785
9/5/2023,3.6728,99.88,350.00195,1.553953336,109.98325,1.8126,0.376975,6.88355,4.9273,1.36069,0.90996,859.275,7.290735,4052.925,22.37904079,30.89675049,55.0591,0.926906458,0.792340122,7.837877414,354.2768055,15238.28951,82.74962864,132.8577133,154.8760511,146.6295832,145.3531858,4149.188797,1322.304476,0.308749951,458.3476019,19632.92157,320.5296776,10.183183,2099.360711,3470.87956,17.20411554,4.656496741,557.7511355,10.6549,1.688354994,0.385052085,3.678726403,56.792,4.14762,7291.0075,3.642733718,4.583716156,95.2525,3.750739218,1.35679,35.37911504,26.762775,6.758173302,31.93325,2504.818751,36.63157726,3721.197296,24073.29885,19.16479406
9/12/2023,3.67285,99.2605,349.96085,1.556777626,109.5781841,1.820399416,0.377,6.876225,4.93255549,1.358289622,0.905777941,891.32022,7.291726178,3988.155935,22.8315978,30.9134865,55.19298756,0.930550451,0.799557896,7.832883626,357.1568179,15327.53565,82.90249544,133.6920516,154.5501354,131.9623337,146.3671621,4122.563169,1327.090624,0.308547654,462.0536044,19690.56438,322.2024109,10.13668755,2096.398997,3467.724852,17.28329824,4.672540907,548.25369,10.64931363,1.691144508,0.385052085,3.679364998,56.73224872,4.31827909,7263.351106,3.642983718,4.616748848,94.20371296,3.750873522,1.361120194,35.53125,26.88317,6.734400921,31.9785,2501.251251,36.812,3726.642891,24076.98953,18.89724584
9/19/2023,3.672903,99.542516,349.983303,1.55424,109.53419,1.8302,0.376933,6.895939,4.855103,1.348095,0.897300825,886.62007,7.292024,3897.2,22.857598,30.898602,55.183276,0.93575,0.807925,7.815205,358.754033,15373,83.22485,135.789802,154.385899,147.7230569,147.050243,4107.064338,1321.464958,0.308901,472.480798,19965.57176,323.017336,10.240717,2095.819027,3469.843432,17.136007,4.692974,760.2721856,10.811705,1.690575,0.384969,3.711607,56.712502,4.34215,7258.932163,3.640968,4.649497,95.96097886,3.750947,1.36379,35.684504,26.978501,6.76122,31.966016,2504.745034,36.857862,3737.522102,24385,19.011498
9/26/2023,3.672982,99.989607,350.0383,1.557353,110.808768,1.846504,0.376981,6.944444,4.969703,1.345805,0.912516763,903.402091,7.310303,4020.58,22.9936,30.921802,55.59276765,0.94445,0.81915,7.81622,368.579896,15408.9,83.105502,136.969967,155.17616,148.8462822,146.456916,4136.393269,1341.017509,0.3091,476.594498,20246.59864,327.399849,10.244237,2110.524277,3462.63075,17.43095,4.686501,782.1752168,10.818145,1.675285,0.384991,3.769085,56.883987,4.355979,7329.862719,3.640996,4.691403,94.835048,3.751039,1.366715,36.22965,27.21895,6.817838,32.188903,2505.000134,37.119547,3784.031482,24395,18.795299
10/3/2023,3.67297,101.672094,349.998401,1.57336603,110.966805,1.866541,0.377009,6.955002,5.062798,1.368925,0.918783287,908.579883,7.19295,4162,23.325204,30.929698,56.08490929,0.95515,0.82775,7.83245,371.620183,15560.05,83.258396,140.13032,155.769249,149.879865,148.349891,4157.694456,1359.834966,0.309303,480.260896,20520.26433,326.616754,10.363268,2113.540871,3461.518943,17.69391,4.722964,766.9664315,10.876225,1.685335,0.384999,3.814317977,56.940984,4.411458,7345.301757,3.641028,4.750403,98.800338,3.750561,1.374299,37.096499,27.467501,6.830857,32.317796,2509.999694,36.967885,3757.357129,24355,19.241201
10/10/2023,3.672976,99.791903,350.028282,1.55715,109.790011,1.850329,0.377053,6.881352,5.136798,1.357835,0.905616614,921.050025,7.291242456,4317,23.124994,30.907697,55.527829,0.94587,0.81663,7.82999,367.492501,15692,83.23775,137.820264,154.093553,148.478185,148.891301,4108.176624,1346.440455,0.309049,476.182369,20416.19372,322.417707,10.326663,2091.298631,3455.084749,18.20763,4.726977,759.0737326,10.77269,1.65822,0.3849995,3.811938,56.861021,4.320712,7280.552403,3.640982,4.696396,99.24796072,3.750887,1.36452,36.896499,27.725199,6.76031,32.12098,2515.000064,36.386657,3729.69854,24392.5,19.317969
10/17/2023,3.672936,100.137369,350.064975,1.574455,110.005874,1.85369,0.37704,6.894788,5.039102,1.361775,0.900613333,947.080008,7.3096,4241,23.365499,30.928296,55.5185341,0.947545,0.819298,7.81735,366.050224,15691.35,83.24695,138.619827,155.173884,149.5296774,149.492364,4119.970822,1350.975,0.30929,476.098448,20654.04801,323.547244,10.23911,2095.34095,3458.107569,17.92029,4.731996,765.375324,10.930895,1.69382,0.38504,3.849827,56.724005,4.217799,7349.514011,3.640483718,4.704018,97.34908664,3.751113,1.368598,36.340989,27.876398,6.781106,32.266052,2502.000257,36.288047,3742.018606,24455,18.780905
10/24/2023,3.673009,99.106105,350.02399,1.575026,109.553615,1.83299,0.376957,6.866309,5.013898,1.368175,0.890653156,932.979503,7.315603,4213.555,23.058303,30.901477,55.476982,0.936885,0.815655,7.824315,357.540123,15866,83.064049,137.82003,153.715694,149.6408593,149.999997,4108.69056,1342.75031,0.30931,474.701098,20573.62917,323.938383,10.263202,2086.616756,3454.596776,18.12766,4.782505,880.9490175,11.067795,1.707202,0.384871,3.858364,56.724502,4.177636,7381.657359,3.64104,4.656203,94.5015085,3.75106,1.36651,36.2085,28.085885,6.751996,32.271295,2500.999836,36.331378,3729.245531,24600,18.924197
10/31/2023,3.672958,99.623936,349.968407,1.571042772,110.0005185,1.843675,0.377070453,6.894569,5.047197,1.383695,0.902233271,907.4404392,7.316802,4061.75,23.143896,30.904901,55.72926473,0.943095,0.82297,7.82483,361.1675,15875.05,83.232498,138.71982,154.147031,149.4577718,150.599323,4125.547858,1347.274987,0.30906,470.683041,20679.74251,326.760855,10.282757,2095.212961,3448.773659,18.067804,4.757503,787.5639045,11.15618,1.71264,0.384957,3.846879,56.834502,4.192996,7433.623314,3.640955,4.687304,92.5500645,3.751402,1.36458,35.950206,28.271502,6.768207,32.4075,2499.000474,36.316271,3763.501668,24567.5,18.878017
11/7/2023,3.673024,97.987956,350.011898,1.544879,110.677989,1.826319,0.377018,6.936281,4.885265617,1.370735,0.899352151,881.798055,7.277297,3978.995464,22.925304,30.904398,56.10975816,0.93381,0.81061,7.82105,354.209882,15573.05,83.23395,140.419613,155.092971,150.10836,150.569889,4129.592456,1305.914945,0.308702,465.540342,20795.48107,328.268187,10.271093,2108.024835,3448.357802,17.55736,4.662978,799.7334573,11.068665,1.680319,0.384968,3.764116,56.107024,4.162571,7500.221748,3.64075,4.639399,92.6502385,3.751249,1.352795,35.514498,28.45155,6.821439,32.194037,2504.999632,36.189703,3777.654325,24295,18.33002
11/14/2023,3.672963,97.412794,349.963547,1.56891,110.632332,1.828335,0.376955,6.916283,4.9076,1.380705,0.902131271,922.830608,7.291602,4025,22.979022,30.896798,55.854301,0.93455,0.81485,7.806915,352.69003,15697.85,83.25985,143.810206,155.5141367,151.7351677,152.14018,4112.572321,1323.90327,0.30876,464.962378,20721.75644,326.662616,10.221011,2097.711893,3446.822797,17.618135,4.710499,802.080003,11.09361,1.70226,0.38494,3.784082,56.103999,4.139302,7426.066475,3.640986,4.648502,91.91523009,3.750841,1.36048,36.052497,28.692298,6.767304,32.317969,2505.000031,36.181161,3775.811209,24380,18.73185
11/21/2023,3.672998,94.919804,353.836703,1.522522,110.460763,1.78867,0.376962,6.892269,4.853302,1.371755,0.883963517,878.34989,7.098218818,4022,22.377896,30.934597,55.78482623,0.913125,0.79885,7.79351,346.751021,15413,83.325895,139.260211,155.114005,148.0547312,151.898292,4101.032792,1288.480274,0.30816,461.603083,20643.02281,326.7984,10.119437,2094.53629,3440.408029,17.10261,4.647501,820.2926718,10.678875,1.65132,0.384937,3.755684,55.356504,3.971434,7410.011505,3.640971,4.540398,88.55032516,3.750559,1.33699,35.125974,28.784801,6.777216,31.452799,2497.999894,35.932264,3768.467958,24180,18.298705
11/28/2023,3.672698,93.3896485,358.975023,1.510574,110.196633,1.78475,0.376842,6.907503,4.896976,1.360555,0.880233333,871.149716,7.128099,4010.5,22.173297,30.893804,56.140152,0.912765,0.79149,7.79195,346.360223,15470.65,83.36035,137.37992,155.143939,148.2603392,152.219631,4111.501437,1293.315004,0.30825,459.199781,20680.68799,329.102605,10.073054,2098.909622,3463.577891,17.15095,4.66851654,799.1602942,10.619705,1.63799,0.384922,3.733292256,55.498504,3.965877,7450.157398,3.640482218,4.537702,89.08803429,3.750479,1.33595,34.944003,28.934897,6.784069,31.460602,2505.000289,36.239974,3796.417131,24255,18.62655
12/5/2023,3.672395,94.009761,362.51997,1.51206,110.302326,1.804328,0.376848274,6.928492,4.944981,1.354815,0.8723654,867.999867,7.136203,4020.5,22.517894,30.927403,56.33965,0.922402,0.79125,7.816475,350.321027,15507,83.4063,139.19267,155.571342,147.0986311,153.249689,4125.727676,1311.710274,0.30891,463.397083,20755.95288,329.083981,10.115782,2105.763287,3432.271688,17.480397,4.666016,800.5449347,10.84326,1.621785,0.384967,3.745629,55.3899245,3.99435,7439.594808,3.64075,4.582501,91.485087,3.751165,1.33799,35.302509,28.922703,6.798409,31.458501,2504.999015,36.666974,3805.596302,24255,18.80565
12/12/2023,3.6724,94.496801,365.84827,1.51946,110.034557,1.816598,0.376968,6.91228,4.938019,1.356395,0.87777,882.740129,7.176187549,3968,22.677198,30.923698,56.24226681,0.928702,0.795665,7.80486,355.840334,15635,83.35505,139.960181,155.617589,145.673501,153.402101,4115.245452,1314.904996,0.30847,459.037409,20736.29548,327.366299,10.168975,2100.652593,3426.812619,17.378203,4.677967,789.789976,10.953802,1.628917,0.384981,3.742923,55.581498,4.027285,7353.631064,3.641051,4.617603,90.960295,3.750697,1.34245,35.614007,29.008987,6.797217,31.471971,2504.99981,36.898424,3804.029763,24275,19.07545
12/19/2023,3.672702,94.792373,802.643403,1.489381,109.694555,1.79065,0.376971,6.906626,4.8974,1.339785,0.86746,874.250227,7.088098,3934.5,22.4507,30.9002,56.228546,0.91586,0.79031,7.79466,352.000092,15515.7,83.135979,138.019635,155.258,142.607994,154.620156,4108.58535,1306.579996,0.30759,458.707698,20599.71059,326.836774,10.106608,2098.895463,3419.208923,17.16472,4.690497,789.579944,10.39231,1.608335,0.384954,3.759491,55.942505,3.959593,7304.04997,3.641034,4.552698737,90.524975,3.751305,1.332515,34.986987,29.0619,6.786647,31.362298,2505.000153,37.191398,3769.748592,24340,18.585097
12/26/2023,3.6726,94.264194,803.85439,1.468698,109.946122,1.77754,0.376605,6.922399,4.891443,1.325595,0.855895,892.740132,7.1407995,3952.83,22.277302,30.864153,56.407603,0.90735,0.78719,7.809215,345.883011,15440,83.183102,136.559684,155.274706,142.300501,154.970094,4109.389906,1298.610088,0.30723,459.618582,20599.11142,326.085969,9.904964,2103.704242,3415.807111,16.98944,4.611501,904.570284,10.187645,1.58262,0.384626,3.699608,55.398049,3.930652,7381.227115,3.64075,4.510304,91.992504,3.751015,1.323465,34.590048,29.385503,6.815188,31.101502,2519.466026,37.554855,3769.659195,24255,18.46873
1/2/2024,3.672805,93.793853,811.190019,1.467911,110.053868,1.771628,0.377891,6.929519,4.853899,1.32445,0.842597,885.328867,7.119096,3884.84,22.378601,31.044103,56.475488,0.90635,0.78593,7.81135,347.40498,15457.2,83.22415,136.050162,154.931873,141.412009,157.440038,4096.69096,2.405051,0.30728,458.222806,20594.81237,324.801956,9.925943,2105.92549,3410.746534,16.965013,4.599504,899.1913383,10.167345,1.586285,0.38496,3.703137,55.521999,5.37835,7305.237427,3.640974,4.506603,89.249747,3.750309,1.32153,34.335006,29.621725,6.806392,30.718015,2509.999706,38.129012,3790.683989,24265,18.313099
1/9/2024,3.672502,95.592334,813.8414539,1.485553,109.506064,1.785755,0.376935,6.894601,4.870499,1.33475,0.84677,904.00022,7.103392858,3884.5,22.37145,30.899498,56.40042783,0.912255,0.783674747,7.808605,344.441988,15516,83.073901,137.480125,154.064384,143.536005,157.7493051,4086.696344,1310.425034,0.307360652,452.809706,20570.87602,321.951798,9.917261,2095.382314,3412.040713,16.820651,4.641009,882.589571,10.35215,1.596575,0.384943,3.689763,55.753497,3.95425,7238.57655,3.641515493,4.535702,90.906766,3.75019213,1.327275,34.839849,29.936197,6.772487,30.944249,2515.000089,38.165523,3801.244276,24350,18.575135
1/16/2024,3.672499,94.942645,817.726212,1.50876,109.932145,1.79008,0.376934,6.920976,4.863598,1.34557,0.857085,910.640542,7.113501,3911.23,22.6041,30.935498,56.65126977,0.91515,0.78781,7.8227125,346.705976,15584.6,82.936597,136.339816,155.742543,145.945016,158.510067,4087.814342,1327.859816,0.30736,452.495768,20670.4064,322.816489,9.971494,2103.471469,3412.01207,16.91899,4.6855,960.590269,10.389339,1.619765,0.384987,3.707201,55.882986,4.000883,7278.783636,3.64075,4.553105026,87.960034,3.750286,1.33615,35.1325,30.101994,6.801482,31.366021,2510.501654,38.006159,3817.838236,24505,18.742404
1/23/2024,3.672497,95.2788887,821.453742,1.515841,109.76769,1.799273,0.376655,6.910993,4.989901,1.347315,0.86758,909.810338,7.109503,3902.35,22.7552,30.90272279,56.58519185,0.918395,0.78606,7.818645,352.220346,15654.9,83.09235,136.379859,155.171543,148.132505,162.51969,4074.228849,1334.13498,0.30777,447.74968,20676.79704,320.173767,9.950452,2100.405037,3406.596324,17.182303,4.733494,891.009752,10.49551363,1.641979,0.384959,3.742039,56.352014,4.006218,7301.68352,3.64075,4.571501,88.000125,3.750514,1.34042,35.6335,30.26903,6.799928,31.2999,2519.999781,37.426353,3813.21492,24555,19.160401
1/30/2024,3.672502,95.939086,825.253833,1.51172,109.6256055,1.806894,0.376927,6.90263,4.951599,1.34089,0.861575,930.269884,7.095497,3928.490638,22.93385,30.903504,56.087143,0.923265,0.786909,7.81295,359.524503,15800.125,83.12895,137.109603,155.329232,147.344012,162.320406,4076.63966,1330.385031,0.30764,449.146285,20699.39364,317.662043,10.010983,2097.646516,3422.167028,17.22567155,4.728503,893.497232,10.41811,1.630165,0.384958,3.791878,56.297963,4.030948,7284.725427,3.640482218,4.595301,89.284996,3.750090376,1.33943,35.387006,30.35334,6.759575,31.1425,2545.000353,37.852433,3810.798339,24495,18.814555
2/6/2024,3.673006,96.78822808,829.515305,1.532074,109.827748,1.818499,0.376929,6.914321,4.963798,1.348655,0.869475,948.098722,7.111098,3951.84,23.1717015,30.894803,56.501945,0.92975,0.79342,7.82255,359.430234,15737,83.069725,137.697421,156.225976,147.785498,160.492885,4084.999693,1326.999555,0.30781,453.65215,20822.50406,314.219553,10.071503,2101.413149,3422.238285,17.041009,4.7655,1408.000229,10.59136,1.63955,0.38496,3.861023,56.155989,4.043082,7264.764123,3.641012,4.626895,90.529776,3.750342,1.34394,35.570553,30.578197,6.787463,31.221006,2545.000034,37.648013,3826.172849,24370,18.82405
2/13/2024,3.672496,96.361036,831.307752,1.532567,109.781922,1.815805,0.376897,6.911989,4.953698,1.345425,0.876245,970.970201,7.1928495,3913.67,23.452029,30.896903,56.667162,0.928864013,0.79255002,7.81796,359.609607,15568.95,82.97855,137.750122,156.527473,149.3989885,159.529782,4074.524701,1328.575022,0.307911,448.564104,20834.41691,313.640079,10.036315,2100.531263,3395.166339,17.075403,4.764499,1503.505074,10.506798,1.632715,0.384961,3.866608,55.969031,4.003158,7286.219803,3.64075,4.622201,91.354975,3.750128,1.34562,35.828498,30.7221,6.787532,31.34302,2555.000247,37.9747,3861.87168,24425,18.916675
2/20/2024,3.672898,96.369986,836.7442129,1.531863,109.873676,1.81536,0.376936,6.917473921,4.957878103,1.35069,0.883295,965.0250515,7.197751,3918.067357,23.676203,30.898448,56.74163499,0.92905,0.794731,7.82194,361.674498,15659.25,83.02785,138.159463,156.848539,150.335033,143.490385,4080.514221,1338.137495,0.307962542,451.676126,20876.14672,312.941788,10.094928,2102.212562,3397.275841,17.050795,4.789558,1493.72969,10.50427,1.629715,0.38495,3.823275,56.080503,4.020324,7302.755021,3.640989,4.623699,92.495031,3.750546,1.34657,36.158504,30.872181,6.791815,31.4768,2549.999789,38.342018,3881.664499,24545,18.977026
2/27/2024,3.673024,95.67371302,840.646157,1.529648,109.764527,1.801581,0.376755,6.911202,4.980502,1.3502425,0.87988,987.049738,7.198097,3961.46,23.377898,30.934403,56.736992,0.921375,0.78848,7.82322,358.780075,15657.05,82.86795,137.93966,156.532559,150.487496,146.495576,4075.388231,1330.685029,0.30773,448.172895,20873.09601,310.953412,10.058062,2100.465459,3387.225987,17.09094,4.779028,1562.13986,10.506745,1.622965,0.384884,3.79835,56.106497,3.969816,7278.676437,3.640482218,4.580802,91.895023,3.750522848,1.34403,35.856501,31.12802,6.797843,31.569496,2550.000171,38.413475,3951.891618,24670,19.28485
3/5/2024,3.673015,95.83366,844.2531316,1.53675,109.815162,1.80437,0.376772,6.914254,4.946302,1.357475,0.885496,974.380345,7.197324687,3945.36,23.38310566,30.897098,56.783517,0.921595,0.788025,7.823905,364.612502,15762.5,82.918901,137.780233,155.8426,150.509495,144.580132,4069.143176,1333.534995,0.307603831,452.421878,20892.74564,308.284294,10.08705,2101.188474,3379.31154,16.95779,4.7253,1544.579749,10.57684,1.64162,0.38495,3.774176,56.002503,3.98389,7288.815153,3.64075,4.582701,91.63499,3.750393,1.343235,35.765502,31.57775,6.787987,31.552498,2550.000195,38.323326,3922.562569,24700,19.05711
3/12/2024,3.672499,94.93280332,848.222822,1.512173,109.842873,1.78967,0.376905,6.916105,4.978801,1.34781,0.877345,966.379582,7.177295,3909,23.17109354,49.047801,56.81919413,0.914703,0.780015,7.821085,361.03499,15514,82.764038,136.220174,155.20679,147.186019,138.999526,4057.143902,1311.530047,0.307166521,450.492967,20877.27161,307.154812,10.037132,2101.73956,3396.67967,16.80072,4.678505,1625.229491,10.45353,1.621365,0.384962,3.691123,55.432963,3.918002,7292.981397,3.64075,4.542706,90.690108,3.75051,1.33087,35.501026,32.042299,6.801782,31.474798,2549.999969,38.424976,3908.029157,24635,18.7157
3/19/2024,3.672503,95.229447,852.230389,1.525949,110.096977,1.79841,0.376864,6.931927,5.030701,1.354399,0.888397,946.910163,7.198203,3889.63,23.210496,47.105632,56.966831,0.919865,0.786070307,7.820865,363.279781,15709.05,82.9475,136.950167,154.63742,149.227503,135.9153372,4065.822342,1337.834972,0.30732676,451.500416,20978.68641,305.612933,10.080277,2106.536751,3400.292164,16.830501,4.727497,1565.220326,10.66175,1.64646,0.384948,3.698268813,55.668996,3.975637,7315.603277,3.64075,4.574197,91.450254,3.750371519,1.339315,35.999714,32.338502,6.803053,31.715901,2551.999853,39.116634,3897.484025,24724.5,18.950976
3/26/2024,3.672395,94.92401,856.2587837,1.526951,109.634659,1.80379,0.376936,6.902786,4.973896,1.357725,0.89964,978.380387,7.217199,3947.87,23.334499,47.395896,56.74787738,0.92237,0.79093,7.82195,366.372032,15802.15,83.375099,137.519717,153.640368,151.286981,132.350047,4042.23033,1337.870152,0.30766,449.995618,21037.3377,301.931699,10.064895,2097.737598,3403.263948,16.674298,4.719503,1424.830174,10.69932,1.664039,0.384961,3.699905,56.253503,3.97028,7342.081594,3.64075,4.585101,92.484994,3.750348,1.34447,36.36356818,32.174202,6.789449,31.85401,2555.000182,39.247158,3890.946493,24775,18.871995
4/2/2024,3.672298,95.29861583,862.127163,1.539255,109.704172,1.8137015,0.378801,6.932147,5.055203,1.3574325,0.905789448,985.479712,7.233284528,3862.81,23.572496,47.66197866,56.90000213,0.93178,0.79724,7.824748712,368.3225696,15959.04729,83.37512361,140.0501105,153.8469335,151.7155,131.501793,4043.999723,1353.220189,0.307650023,447.008131,21107.04491,300.323859,10.117012,2099.103482,3399.266073,16.60866,4.747499,1306.670006,10.95689643,1.680125,0.386861,3.72075,56.3755,4.003066,7390.83048,3.640988,4.632199,92.289653,3.75155,1.352815,36.650192,32.281019,6.790372,32.06066614,2564.994778,39.209025,3886.301018,24830,18.933755
4/9/2024,3.672499,94.117107,864.24602,1.513435,109.487218,1.799662,0.376962,6.907698,5.025299,1.35786,0.90534,945.389797,7.234310306,3773.1,23.342101,47.547198,56.728576,0.920904295,0.79023,7.830846782,359.078004,15889.9,83.261775,138.409864,154.2159675,151.866502,127.189807,4031.862219,1354.69022,0.307448784,444.542675,21110.99416,298.28342,9.9992615,2094.89078,3399.243964,16.318103,4.751501,1241.630057,10.681995,1.654175,0.384946,3.6718605,56.4989935,3.925554,7347.038253,3.641006,4.5746985,92.634995,3.750931,1.347615,36.6755,32.163399,6.75489,32.109501,2573.949493,38.895621,3807.938174,24965.5,18.62907
4/16/2024,3.672383527,94.881,868.396241,1.559239719,110.1571588,1.837206728,0.376858274,6.920730297,5.187220464,1.3807225,0.9131475,978.8748035,7.233857192,3887.314823,23.82413435,48.30481952,57.10385016,0.94230502,0.804509822,7.826476622,371.3650072,16035.43754,83.52448311,141.6299232,155.4635942,154.3725861,130.9969393,4044.63626,1398.074119,0.30798804,448.3255544,21303.67372,299.6930584,10.16729576,2107.758174,3450.000346,16.75012609,4.790939141,1153.764307,10.96595204,1.700267957,0.384864742,3.726444761,56.977558,4.066870471,7434.98734,3.641379357,4.687088051,93.55650091,3.751189573,1.365854622,36.83878655,32.42644238,6.785281032,32.53373282,2582.717837,39.60297469,3810.123469,25145.47056,19.02217634
4/23/2024,3.6726985,94.898779,872.2440125,1.548263,109.6647195,1.8349015,0.376935995,6.9294515,5.167195,1.369795,0.911897,952.62965,7.245312382,3911.6,23.714971,48.166099,56.8846845,0.93833,0.809615,7.83693,369.880198,16240.375,83.34698727,141.039941,155.5902385,154.755022,133.8974618,4060.477784,1378.122497,0.30828,445.346143,21300.8046,300.21322,10.132892,2098.369942,3450.000346,17.12627,4.7784985,1232.460002,10.986701,1.688945,0.3849695,3.6820475,57.426993,4.049918,7404.247669,3.6406005,4.669098,93.030161,3.750869,1.361395,37.050499,32.627986,6.773681,32.6507525,2593.999884,39.7299935,3811.857938,25460,19.201798
4/30/2024,3.672901,93.957176,876.7397809,1.52784,109.7693,1.82471,0.37699,6.9266095,5.118599,1.36731,0.911501,942.039607,7.241698,3909.01,23.4955,47.849701,57.4118885,0.93403,0.796951,7.82615,365.559861,16267.2,83.45435,140.3901105,156.330893,156.859498,135.0000765,4062.641456,1376.884995,0.30798,441.606316,21337.90625,297.4748075,10.123098,2100.320982,3450.000346,17.034701,4.769501,1359.97007,11.015999,1.677755,0.384952,3.7434685,57.502972,4.030169,7448.298873,3.6409965,4.646707759,93.429757,3.7506005,1.361085,37.075499,32.4382,6.808088,32.525499,2590.000179,39.6752185,3816.072181,25345,18.68657
5/7/2024,3.6729005,93.3188655,880.2748015,1.509992406,109.717978,1.816391,0.3769305,6.9085825,5.076398,1.367565,0.90745006,929.889807,7.217897,3894.5,23.22515,47.946898,57.3970995,0.928921267,0.796406613,7.821145,360.859829,16064.8,83.48399,139.6198715,156.716036,154.457503,134.5020675,4067.388233,1358.17496,0.30747,439.679255,21317.1176,296.8750725,10.0213475,2099.418118,3450.000346,16.88285,4.741499,1384.000253,10.841205,1.664011182,0.3849195,3.726219,57.2529895,3.998903,7475.708716,3.640984,4.618804,91.084984,3.750528,1.351795,36.781992,32.2444,6.7740785,32.3655005,2591.0001,39.2811035,3768.839779,25380,18.50635
5/14/2024,3.6730075,93.16276,884.266201,1.515094126,116.93981,1.8129925,0.376848183,6.9060785,5.155304,1.36795,0.908401,924.970244,7.237598,3883.69,22.996802,47.077497,57.39480086,0.927202976,0.796473217,7.81195,358.760304,16128,83.5045255,139.540168,156.466842,156.465969,131.4249051,4074.009422,1369.44502,0.30763535,441.3579071,21327.48117,299.216843,10.037912,2098.799311,3449.999773,16.80641811,4.7344985,1444.929972,10.825035,1.663409163,0.3848925,3.7138005,57.89498,3.973613598,7503.988029,3.6405005,4.613298,91.630035,3.7504615,1.354105,36.806987,32.253498,6.78934,32.4306485,2587.961997,39.5966835,3766.360689,25457.5,18.37284
5/21/2024,3.6729675,92.4370065,888.75815,1.502511072,117.2029825,1.800899,0.376979,6.916171,5.1046,1.364115,0.91153,890.711671,7.241676997,3826.67,22.77455,46.6372995,57.4932165,0.921410588,0.787429476,7.799835,355.545982,16039.85,83.34740718,138.4900525,156.378776,156.462503,128.1001185,4074.060217,1366.497493,0.30697,443.850095,21362.50636,299.911077,9.917048,2101.727907,3449.999773,16.57101,4.695043,1532.42988,10.72806,1.640944865,0.38491,3.741102,58.179039,3.919555,7492.551971,3.64125,4.5825,90.301973,3.750198,1.348355,36.238008,32.217502,6.79461,32.330302,2599.662516,39.678305,3798.739332,25458,18.209355
5/28/2024,3.67304,92.473183,893.500052,1.50036384,117.3243875,1.79985,0.376941,6.9085805,5.172902,1.362075,0.912101,902.369534,7.241985,3869.99,22.695898,47.1754005,57.020394,0.919707257,0.782532314,7.80775,353.517502,16071.4,83.1095,137.320169,155.902984,156.740497,132.9999485,4077.480675,1359.380122,0.306873418,441.948117,21409.50296,300.4488495,9.928161,2099.632069,3449.999773,16.661801,4.690502,1477.460104,10.47397,1.623073616,0.384904218,3.742652,57.9199345,3.917738,7521.469107,3.6414985,4.575702,91.625004,3.750565899,1.347605,36.589901,32.109028,6.786102,32.1345,2605.000114,40.310001,3793.920354,25450,18.361197
6/4/2024,3.6729945,92.0301935,896.528795,1.497336613,116.633689,1.7928575,0.376855183,6.8616685,5.250702,1.36395,0.89579,904.509481,7.243497,3857.99,22.625902,47.1064005,57.0803045,0.916789861,0.780865668,7.8171975,357.859866,16197,83.10565,137.069726,153.8741745,156.412977,129.5934906,4070.449691,1372.259953,0.30659,444.317172,21346.6939,299.9717965,9.9228415,2085.46003,3449.999773,17.57883,4.6944995,1485.240111,10.45145,1.617933191,0.384959,3.699691,58.648496,3.918085,7474.778548,3.64125,4.5610985,89.885014,3.7507025,1.34642,36.613999,32.18559442,6.739852,32.345649,2599.999856,40.131115,3790.042359,25412.5,18.546601
6/11/2024,3.672999,93.229795,901.7541005,1.515886492,117.208211,1.817199,0.376891,6.8925795,5.354199,1.376785,0.89677,920.44047,7.2478,3965.09,22.879798,47.6962,56.982676,0.928858711,0.78559841,7.80985,365.292016,16302.125,83.5111015,139.049986,155.0298065,157.220292,129.1700625,4137.961535,1377.360062,0.30669,447.585646,21635.5912,302.357225,9.957498,2802.298438,3449.999773,18.419197,4.723018,1500.530105,10.655025,1.633699964,0.384952,3.742561,58.73201,4.018661,7506.678753,3.637209,4.622298,88.84991713,3.7500885,1.353595,36.785501,32.38390834,6.761582,32.3889,2588.501539,40.366986,3765.418164,25427.5,18.770265
6/18/2024,3.672999,93.514045,902.506549,1.512712862,117.2197,1.8223675,0.376869,6.893469,5.421303,1.373165,0.88932,926.489902,7.255256759,4130.63,23.040803,47.708101,57.533413,0.932166261,0.787392275,7.809155,368.76033,16442.025,83.52125308,139.3601015,155.4268545,157.6140015,129.190034,4108.798957,1380.401203,0.306705,452.583979,21851.91646,303.035974,9.968379,3247.960496,3450.000098,18.547703,4.714999,1494.999943,10.669245,1.632146774,0.384948,3.7622085,58.6775,4.051882,7512.797659,3.6383885,4.6386005,88.710098,3.752182,1.35237,36.835501,32.8234,6.779771,32.387501,2604.999954,40.5509185,3695.857834,25450,18.254896
6/25/2024,3.672961,93.373789,908.597601,1.50204187,117.4558035,1.8219975,0.3769685,6.9077615,5.390599,1.365235,0.89202,945.419693,7.262696777,4088.5,23.169502,48.320798,57.684019,0.93149924,0.788192044,7.8068575,367.870086,16371.7,83.490597,138.869851,155.838174,159.377503,129.444094,4117.831693,1386.029926,0.30663,465.719476,21983.50479,305.212826,9.9365595,3247.960496,3450.000098,17.907865,4.708499,1530.890159,10.541302,1.6334,0.3849495,3.804179,58.7294985,3.999069,7529.137788,3.645588,4.635975,87.9989437,3.751331956,1.352405,36.6219849,32.93863,6.79182,32.411011,2624.999986,40.583095,3738.48159,25457.5,18.10875
7/2/2024,3.6730005,93.389768,913.5045505,1.504398486,117.6503235,1.821801,0.3769485,6.918361,5.656703,1.374285,0.90345,946.901068,7.271019421,4134,23.42655,48.2962015,57.809273,0.931590948,0.79113,7.812215,367.689714,16374,83.471775,138.949845,155.785923,161.592497,129.6601325,4117.999792,1388.615032,0.30658,474.839779,22095.19036,305.6951415,9.97606,3247.960496,3450.000098,18.40412,4.7190005,1499.500484,10.66308,1.651186791,0.3849675,3.8482725,58.7820165,4.02118,7548.068088,3.6504205,4.635803,86.75327,3.751774032,1.357625,36.776502,32.660798,6.80006,32.590903,2648.29851,40.6928805,3719.53973,25456,18.38781
7/9/2024,3.672997,92.643026,917.203416,1.482502761,117.535688,1.8061675,0.3769205,6.911742,5.471902,1.36305,0.897725,939.98995,7.268036528,4066.5,23.25195,47.929797,57.773894,0.923185,0.780315,7.809865,364.413501,16283.5,83.46385,137.6498545,156.717157,160.806027,127.5402535,4120.062325,1381.989737,0.30603,480.201358,22106.8837,304.595103,9.8639425,3247.960496,3450.000098,17.99134,4.7105015,1550.719946,10.60401,1.630789151,0.384951,3.7952225,58.536498,3.940604,7541.680069,3.648731,4.592198,87.254515,3.7509215,1.34927,36.3925,32.72077,6.7731975,32.487997,2655.799137,40.734016,3711.262014,25420,18.102275
7/16/2024,3.672972,92.19064077,922.2434907,1.479288762,117.486976,1.793658,0.3768905,6.9089395,5.448303,1.36772,0.895499,909.769627,7.259897,3936.95,23.298796,47.957499,57.705582,0.917786941,0.771200678,7.80681,359.233003,16189,83.558925,136.791712,156.673854,158.218504,128.999443,4115.000058,1386.694858,0.305640718,472.97254,22172.49903,302.6929475,9.821497,3247.960496,3450.000346,17.73039,4.6734995,1600.000136,10.812705,1.646755,0.3849605,3.733994,58.445987,3.907114,7534.650712,3.640979,4.5594,87.99797705,3.75074,1.343697,36.189785,33.004025,6.7879095,32.585511,2655.000045,41.0140175,3699.611863,25370,18.211085
7/23/2024,3.6730065,92.19056477,925.7373204,1.505338307,117.534113,1.79583,0.376922,6.91258,5.572201,1.37592,0.889397,944.099154,7.273741639,3994,23.188804,48.407202,57.749945,0.918102,0.77325,7.80667,357.606631,16228.6,83.64395,137.6300205,156.409016,156.723499,130.9998915,4116.999993,1386.845011,0.30574,473.574939,22174.99991,304.12008,9.8455005,3247.960496,3450.000346,17.945535,4.687297,1587.098816,10.95783,1.672646,0.384951,3.7470185,58.4329865,3.931454,7570.309259,3.6410105,4.564981,87.844768,3.751064812,1.345385,36.298505,32.921205,6.7934405,32.8229975,2684.648995,41.355489,3696.540921,25335,18.253598
7/30/2024,3.672996,92.543009,931.633803,1.527326538,117.53192,1.8073175,0.376889,6.91234,5.615983,1.385765,0.88621,956.809472,7.259198,4066.4,23.478971,48.322595,57.82972417,0.924364548,0.777855,7.810465,363.520244,16311,83.750625,138.190274,156.515199,153.6735,130.499408,4104.000024,1383.609865,0.30585,474.734141,22185.39995,302.793184,9.8667005,3247.960496,3450.000346,18.66446,4.638967,1619.999951,11.010485,1.701823558,0.384958,3.736891,58.6079805,3.969259,7575.141081,3.650762,4.597398,86.40086448,3.7514812,1.343046,35.980998,33.064665,6.793259,32.866797,2700.000049,41.0385065,3725.720941,25285,18.4432
8/6/2024,3.672954,91.67862908,934.7542298,1.532458033,117.4311965,1.7850325,0.376899,6.905839,5.722502,1.380795,0.854875,953.659688,7.121099,4164.82,23.10497,49.251799,80.5449925,0.913305028,0.782312535,7.792455,362.345499,16202.5,84.00355,137.499143,156.775877,146.148026,129.999946,4111.000145,1371.624973,0.30561,479.149931,22194.99981,300.3722265,9.82725,3247.960496,3450.000346,19.16769,4.4470095,1594.559777,10.997875,1.678169162,0.384948,3.73875,57.843014,3.92948,7574.058162,3.641019,4.546794,84.8745602,3.754164841,1.32579,35.524696,33.3950875,6.7679925,32.709735,2709.999992,41.1608965,3728.181142,25097.5,18.46553
8/13/2024,3.672986,91.380085,938.7478675,1.518812668,117.524815,1.78901,0.3769515,6.9114195,5.493402,1.374485,0.86544,934.01996,7.175026,4053.3,23.030038,49.324179,106.305525,0.914749885,0.7832493,7.79156,360.570535,15963.35,83.90656392,138.229473,157.2170365,147.09598,129.000193,4110.000165,1370.21018,0.3062695,479.935919,22180.00009,299.265181,9.8129965,3247.960496,3398.000188,19.06353058,4.447499,1589.999987,10.814175,1.659840572,0.384952,3.7445,57.2959855,3.941146,7568.829693,3.64096,4.5523,90.99907533,3.753783251,1.324255,35.096995,33.53979,6.800779,32.4230005,2710.000038,41.3104245,3731.319687,25130,18.24967
8/20/2024,3.6729995,89.950118,943.255301,1.485516349,119.3041135,1.7644925,0.376849,6.9109885,5.4071,1.363235,0.86212,923.404989,7.153016,4029,22.69313694,48.7836005,109.1500225,0.902070775,0.76997364,7.789376764,355.355969,15521.5,83.826525,137.02998,157.0061485,146.28198,129.00018,4099.999881,1331.649907,0.30569,478.72967,22125.0001,298.81778,9.7224985,3247.960496,3397.999407,18.69036,4.370389,1597.500723,10.547015,1.634167168,0.3849595,3.7325015,56.675505,3.847887,7583.928032,3.6409885,4.490601,89.994768,3.75224714,1.30785,34.370109,33.76432,6.78929,31.9328,2711.00039,41.3815815,3723.100311,24972.5,17.70968
8/27/2024,3.6729,89.65123894,949.529781,1.476774886,119.5080015,1.7519225,0.3768795,6.9110905,5.497409038,1.348265,0.84686,906.86013,7.119303,4027.7,22.434002,48.7294,112.5011465,0.895648204,0.758143517,7.797745,353.257015,15482.525,83.882775,136.939803,156.524076,144.549026,129.000026,4084.999961,1329.469887,0.30549092,483.300062,22075.00013,300.911866,9.644973,3247.960496,3397.999407,19.40024,4.3535005,1589.999839,10.54435,1.611655,0.3849485,3.758046,56.14774344,3.835192,7602.858725,3.640995211,4.457199,91.99635107,3.752213807,1.30403,33.986501,34.01196,6.79271,31.623501,2709.999938,41.328008,3712.390225,24872.5,17.713025
9/3/2024,3.6729015,90.178207,952.7329,1.473426469,119.4909085,1.7670425,0.376748,6.9097615,5.6166015,1.349683744,0.851598,915.609337,7.117603,4147.26,22.62496,48.539003,111.0637765,0.90364766,0.760907135,7.79666,354.705503,15555.8,83.926475,138.519711,157.008014,146.7202029,128.746009,4062.548296,1338.535016,0.30557,482.734317,22110.87969,298.9298575,9.8016115,3247.960496,3397.999407,19.844515,4.3574995,1589.96991,10.59339,1.604351099,0.3849605,3.747928821,56.4765,3.857741014,7670.588374,3.644818,4.495502,89.799974,3.7525515,1.30711,34.202496,33.9181,6.7824795,31.946007,2719.999808,41.169284,3721.959963,24875,17.81275
9/10/2024,3.67297,90.291153,957.7428608,1.503872472,119.5397045,1.7705905,0.376869,6.912519,5.585802,1.357051824,0.849675,943.903045,7.114301,4210,22.706302,48.354199,113.692011,0.906488874,0.765646953,7.796875,359.589742,15479.625,83.98115,138.009868,157.060831,143.3535,128.7899745,4076.47176,1342.834998,0.30536,479.037738,22108.47915,300.8470945,9.7363295,3247.960496,3397.999407,19.90673,4.362503,1645.269956,10.854705,1.630138,0.3849505,3.802838,56.415004,3.874765,7736.149118,3.646172,4.507303,90.544244,3.752923835,1.305945084,33.886499,34.09301,6.7974425,32.12302,2724.568049,41.156799,3715.850973,24695,17.88197
9/17/2024,3.672975,89.7499785,960.495798,1.481728695,119.5610065,1.756902,0.3767095,6.9383325,5.505399,1.35875,0.844309678,922.850035,7.093506164,4226.5,22.610403,48.427904,115.8900165,0.898321673,0.757070298,7.79256,354.420199,15373.2,83.878575,136.840131,157.2888575,140.689497,128.9999075,4074.999963,1319.739779,0.3049295,481.097369,22105.00017,302.1632255,9.754009,3247.960496,3397.999955,19.22333681,4.298001,1639.100284,10.592401,1.614804528,0.384949,3.776017,55.709994,3.842775,7778.528707,3.640499,4.469018,91.40006522,3.753050118,1.29556,33.265027,34.033599,6.792892,31.6545,2729.451505,41.5124215,3716.96191,24545,17.621585
9/24/2024,3.672992,89.15016057,965.2547804,1.463829491,119.4121055,1.7587605,0.376901,6.9204595,5.537549,1.35265,0.846915,922.80948,7.052199,4161.75,22.617102,48.6533015,119.750048,0.899850366,0.749018698,7.786465,355.2595,15176.375,83.54465,136.5098965,156.9960175,143.463004,129.0001895,4070.000014,1334.427518,0.305049,480.493496,22082.49826,304.412961,9.6950075,3247.960496,3397.999955,19.429903,4.2024975,1638.620049,10.482765,1.596029081,0.384942,3.74501,55.957999,3.843159,7777.868848,3.64025,4.477505,91.47502,3.75194862,1.290655,32.926501,34.151596,6.7945685,32.004006,2730.000088,41.3756835,3696.560079,24620,17.355599
10/1/2024,3.673028,88.249811,968.780503,1.44620804,119.451508,1.7560375,0.3768915,6.9333085,5.449652,1.353051,0.84562,897.910352,7.018197,4193.26,22.646014,48.282701,119.199408,0.89798649,0.747531697,7.77332,356.582961,15186.025,83.80465,135.1501235,157.246931,143.777503,128.9999345,4065.000055,1317.272506,0.30536,481.038557,22080.00012,296.190868,9.69325,3247.960496,3397.999955,19.68857,4.1239825,1669.489859,10.54504,1.576007,0.38497,3.719017,56.203499,3.846235,7791.859846,3.6406005,4.468204,92.997943,3.75133,1.284875,32.426043,34.205115,6.796548,31.777018,2730.000085,41.2117995,3689.091994,24565,17.282065
10/8/2024,3.6730005,90.25139429,974.758901,1.479448614,119.4363085,1.78164,0.37702,6.921192,5.4956,1.361955,0.85452,926.369718,7.020006,4214.5,23.106983,48.399703,120.4036085,0.91111,0.76403,7.766394538,366.175005,15748,83.96356875,135.309927,158.0300125,147.9823289,128.999854,4063.000166,1343.020344,0.30647,484.668392,22070.00022,293.232233,9.822502,3247.960992,3397.999955,19.29142546,4.278501,1619.599197,10.63853,1.630138,0.3850295,3.7347005,56.829501,3.938723,7792.572384,3.64025,4.534994,96.1998005,3.755979,1.303445,33.475003,34.26353,6.77756,32.138103,2724.999878,41.1813775,3673.438882,24855,17.372345
10/15/2024,3.673024,90.4461165,979.997367,1.487750387,119.5296915,1.7925625,0.3769195,6.92655,5.596202,1.38021,0.862425,926.810111,7.088202,4209.24,23.16685,48.6061505,120.1629995,0.91699,0.765541,7.76262,367.572987,15579.95,84.04185,136.90991,158.3480115,149.666503,129.029952,4063.000389,1357.76497,0.306675,485.343809,21936.40571,293.068936,9.8057715,3247.960992,3398.000028,19.418797,4.2985,1635.200826,10.80610394,1.642913,0.3849775,3.7259025,57.423501,3.937005,7828.577677,3.6460885,4.560903,95.60178982,3.754912782,1.30805,33.309501,34.2719505,6.79096,32.1503,2721.492,41.2091175,3665.668498,24850,17.556815
10/22/2024,3.672991,91.197294,983.2409504,1.502496613,119.4950145,1.8084225,0.376971135,6.9238205,5.689602,1.38355,0.86542,952.25017,7.118973392,4277.75,23.36799,48.668595,118.604567,0.924628878,0.770150508,7.773565,371.151974,15561,84.087375,137.860029,158.902835,150.639002,128.9995692,4059.999994,1380.390239,0.30645,482.1648811,21932.50063,293.1638015,9.9004995,3247.960992,3398.000014,19.95365,4.312502,1639.050007,10.953702,1.660253951,0.3849725,3.756993,57.6560015,3.994104374,7921.091632,3.640490145,4.598501,96.790644,3.75627193,1.316625,33.530995,34.251199,6.785362,32.066027,2724.999954,41.309702,3665.140531,25305,17.62415
10/29/2024,3.672993,91.09970294,987.4728005,1.519878106,119.430411,1.8104415,0.3768895,6.9058825,5.7117,1.38899,0.86445,946.939933,7.128702,4354.420941,23.444603,48.695299,120.0000365,0.924389556,0.770788653,7.77165,373.709638,15753,84.07175,137.640121,158.1259575,153.089875,129.0001215,4065.999967,1383.704994,0.30659,490.413705,21924.99993,293.463075,9.8500815,3247.960992,3398.000028,20.03663,4.36097,1642.789937,10.99071,1.6703484,0.3849615,3.7600425,58.291014,4.02012,7998.669907,3.640599657,4.5975995,97.250942,3.755416465,1.322565,33.780141,34.292402,6.7774825,32.0284995,2727.740111,41.357276,3662.63073,25355,17.704698
11/5/2024,3.672988,90.35018472,992.740901,1.519341214,119.5789855,1.7979525,0.376821,6.92994,5.792099,1.39029,0.86403,954.359893,7.099098,4415,23.297498,49.0560995,121.103721,0.919656509,0.772124754,7.772625,375.343958,15798.775,84.158625,136.9401195,158.1060505,152.137991,128.9990576,4075.000114,1374.814311,0.30651,488.942475,21939.62885,293.3638255,9.84699,3247.976778,3398.000028,20.107701,4.377788538,1643.899514,11.003205,1.674417827,0.385026,3.768263463,58.46202,4.006502,7880.549696,3.640599,4.575603,99.000038,3.7559485,1.319596,33.77996,34.35321,6.7832375,31.7745,2690.871497,41.4740875,3662.001412,25320,17.509903
11/12/2024,3.673012,92.0819995,998.509399,1.521190179,119.520883,1.8352575,0.376888386,6.9361085,5.757076195,1.39204,0.880410048,969.160259,7.212096,4360.51,23.770196,49.232024,123.2707185,0.938145708,0.777112483,7.77585,384.920122,15757,84.41255,138.770273,158.7389715,153.620499,129.0190252,4059.429114,1401.270068,0.30718,495.535128,21958.72322,292.7050595,9.923551,3247.960992,3398.000028,20.36475,4.413505,1673.21005,11.02858,1.67658647,0.3850425,3.7660995,58.62499,4.092656,7815.477621,3.6452815,4.667898,96.0013985,3.755990539,1.333649,34.554967,34.3252,6.796738,32.390751,2660.148495,41.344576,3663.857886,25330,17.93103
11/19/2024,3.673006,92.60089892,998.4911523,1.537739984,118.955684,1.841388,0.376859,6.878808,5.7487,1.402375,0.88328,972.8498045,7.236305,4397,23.877015,49.45102,121.7749975,0.944162245,0.788990428,7.783385,383.897378,15841.65,84.397175,136.369598,157.992072,154.437499,128.4985275,4051.000018,1390.775019,0.307490014,496.69512,21950.00016,290.0269085,10.0019885,3247.960992,3397.999946,20.21497927,4.4753005,1668.029811,11.004695,1.699048,0.385011,3.795004,58.6449995,4.076195,7759.2084,3.6405015,4.6972,99.750041,3.754092,1.33901,34.575498,34.582965,6.7580085,32.456497,2653.981024,41.227222,3655.161323,25415,17.953155
11/26/2024,3.672994,93.449879,1006.50849,1.548892774,119.521088,1.86362,0.376965,6.9369325,5.798801,1.413165,0.88871,976.198478,7.23965347,4384.75,24.234979,49.624703,123.449829,0.957528811,0.798189707,7.78354,392.3097,15880.8,84.325375,138.919779,158.7379425,154.289497,129.4996615,4050.000115,1407.490178,0.30778,499.434511,21965.00001,291.0440588,10.0335,3247.960992,3397.999946,20.707596,4.466603,1683.129821,11.150397,1.722363607,0.3850125,3.798014,58.982015,4.12785,7792.778981,3.6406,4.764799,103.9988415,3.755235,1.34998,34.740233,34.61303,6.793639,32.3625,2650.000061,41.507888,3705.981845,25420,18.144198
12/3/2024,3.6730045,92.950155,1011.510347,1.545057922,119.444512,1.862898,0.377009,6.9067395,6.058903,1.40472,0.88685,978.760447,7.272050693,4459.502557,24.0516,49.724979,124.9021858,0.952628182,0.790287369,7.7815375,394.860009,15936.3,84.732775,138.802932,156.41298,149.729913,129.501015,4030.000225,1404.279908,0.30742,525.2132195,21945.00012,290.5761445,10.01600121,3247.960992,3397.999946,20.42347,4.4639925,1676.459994,11.09968,1.700492293,0.3850085,3.745499,58.674503,4.08215,7802.12789,3.6409945,4.740972,106.503074,3.757038,1.345401,34.530531,34.751496,6.7640605,32.603499,2640.000098,41.691795,3688.36249,25377,18.136935
12/10/2024,3.672973,93.0979795,1015.7549,1.554086,119.6782025,1.8532025,0.3770325,6.920079,6.080099,1.41751,0.878985,969.679879,7.260292705,4392.85,23.782904,50.502901,124.4815953,0.94793,0.784575,7.77455,390.222504,15871.05,84.84985,138.305244,157.238213,151.4394644,129.440169,4032.821773,1431.565011,0.3074105,509.139321,21931.10645,290.7810415,9.9937915,3247.960992,3397.999946,20.251455,4.4275015,1574.790153,11.133905,1.708846699,0.3849975,3.721962,58.001009,4.036115,7828.758305,3.6508795,4.712965,100.0002845,3.756532,1.340861,33.790174,34.838585,6.7940815,32.385804,2603.807705,41.6294135,3668.029792,25380,17.78897
12/17/2024,3.672967,93.546041,1021.25439,1.568787,119.4189045,1.8605895,0.377107782,6.9302205,6.149039,1.423245,0.89401,984.069929,7.283209571,4318.8,23.811801,50.795299,126.855813,0.950835,0.787786,7.77431,388.710615,16030.775,84.917575,137.950245,156.303941,154.141499,129.160082,4016.192166,1435.740102,0.30771,524.9321054,21891.00824,290.568867,9.9725625,3247.960992,3397.99987,20.137255,4.452501,1550.539824,11.147765,1.726773,0.384992,3.7262085,58.823036,4.047032,7817.099655,3.643249,4.730705,103.598536,3.757418,1.349197,34.063499,34.96217,6.786379,32.431803,2335.000172,41.747677,3647.535127,25395,17.858945
12/24/2024,3.67304,94.842013,1025.759893,1.602359,119.6443895,1.8793475,0.377129,6.933,6.194599,1.437845,0.89869,990.474953,7.298127321,4412,24.169603,51.082903,127.4451145,0.961325,0.79797,7.769865,396.680097,16236.6,85.0991965,139.489943,156.294187,157.21302,129.410111,4015.288582,1452.715027,0.308199,522.298879,21907.98537,296.456874,10.07331,3247.960992,3397.99987,20.18823,4.4909975,1549.009854,11.365845,1.77184,0.3850025,3.734541,58.5605,4.100974,7816.23901,3.650079,4.7831,101.22307,3.756333,1.357355,34.313026,35.248639,6.80058,32.6828,2407.500747,42.081575,3679.440047,25450,18.54729
12/31/2024,3.67303,93.899951,1031.005011,1.608499,119.4283985,1.8801,0.377018,6.93092,6.178697,1.43512,0.90336,993.8500445,7.299185537,4404.92,24.197098,50.841978,127.6505945,0.96125,0.797022,7.76252,395.275643,16220.775,85.78643834,138.31009,155.5551715,157.022499,129.169891,4021.198206,1469.110178,0.30799,524.4312395,21844.60804,292.307162,10.0893385,3247.960992,3397.99987,20.647875,4.46402,1546.000262,11.338525,1.77371,0.3849795,3.74557,57.7749935,4.111298,7810.801851,3.6447385,4.781097,110.4974885,3.7567785,1.359625,34.189962,35.33609,6.792129,32.8255,2445.000073,42.056877,3671.059305,25485,18.79663
1/7/2025,3.673022,94.75020046,1034.755003,1.602763164,121.6157905,1.882655,0.37697,6.916951,6.115201,1.434205,0.905181084,1011.079716,7.322802,4340,24.236596,50.653097,125.3598465,0.96324962,0.799459566,7.775447572,400.939842,16207,85.680925,139.6994505,156.2029395,157.845997,129.489513,4040.000125,1464.340031,0.30846,529.1580515,21809.9999,295.9920815,10.01125,3247.960992,3397.99987,20.34291239,4.5125,1543.719984,11.3056,1.773635,0.384991,3.764038,58.145014,4.09605,7874.491089,3.6410025,4.791504,107.5018445,3.754072,1.3642075,34.6335,35.351797,6.789218,32.749501,2486.149515,42.2920835,3694.580049,25380,18.58015
1/14/2025,3.672968,96.30399103,1039.525328,1.61596575,121.5475015,1.905551,0.376763,6.9280505,6.0963,1.43689,0.916369,1008.510313,7.330798,4306.5,24.590302,50.507503,126.2498945,0.975091293,0.818205066,7.78562,402.3304926,16326.05,86.65075,140.88991,156.820806,157.197002,129.4975825,4040.000184,1463.040284,0.3075015,531.1341275,21810.00008,294.834875,10.0775015,3247.960992,3398.000107,20.63877496,4.5160135,1549.67024,11.405185,1.785765,0.384958,3.782501,58.6749875,4.164738,7875.590875,3.64075,4.848498,102.759522,3.753821,1.368655,34.689418,35.4948985,6.7915005,33.090502,2494.99993,42.4029815,3699.998528,25400,19.005604
1/21/2025,3.673055,95.2459695,1045.742822,1.59195,121.941783,1.87675292,0.376955,6.938518,6.032604,1.430165,0.90576,1007.80094,7.314301,4323.35,24.194203,50.3185985,127.803294,0.95945,0.810537,7.78039,394.589826,16304,86.21525,139.989538,157.3952375,155.114009,129.350072,4037.538198,1436.269862,0.30819,530.412959,21830.99466,297.0121215,10.022578,3247.960992,3398.000107,20.496525,4.493032,1555.85025,11.28979,1.759495,0.3849545,3.7440215,58.325018,4.079907,7888.220964,3.65118,4.775402,100.995408,3.752094,1.35462,34.101499,35.5858475,6.796082,32.496965,2515.658495,42.232819,3675.22867,25322.5,18.518235
1/28/2025,3.672987,93.95003966,1049.754191,1.596615,121.958406,1.870042,0.3768215,6.9354205,5.894398,1.43985,0.90425,987.350232,7.250765023,4195.53,24.017998,50.248475,126.1502047,0.957331726,0.802735729,7.788163998,391.090267,16211.85,86.46865,140.050015,157.4208095,154.895977,129.4983985,4020.999973,1436.740172,0.3082,516.7011535,21762.49667,298.5167745,9.99875,3247.960992,3398.000107,20.73688,4.379853,1551.240319,11.281955,1.764073,0.384976,3.743502,58.4754985,4.034978,7916.212414,3.6409935,4.762502,97.374743,3.7510115,1.348975,33.883502,35.76099,6.8003795,32.9268,2545.000095,41.991917,3689.858943,25080,18.75755
2/4/2025,3.6729985,95.8749855,1053.370755,1.608462535,121.8978175,1.893399,0.3769795,6.922371,5.808578,1.442775,0.911775,985.649846,7.195801,4162.42,24.4297,50.366096,126.425004,0.96851,0.804418,7.792525,395.605016,16326.75,86.94252575,141.390108,156.1751995,155.266016,128.999905,3984.847705,1457.646035,0.30871,517.8559675,21552.78281,296.8289705,10.048501,3247.960992,3398.000107,20.39616,4.468102,1483.430139,11.367665,1.777525,0.385002,3.7345005,58.665023,4.096142,7813.11958,3.640967,4.8177,99.748589,3.750742,1.359885,33.86048,35.976935,6.718082,33.002052,2551.539086,41.441413,3676.530762,25300,18.731605
2/11/2025,3.673014,96.093009,1056.000099,1.59558979,121.606493,1.897131,0.376882,6.9404905,5.788296,1.433745,0.91135,961.890397,7.30525,4136,24.34665,50.283976,126.049887,0.970826659,0.809333253,7.789215,393.011975,16343,87.48085,142.2599275,158.146808,151.721501,128.999894,4014.999855,1452.970222,0.30867,508.5027595,21730.00006,297.063058,10.045003,3247.960992,3398.000107,20.633355,4.469847,1501.709889,11.225745,1.77552,0.3850005,3.711036,58.121015,4.062765,7888.907795,3.6409975,4.831497,96.6259835,3.7507305,1.35619,33.970098,36.006125,6.7961985,32.863902,2571.178508,41.6477985,3678.25839,25400,18.447865
2/18/2025,3.672821722,94.81552683,1059.344739,1.574375465,121.5680236,1.864015858,0.376887476,6.910892875,5.711552205,1.418510388,0.900725915,947.7410563,7.262764194,4131.172459,23.87863472,50.59840826,127.0389779,0.953784379,0.792410295,7.780427379,382.849196,16216.19188,86.85666703,140.0698044,157.0881193,151.4817881,129.3231859,4001.139736,1440.883684,0.309261205,497.1670047,21692.955,295.6755139,9.962843198,2097.484861,3461.85463,20.28813675,4.433238219,1510.594115,11.10675142,1.745600595,0.384460024,3.697905214,58.02243394,3.964870316,7917.346182,3.642095182,4.746400415,91.49707086,3.747350226,1.341335106,33.68829211,36.23496199,6.783285581,32.69792225,2600.582909,41.63321214,3678.209492,25471.301,18.42613636
2/25/2025,3.67301,94.34950982,1060.054093,1.576754333,121.4670895,1.86875,0.376863,6.9229615,5.780299,1.427255,0.897265,943.830181,7.248101,4117.75,23.9002522,50.599255,126.774997,0.955863025,0.792435,7.774875,383.530015,16289.95,86.68835,138.703029,157.671158,149.949501,129.509472,4017.999931,1430.259611,0.30847,499.945044,21699.99977,295.5618285,9.942994,2099.976133,3462.560662,20.483303,4.4150015,1501.870272,11.129915,1.74543,0.384998,3.6830065,57.939892,3.96111,7895.907728,3.64075,4.757303,87.752986,3.749649,1.339215,33.550274,36.46433,6.789,32.714986,2584.000039,41.754114,3674.878283,25470,18.382575
3/4/2025,3.672599,95.44910133,1063.689887,1.6089259,121.3341475,1.866387,0.376914,6.9260195,6.024028,1.449305,0.896903,950.60296,7.285006973,4125.974392,23.858301,50.633797,128.700162,0.95374,0.787375,7.777345,388.819071,16550.85954,87.472681,140.196085,156.859416,149.397501,129.397826,4008.815931,1461.846568,0.309152,498.204872,21675.46403,295.150041,9.97821,2099.57156,3470.489058,20.74985,4.459217,1498.940293,11.196685,1.782245,0.3849975,3.709315,57.961908,4.028867,7928.836011,3.639697,4.796857,89.45526,3.749815,1.3512,34.224128,36.459803,6.786969,32.939586,2588.424848,41.641023,3676.659578,25539.58606,18.60399
3/11/2025,3.672699,91.70190519,1065.357398,1.592204581,121.5601285,1.804695,0.377001414,6.927802,5.855498,1.442659913,0.87971088,941.9256147,7.258898054,4181.25,23.08502987,50.602901,129.1999515,0.922324167,0.776263417,7.768333499,368.689649,16333.62309,87.35001748,135.2901885,157.2337725,146.9603152,129.5000648,4025.027514,1459.785777,0.308080321,490.9299805,21660.00007,295.570159,9.7425005,2098.137521,3471.48302,20.35084437,4.4249965,1531.414877,10.7619624,1.755192482,0.385002,3.6704975,57.4439785,3.87142,7926.680141,3.6410075,4.589449,87.624629,3.7514005,1.3326525,33.909329,36.576449,6.795019,32.88615,2626.99981,41.339081,3671.450185,25527.5,18.332449
3/18/2025,3.672697626,90.875003,1067.580856,1.566931478,121.5369365,1.791104626,0.376870383,6.9118825,5.686826713,1.429592668,0.881282604,920.8392924,7.232976446,4073.25,22.93591969,50.5076755,129.000073,0.915855753,0.770134196,7.76980259,364.5720935,16386.775,86.91824049,133.8100795,156.6618025,149.3788579,129.49978,4012.500057,1442.247471,0.30798536,498.754222,21660.00007,296.4708155,9.6474995,2098.174796,3472.901376,19.96222289,4.4435005,1542.854109,10.54396759,1.717112785,0.384986,3.660989,57.274994,3.8333245,7949.609219,3.6409815,4.5591,83.451107,3.7507475,1.3300975,33.593477,36.6508725,6.7897845,32.967448,2647.888504,41.470095,3669.260895,25530,18.0924845
3/25/2025,3.672998,91.3496657,1068.539944,1.590760861,121.5950465,1.810685,0.376920784,6.930521,5.761957221,1.431915488,0.883088395,928.4382943,7.253617337,4145.66,23.07897739,50.59899648,129.195457,0.925988087,0.774002795,7.774125727,369.324685,16566.43358,85.532175,133.4069762,157.125883,150.8972627,129.500776,4015.000013,1469.124995,0.308290137,503.494186,21659.99988,296.945185,9.5775,2098.09179,3482.348113,20.04016105,4.436214723,1520.585682,10.5239346,1.746656682,0.3849105,3.6495,57.3240075,3.866925,7975.279381,3.640775,4.607251,83.8751915,3.7512805,1.339182,33.9804145,37.975352,6.8067245,33.0278495,2670.000503,41.70199,3667.621418,25640,18.255699
4/1/2025,3.6729885,91.55002083,1073.133034,1.602300905,121.526191,1.8077995,0.376918454,6.934995,5.701085425,1.439037111,0.883710973,949.5888082,7.265409923,4184.5,23.05483349,50.57162914,130.0449815,0.924267809,0.773977555,7.7798,371.9869897,16564.56023,85.46904274,132.0587947,157.3974952,149.828888,129.5339059,4002.690308,1472.112711,0.30853799,503.8584686,21691.02765,296.155485,9.627487956,2098.180705,3491.932345,20.47640339,4.435983411,1535.725607,10.50878891,1.763590509,0.3850235,3.6658845,57.2933115,3.857355,7988.299276,3.6404765,4.5999,83.973908,3.7505205,1.342816,33.941781,37.9469075,6.785891,33.236569,2650.287273,41.435096,3662.624316,25570.06118,18.30937
4/8/2025,3.672997,90.14913284,1075.247715,1.667945432,121.5502205,1.7914015,0.376854849,6.9280815,5.916319254,1.42342625,0.858594783,989.1498417,7.308470407,4392.25,23.09801909,51.3837985,129.7040595,0.915757315,0.785035704,7.769201832,372.4378366,16561.6262,86.03945286,132.5191109,157.4803135,147.7434143,129.5043606,3999.295257,1464.123985,0.307887542,518.2850841,21655.84035,297.9753892,9.540949518,2098.120406,3508.794643,20.70134337,4.471682113,1560.71328,10.96014887,1.804858558,0.384999,3.6734995,57.367521,3.910968,8031.275121,3.640469,4.5571,85.3174425,3.75229,1.348906,34.512772,37.98171,6.755473,33.100401,2678.646493,41.260188,3687.363798,25791.2937,19.5923985
4/15/2025,3.673201459,87.85022836,1196.235469,1.581327702,121.4969225,1.723633293,0.376888651,6.9345115,5.855599979,1.390037087,0.816386094,966.430203,7.309193282,4309.25,22.14235608,50.99399621,130.000178,0.882406153,0.759161658,7.756120582,362.0507404,16783.01798,86.0575564,127.9944186,157.8372103,143.3262036,129.7175096,4000.000062,1421.257487,0.306705417,517.3123709,21676.18567,298.1295204,9.317457718,2098.036348,3535.142588,20.0853539,4.414995679,1604.932286,10.58011063,1.704077532,0.3849805,3.7398775,57.0549835,3.777756,8000.560999,3.6404995,4.390603,82.2436805,3.7528135,1.3167475,33.52723,38.0409175,6.803006,32.387973,2670.142998,41.4057275,3671.155922,25775.04031,18.8917505
4/22/2025,3.672996,86.6490724,1124.790402,1.558148142,121.4280345,1.7210995,0.376947943,6.9065815,5.80750031,1.383277144,0.809402535,961.4993725,7.293665971,4281,21.74096048,50.52131584,130.9457346,0.869194866,0.747650975,7.759398601,353.9537917,16806.46617,85.15845496,126.0900402,157.9657915,140.969749,129.8498645,4015.000016,1422.362498,0.306615,523.173782,21687.49957,298.915112,9.275013,2098.077985,3569.916089,19.71298659,4.370064685,1604.155565,10.36941974,1.667105323,0.384999,3.763012,56.609811,3.7108645,7999.892213,3.640599,4.3230515,81.112883,3.751987,1.3052325,33.1649095,38.2411,6.7813955,32.455951,2687.498862,41.4176935,3663.55899,25892.5,18.700315
4/29/2025,3.673099,87.1008816,1178.004948,1.556523197,121.5318855,1.7127975,0.376859782,6.9264765,5.654803866,1.383245946,0.821440966,943.9850495,7.291371008,4217,21.8787411,50.83851944,131.1004584,0.876744999,0.744641838,7.756604457,354.3938611,16830.1765,85.15928829,127.990032,158.455858,142.2390805,129.500613,4002.9999,1438.479865,0.306592863,512.978229,21637.4986,299.5802244,9.2745095,2098.139854,3571.775495,19.59273808,4.360659248,1605.178136,10.34985654,1.676030564,0.3850195,3.666275,56.4200675,3.741486,8009.659237,3.6459765,4.364398,82.649636,3.7511145,1.3095125,33.371558,38.4464975,6.7890055,32.452099,2690.000223,41.6997175,3668.631659,26000,18.5158525
5/6/2025,3.6729875,86.40027648,1202.0027,1.547472591,121.386056,1.729198,0.376972328,6.9182165,5.68792838,1.382239285,0.822277425,940.5469964,7.271724193,4296.75,22.03913881,50.66412077,131.0308985,0.884091221,0.752357702,7.750553773,356.4884193,16430.35125,84.21522278,129.8800035,158.460829,143.7263417,129.13006,4005.989144,1375.37017,0.306615397,516.762901,21609.79631,299.27324,9.2169215,2098.03498,3573.1396,19.68600983,4.2050065,1605.418726,10.39816674,1.677254424,0.385,3.6625015,55.669906,3.7742875,7985.55883,3.6410065,4.4012485,80.4994805,3.7506125,1.2907025,32.941375,38.5526635,6.7861195,29.1748985,2686.000152,41.54171,3653.738038,25957.5,18.2690475
5/13/2025,3.6729905,88.67552516,1130.502349,1.568941242,121.5178229,1.762519386,0.376918784,6.925103878,5.670477747,1.397698057,0.844713348,946.3145456,7.200534522,4224.625,22.50514549,50.5006875,133.1231782,0.90105108,0.758824657,7.791197974,364.7091246,16698.225,84.95045574,132.2009033,158.9294586,148.2048964,129.3800053,4006.333389,1415.550277,0.30739,512.6388314,21645.75516,298.3091,9.3368663,2098.077431,3573.46161,19.6233515,4.2970165,1602.254664,10.44511188,1.705793262,0.384993,3.6460055,55.765014,3.81978,7974.778808,3.641916,4.598402,80.9996915,3.7507245,1.30532,33.365511,38.7974505,6.7753045,30.4080055,2694.999923,41.4625125,3652.678001,25971,18.2669975
5/20/2025,3.673004194,87.39792919,1138.490109,1.549870974,121.5053295,1.741305429,0.376998064,6.93490638,5.646008795,1.39598326,0.83539972,938.6323653,7.213714896,4170,22.15327245,50.04998402,135.0725779,0.890608753,0.748715966,7.821492005,357.868919,16432.6879,85.36976193,129.9213974,158.9711731,145.0527171,129.2732756,4004.020911,1391.902098,0.307308396,510.9539188,21627.69013,299.9313035,9.252447183,2098.077409,3573.802722,19.30256364,4.295261323,1601.531334,10.31272756,1.687485216,0.385003,3.687187,55.7380125,3.7813225,7988.687568,3.64531,4.494799,80.750026,3.7510045,1.2956225,33.1721725,38.849249,6.7889095,30.1607985,2684.999899,41.621784,3657.821432,25947.5,18.0858505
5/27/2025,3.673098527,86.202615,1143.479777,1.542115166,122.006035,1.719726194,0.376996135,6.93490638,5.66844508,1.373377691,0.820084991,940.8877841,7.188786133,4152,21.84424855,49.80039841,135.9477495,0.877903391,0.736950903,7.83653,354.011855,16241.3715,85.12755594,126.7400185,159.068267,142.5540598,129.3343503,3998.816002,1367.153443,0.306422756,511.0431017,21609.8025,299.729275,9.19112059,2098.139506,3574.062746,19.24722121,4.215002,1583.034633,10.09454259,1.667397101,0.3849825,3.6608005,55.379842,3.7260255,7981.939148,3.645386,4.447498,79.754493,3.7508205,1.2837175,32.580625,38.9956935,6.8011955,29.930105,2695.232001,41.6416075,3649.238737,25912.5,17.8454485
6/3/2025,3.6724975,86.04626285,1180.734099,1.541368975,122.3162448,1.707625137,0.377001872,6.921540657,5.6739515,1.3715475,0.8163325,939.0422967,7.203298922,4132.02,21.71502752,49.67983495,136.22499,0.876782442,0.739795718,7.844712711,352.0742577,16295.8,85.3669929,126.0706322,159.5501975,142.59425,129.2253557,4001.78678,1377.069819,0.306575,511.4541845,21582.29963,299.332129,9.1863053,2097.999296,3574.139239,19.20462382,4.2564985,1583.302722,10.070248,1.654214995,0.38475,3.616476,55.6549825,3.7170345,7984.521465,3.652603,4.4197015,79.135807,3.751127,1.2851875,32.516145,39.1762625,6.7861,30.0007005,2687.501495,41.645307,3639.038793,26029,17.8511425
6/10/2025,3.6724995,85.87438828,1185.259075,1.53470152,122.2062705,1.713931194,0.377014752,6.93490638,5.55901523,1.370054411,0.821445102,936.3598533,7.181919708,4139.56,21.69082366,49.64324366,134.501218,0.875233304,0.7377855,7.847501886,351.6940478,16302.925,85.7560943,126.0244723,159.613821,144.6135799,129.35485,4017.520418,1353.679945,0.306027188,509.1824847,21584.99985,299.0393237,9.165697625,2098.070146,3580.711911,19.05302639,4.231039481,1558.099226,10.06375458,1.652995121,0.3847365,3.6339855,55.802248,3.737197,7980.242116,3.640775,4.411201,79.2141205,3.750582,1.285645,32.653252,39.3282825,6.7822145,29.9289005,2639.999909,41.5504125,3620.139662,26042.5,17.7295675
6/17/2025,3.6724995,84.95499585,1182.262498,1.536411048,122.346037,1.690049239,0.37704868,6.92224199,5.492128731,1.357896084,0.814057281,936.2928247,7.180896966,4100.5,21.49829375,50.26145109,134.2983605,0.865855219,0.737372043,7.849689909,348.4325354,16305,86.10742176,124.3486452,159.5348685,144.831356,129.3834399,4008.333392,1363.565235,0.306071239,513.5485032,21677.50207,300.9505655,9.124861248,2098.149375,3581.123956,18.93196514,4.246993391,1543.22498,9.914294431,1.653777077,0.384749,3.6030105,56.4570075,3.699251,7973.43957,3.6404995,4.3481505,78.6231345,3.7518775,1.2818975,32.4537905,39.394854,6.785399,29.1127495,2579.431002,41.557383,3603.361224,26061.5,17.835775
6/24/2025,3.672498,85.16325319,1171.495028,1.543728051,122.3483137,1.692800024,0.377315006,6.921514657,5.495135165,1.373117562,0.812826336,948.1791972,7.178005632,4084,21.4077813,50.67877807,134.575382,0.862409097,0.738379296,7.849859909,347.3709451,16437.5,86.356875,122.7814532,159.286779,145.8755246,129.3515049,4015.02138,1366.048407,0.305829055,521.5648654,21580.00005,300.6793325,9.127509383,2098.100929,3583.047113,19.08143976,4.259895,1550.304127,10.0749665,1.668425429,0.384748,3.6010165,57.183981,3.686534,7975.66034,3.640499,4.3527475,78.499339,3.7519965,1.2830075,32.7852485,39.6702675,6.791019,29.6890015,2694.999968,41.875912,3605.568505,26215,17.83671
7/1/2025,3.6724985,83.34868977,1204.51276,1.520478952,122.7004192,1.65962,0.377179487,6.924902,5.431244509,1.360549811,0.792151613,931.8120937,7.163966976,4089.5,20.9791712,49.590101,135.3501745,0.848135057,0.727978204,7.849894909,338.7611938,16173.23305,85.70432046,120.6113768,160.513233,143.6312495,129.3599965,4019.999854,1349.847499,0.305569367,519.6802672,21550.00008,299.829494,8.996758764,2098.171435,3583.772634,18.75196616,4.199804667,1537.425573,10.07709677,1.641335256,0.3847505,3.5425005,56.3192515,3.599101,7980.040684,3.640599,4.305501,78.200316,3.7505865,1.2706595,32.425668,39.8308925,6.7909975,29.220598,2627.101011,41.786484,3595.111347,26120.5,17.708015
7/8/2025,3.672501,83.0498098,1261.981939,1.535853733,122.329171,1.668408193,0.376994801,6.9111835,5.488825735,1.366407742,0.7967625,942.2756569,7.174785099,4032.1,20.97947978,49.67073362,135.7750135,0.851536263,0.733556347,7.849854909,340.4786012,16330.8,85.89208139,121.4561028,159.6289285,145.8921509,129.3487562,4021.000109,1371.795114,0.305258967,519.4181075,21550.00011,300.9118925,9.004419203,2098.027178,3584.943229,18.6375128,4.237499,1534.357392,10.1049574,1.662892091,0.3847345,3.565502,56.598351,3.617351,7970.358173,3.6406,4.3083495,78.6969885,3.750255,1.2783375,32.6032505,40.0091515,6.778991,29.0828515,2640.190983,41.8443855,3587.769504,26145,17.838199
7/15/2025,3.672501,83.85025693,1278.978051,1.52657903,121.001507,1.674984768,0.376974064,6.9347975,5.5886,1.37018638,0.797491962,967.1639942,7.167340596,4010.5,21.13712068,49.45922772,136.5501175,0.85682341,0.744327354,7.849901575,342.7215782,16268.1,85.96939433,122.0450504,160.2071355,147.7366517,129.3494809,4020.999798,1384.106522,0.305641077,524.2707468,21535.00015,300.8792995,9.026295129,2098.179916,3584.217048,18.74286394,4.2524975,1528.243829,10.13616893,1.672389231,0.384749,3.566499,56.668986,3.6465495,7747.067996,3.6406,4.3512485,78.099339,3.750502,1.2821575,32.463065,40.2321495,6.7877095,29.359537,2591.851002,41.8201085,3583.659667,26125,17.899425
7/22/2025,3.672499,83.35743718,1273.985179,1.532461363,121.5113594,1.672488877,0.377010276,6.9012915,5.567477244,1.367980281,0.798832046,954.1328858,7.176079549,4035.34,21.06786849,49.24637605,136.701992,0.855733764,0.741699385,7.849754909,341.4968509,16323.2885,86.19379293,121.8436073,159.7181755,147.6356776,129.3472779,4020.000111,1384.44496,0.305311848,529.9501951,21565.00019,301.3797485,9.028523052,2098.138047,3585.961543,18.67059987,4.2315005,1529.979675,10.174215,1.676656572,0.384751,3.559795,57.060053,3.631831,7596.120018,3.6406,4.3368505,78.0474115,3.7517955,1.2811825,32.239838,40.4144875,6.7804085,29.3519515,2590.000281,41.803609,3578.931462,26155,17.6229775
7/29/2025,3.6725,83.94932552,1293.916198,1.534265013,122.5794152,1.686933206,0.376937995,6.938099,5.588703975,1.374001643,0.803388436,959.2000314,7.177785178,4175.34,21.21238663,48.79216559,137.7982885,0.862609971,0.74884567,7.849417855,342.7400569,16405.42474,86.77342507,122.6497829,160.498059,148.5224301,129.3502269,4020.00004,1393.539968,0.305471811,542.8394527,21569.99991,302.0375535,9.058489005,2098.039233,3591.291462,18.77078717,4.232641864,1529.900745,10.19271225,1.675343353,0.384753,3.6445,57.185996,3.676349,7494.022303,3.640775,4.3747015,82.226918,3.751289,1.2869825,32.510492,40.5658495,6.8035075,29.671752,2570.000143,41.846308,3586.491682,26200,17.906751
8/5/2025,3.672499,84.4007154,1357.506448,1.544270356,121.5657798,1.68849588,0.376975995,6.914247485,5.497376371,1.376735547,0.80696908,966.437996,7.178951863,4098.65,21.22128302,48.45027113,136.1551267,0.863151868,0.751948799,7.849459521,344.3306563,16371.20404,87.88976119,123.4457014,159.2666094,146.7570459,129.2740129,3989.032517,1382.814848,0.30549092,538.7924565,21564.58334,299.6782127,9.070858781,2097.877442,3591.955131,18.8825261,4.236713453,1523.140034,10.25403402,1.689368435,0.3847465,3.6330025,57.455011,3.6889645,7439.878574,3.615679,4.379353,79.634132,3.7516755,1.286575,32.2984835,40.677449,6.732379,29.896899,2511.798024,41.504571,3557.673936,26176.5,17.9055505
8/12/2025,3.6725015,83.70671395,1321.261199,1.534732981,121.5620951,1.683851187,0.377003609,6.937711,5.441719379,1.37775,0.811909052,969.6307583,7.19038587,4029.54,21.06293225,48.49388308,139.550111,0.860972339,0.74447457,7.849833242,340.6540012,16287.38735,87.66515929,123.1158149,160.172236,148.2346282,129.3378953,4006.999951,1391.956002,0.305771432,543.646715,21599.99985,300.878487,9.057990338,2097.939541,3593.833734,18.67424477,4.240292701,1534.07901,10.22241653,1.683392501,0.384751,3.528995,57.1098725,3.665159,7493.269085,3.640501,4.359449,79.500508,3.7529215,1.2869365,32.4587495,40.717001,6.7899915,29.9631485,2515.00007,41.483903,3564.540914,26233,17.7578475
8/19/2025,3.672501,83.79913375,1292.744752,1.539503743,121.487353,1.676587564,0.37701368,6.9225105,5.4372,1.380260417,0.807371114,964.1666394,7.185338723,4015,20.96880132,48.37983122,141.1502205,0.856938416,0.740217106,7.820639212,338.5650575,16218.13476,87.29656155,122.9115437,160.101163,147.8608883,129.3416359,4005.000119,1389.241897,0.305683394,538.7134426,21602.49962,300.962238,9.015557491,2097.84902,3596.286985,18.77928386,4.224878538,1533.706166,10.20589376,1.68728327,0.384753,3.5600045,57.0749985,3.640041,7320.46752,3.640775,4.3349495,80.5879845,3.7523185,1.2844025,32.529889,40.8953015,6.775312,30.0458015,2604.268999,41.2230055,3556.71092,26300,17.628845
8/26/2025,3.672501,83.59737626,1358.998939,1.540618466,121.7132198,1.67773226,0.377021157,6.921077,5.411184137,1.385316775,0.805258406,961.4182712,7.151857916,4025.75,21.09699382,48.49493508,141.5033441,0.858990301,0.742298193,7.810876458,341.2706499,16274.275,87.608425,123.3196793,160.0599275,147.3949602,129.3404813,4006.000106,1387.837584,0.30561,535.0074381,21620.00007,301.8424225,9.035062579,2098.00834,3595.490642,18.66915481,4.209908972,1536.63832,10.11281837,1.706931882,0.384745,3.5199645,56.774987,3.6593715,7243.268177,3.640775,4.3416985,80.7322375,3.751904,1.2841875,32.4504085,41.006165,6.7908245,30.4579515,2504.999896,41.457595,3560.571026,26305,17.595025
9/2/2025,3.6724995,83.66480662,1376.727195,1.526595134,121.5978487,1.670214942,0.37700368,6.906402,5.440566803,1.37515,0.8010375,968.3841314,7.134243248,4015.1,20.85543089,48.53721877,141.8217895,0.854181252,0.738593266,7.796997676,337.4385437,16427.95329,88.01042609,122.4330006,160.1321815,147.2882515,129.2187546,4005.850286,1392.779904,0.305585592,538.3509265,21683.79385,301.771754,8.998591235,2098.068699,3596.306874,18.65567393,4.2249855,1530.346204,9.993393299,1.694207485,0.3847535,3.530207,57.135007,3.640795,7219.40035,3.645097,4.332055,80.5762,3.7526785,1.2841975,32.3098105,41.1486525,6.784423,30.637051,2502.98049,41.3781125,3544.458548,26345,17.6133225
9/9/2025,3.6725005,82.53335798,1423.006172,1.51598993,121.6956001,1.664698339,0.377016752,6.932204,5.422330831,1.380155,0.792900218,970.6246865,7.129733213,3940,20.68182442,48.22825492,142.199711,0.849756933,0.737831329,7.793154152,334.1242977,16480.30542,87.98118327,121.8500685,160.0038705,147.3622554,129.3210989,4005.000142,1384.441871,0.305270102,534.3244814,21631.6812,301.593117,9.010663753,2098.114135,3594.974309,18.65323578,4.2101135,1506.367916,9.977376098,1.681709881,0.384748,3.512075,56.5598275,3.6104905,7185.331743,3.640975,4.310502,83.142508,3.7517975,1.2825075,31.674543,41.2743005,6.7645085,30.3471495,2498.590997,41.126414,3507.979634,26415,17.47716
9/16/2025,3.6724995,82.39973621,1466.018355,1.498739186,121.7161827,1.662588464,0.377031128,6.922707,5.316607035,1.377429301,0.794716783,951.5216736,7.119078205,3908.07,20.67439945,48.16977842,143.899723,0.850134109,0.735091428,7.780267379,331.0669346,16387.78087,88.12236828,121.739994,160.551922,147.4232505,129.3415153,4007.000062,1386.075258,0.305236087,540.5654002,21670.00017,301.94953,8.985307366,2098.052812,3597.061151,18.36182546,4.204980942,1499.225141,9.823891783,1.675456423,0.384749,3.492501,57.1015505,3.610157,7137.057552,3.640775,4.304049,82.9994815,3.7508885,1.28047,31.819089,41.3133,6.7849115,30.210801,2470.701,41.1880765,3503.459828,26385,17.3659125
9/23/2025,3.6725005,82.31015676,1410.252477,1.515650997,121.7577838,1.660118246,0.377039157,6.9221975,5.336059432,1.382934794,0.792582189,956.7692403,7.114707478,3852.95,20.54721613,48.16365295,143.1999385,0.847588716,0.740084259,7.769453029,329.8797068,16588.7,88.30558946,120.8616213,160.3027945,147.7410065,129.3302949,4006.999914,1392.479446,0.30522389,543.4304483,21664.99998,302.399467,9.029283695,2098.186419,3597.061151,18.36180359,4.198143938,1493.38238,9.922145846,1.705605062,0.3847485,3.4839885,56.940081,3.607234,7118.142366,3.6407755,4.3022995,83.508641,3.7506755,1.2822145,31.7794365,41.395748,6.7795015,30.2301515,2467.501038,41.3579075,3500.149282,26417.5,17.3439835
9/30/2025,3.6725,82.5739396,1357.975184,1.520617675,121.7417177,1.667729929,0.377072302,6.9279945,5.323734926,1.391988957,0.79761679,965.4397865,7.119457308,3920.75,20.72324556,48.05077376,144.7004945,0.852594873,0.744453357,7.783044193,333.4242219,16650.74829,88.70802709,120.8965964,160.6230665,148.6099976,129.3361589,4009.999903,1401.004846,0.305511213,548.5761157,21675.00011,302.7290865,9.084889426,2098.127529,3596.525931,18.36311119,4.2144995,1485.081321,9.989210843,1.730618956,0.384755,3.479499,58.019896,3.6395485,7089.200939,3.6405995,4.3331485,82.8840595,3.750408,1.290035,32.2252415,41.58235,6.7922815,30.473049,2454.999949,41.2847815,3491.250267,26421,17.26565
10/7/2025,3.6724995,82.40012532,1429.769103,1.511393706,121.7396993,1.66999171,0.377001414,6.9325085,5.311424152,1.394738929,0.795201918,961.6228245,7.119253892,3863.7,20.765968,47.58995989,145.0904687,0.854308609,0.741868187,7.782958942,332.1087697,16604.76441,88.72370737,121.077517,160.148049,150.531491,129.3393303,4019.999979,1410.915879,0.306175,543.5935396,21670.00007,302.2805175,9.113996771,2098.176607,3597.061151,18.34008142,4.214542897,1471.406022,9.922360167,1.712601682,0.384753,3.462005,58.215001,3.6334995,7002.088457,3.641275,4.3487105,83.080039,3.750803,1.2915875,32.489524,41.7049275,6.775518,30.524996,2455.00009,41.2938005,3450.478795,26365,17.174599
10/14/2025,3.6725,83.45302619,1348.487582,1.535622598,121.7798047,1.690649254,0.37701868,6.9394235,5.4659495,1.40408361,0.804657723,957.0499115,7.128666302,3927.748064,21.03748085,47.7003975,146.8529075,0.86527062,0.750267963,7.7791775,338.8848848,16555.1638,88.66621786,122.4545854,160.8160875,152.5259965,129.2318689,4023.011665,1427.25108,0.306938386,537.5695917,21719.4746,302.779105,9.191238235,2098.095769,3597.061151,18.467101,4.2277475,1460.198033,10.09345785,1.749588796,0.384746,3.437909,58.1849835,3.686485,7051.78022,3.658719,4.4024985,81.153875,3.750315,1.29879,32.598497,41.8162175,6.7925155,30.7060485,2455.909506,41.6580965,3432.147686,26345,17.3184525
10/21/2025,3.672499,82.96411807,1477.492606,1.534542556,121.907022,1.679531649,0.376961597,6.909884,5.3735995,1.403156638,0.791829583,950.8201617,7.11986076,3883.5,20.85255441,47.50281408,150.0980165,0.858323052,0.745759426,7.768363499,333.7062728,16549.425,87.88047821,121.5701917,161.2410745,150.5691459,129.2242056,4030.451923,1420.265115,0.306051872,538.2233516,21712.98049,302.7551606,9.203175664,2098.126111,3595.849336,18.39498591,4.223918359,1467.112879,10.04243149,1.740273342,0.384758,3.373502,58.1649985,3.635819,7087.968171,3.641375,4.3665515,80.925545,3.750396,1.2931965,32.5359485,41.9443515,6.785715,30.6100495,2461.942042,41.778394,3475.512392,26342.5,17.2063025
10/28/2025,3.6725,83.07610535,1432.496531,1.525289424,122.3713797,1.678717664,0.377001414,6.929987,5.374155044,1.399236772,0.794595,941.0986846,7.110401337,3845.38,20.87882403,47.4516126,151.3033634,0.85844414,0.749629166,7.767707867,333.6652522,16573.97207,88.22312342,122.7597653,160.3707545,152.6782999,129.2520953,4025.000089,1432.657652,0.306570332,537.480384,21700.00005,304.1311294,9.202785856,2098.02882,3593.947038,18.39546077,4.2065025,1457.741901,9.99203301,1.732223339,0.384749,3.38698,58.7750055,3.6337875,7084.580524,3.641275,4.36445,79.2489795,3.750191,1.2962625,32.63891,41.9650015,6.792106,30.6208515,2470.692017,42.125099,3479.162483,26305,17.233525
11/4/2025,3.6725,84.15051017,1480.250052,1.53049909,122.081375,1.698948616,0.376985135,6.9339885,5.356628465,1.4063175,0.80887456,939.0156381,7.140067507,3856.5,21.13759236,47.20235205,152.6249925,0.868894805,0.762018114,7.772139481,336.4310255,16669.62238,88.72159137,126.2972702,160.48985,154.3625923,129.2224489,4015.00023,1436.510647,0.307161958,525.3713169,21639.99996,304.4031947,9.307684998,2098.11751,3586.804969,18.4969935,4.203147942,1441.5725,10.12835455,1.755148692,0.384751,3.376501,58.729948,3.6961525,7095.441896,3.6409025,4.4191365,80.8544765,3.7503875,1.305855,32.5034685,42.073751,6.771591,30.917151,2459.612514,42.046778,3479.142118,26312,17.3310505
11/11/2025,3.6725015,83.68247962,1419.989714,1.530397525,122.1853046,1.691918997,0.377041449,6.938293,5.291169097,1.402310955,0.805078183,938.135268,7.119557308,3753.72,21.01011727,47.259974,153.6322115,0.865190364,0.759105472,7.77379228,331.839556,16668.06312,88.707225,126.4818644,161.0387895,154.1440676,129.2227946,4014.999783,1456.724858,0.307095,523.7494335,21722.39642,304.0954207,9.2619805,2098.076159,3581.276235,18.38150905,4.161656279,1436.695826,10.13166651,1.77170486,0.384749,3.3765875,58.9699115,3.663855,7087.088804,3.64631,4.399251,81.339608,3.7505015,1.3024625,32.341957,42.2385995,6.7857805,30.9810515,2455.603496,42.0696155,3511.532126,26300,17.143275
11/18/2025,3.6725005,83.33301125,1386.995996,1.540802154,122.249926,1.687514926,0.377027419,6.934379,5.329928135,1.405461289,0.7965325,924.2222089,7.108046847,3756.25,20.84810825,47.05424051,154.750322,0.863022476,0.76056019,7.77423206,331.7486754,16746.75673,88.63645827,126.820038,160.408109,155.286496,129.5000648,4016.000034,1466.583941,0.306864002,522.0597613,21689.99992,306.990408,9.260108339,2098.122378,3573.123238,18.43334272,4.151499,1445.080482,10.1095717,1.769576651,0.3847575,3.3604995,59.0098975,3.6541175,7039.517966,3.640875,4.3883985,81.3312615,3.7502185,1.3033125,32.467462,42.3204015,6.780721,31.1900775,2441.381012,42.0563225,3572.768834,26355,17.170999
11/25/2025,3.6725,83.915,1424.412,1.547077572,122.3,1.69732352,0.377,6.9275,5.387931035,1.411032055,0.808354015,940.494812,7.10237917,3793,20.97541708,47.73,153.15,0.86779567,0.762796871,7.77977,331.8130017,16651.9,89.107,127.565,160.871,156.675,129.6,4009.333333,1472.777025,0.3074,519.77,21705,307.6923077,9.29,2097.270168,3568.714286,18.51023117,4.131115703,1455.177038,10.22913684,1.780119624,0.385,3.3805,58.885,3.67512,6998.59,3.6412,4.4138,78.732,3.7506,1.3043,32.344,42.4491,6.8002,31.432,2469.05,42.4972,3626.23,26375.5,17.2918
12/2/2025,3.6725,83.3,1451.256,1.528742266,122.1,1.685,0.377,6.9324,5.356743198,1.40019901,0.804881877,928.1968924,7.073062893,3810.15,20.81849334,47.52,154.375,0.861645572,0.757244463,7.789916042,328.180832,16625,89.61348234,127.51,160.665,155.7444907,129.25,4004,1471.13,0.306789595,510.85,21695,308.4933724,9.2572,2097.270168,3557.359431,18.31181759,4.133,1447.064001,10.13410137,1.748465721,0.385,3.3725,58.41,3.64466,7001.46,3.641,4.3837,77.725,3.753,1.29706,32.073,42.4514,6.7759,31.426,2467.02,42.4339,3598.57,26370,17.1046
12/9/2025,3.6725,82.915,1434.365,1.510437121,122.25,1.678869122,0.377,6.9349,5.431815263,1.385308268,0.806697192,923.2755171,7.071167812,3822,20.85499862,47.47,155.4596,0.859091768,0.750604237,7.77866,330.5182562,16692.9,90.1303,127.97,160.321,155.912,129.25,4006,1469.52,0.307098506,510.91,21688.1,308.5683724,9.2642,2097.270168,3547.049645,18.2725,4.122011542,1451.249405,10.12833571,1.732381678,0.385,3.3638,59.14,3.63917,6877.4,3.6451,4.3741,77.1053,3.7531,1.29782,31.893,42.5443,6.7753,31.187,2450,42.1593,3538.27,26360,17.0376
12/16/2025,3.6725,82.25,1438.226,1.50761913,122.2,1.664579113,0.377,6.9331,5.415,1.377507157,0.796141248,915.7509158,7.045113175,3819.82,20.70501738,47.43,155.05,0.851074695,0.748004698,7.780347379,327.3051211,16653.3,90.77717578,126.13,159.763,155.0697155,129,4004,1468.594391,0.3068,515.52,21665,309.1622975,9.1801,2097.270168,3547.049645,17.98362056,4.0935,1450.54,10.16673444,1.733162328,0.385,3.3715,58.913,3.58962,6714.37,3.641,4.3325,79.4231,3.7522,1.2898,31.535,42.6971,6.785,31.367,2482.5,42.2558,3560.97,26320,16.7825
12/23/2025,3.6725,82.2,1451.758079,1.501890506,122.2,1.662510391,0.377051173,6.9227,5.5915,1.374399377,0.790787572,909.4704545,7.036802477,3802.96,20.67835617,47.45,155.35,0.849668206,0.742168729,7.777892099,330.2945463,16767.9,89.60511738,125.7703434,159.578,156.5912562,128.9,4007.333333,1483.31,0.307340099,515.08,21635,309.5975232,9.134666182,2097.270168,3555.859431,17.97542759,4.071630619,1457.64,10.10328597,1.723484196,0.385,3.3665,58.67,3.58186,6755.31,3.6411,4.3219,78.8001,3.7502,1.28752,31.106,42.8266,6.7969,31.55,2485.98,42.0827,3602.61,26340,16.7097
12/30/2025,3.6725,81.9110311,1456.996181,1.493735659,122.29,1.662344571,0.37705,6.9285,5.57141532,1.368994235,0.78891,914.8315416,7.005744711,3731.15,20.61779127,47.67,155,0.849531059,0.740769549,7.777269647,328.2902045,16776.6,89.90220147,125.2220667,159.385,156.2799217,128.9,4015,1433.06,0.307,502.28,21625,309.8853424,9.104061356,2097.270168,3558.859431,17.98544977,4.056,1455.497038,10.03873032,1.722415516,0.38477,3.366,58.86,3.59077,6780.5,3.641,4.3277,78.5,3.7498,1.28545,31.623,42.9525,6.8017,31.391,2455,42.2527,3618.99,26285,16.6778
1/6/2026,3.6725,82.58,1469.75,1.491446554,122.28,1.6667,0.377,6.926,5.407664413,1.377389977,0.792232458,904.089566,6.988608568,3750.12,20.65646237,47.32,155.15,0.853737664,0.738927632,7.782000584,327.8654262,16743.4,90.23078877,125.829324,159.009,156.6355356,129,4020,1448.26,0.307,512.875,21600,309.95,9.159262824,2097.270168,3559.359431,17.92692983,4.062944433,1434.210115,10.04016064,1.729894304,0.385,3.3635,59.13,3.59595,6578.36,3.6413,4.3433,80.86,3.7505,1.28354,31.29,43.0413,6.8126,31.525,2479.97,42.4228,3630.71,26274.5,16.3766
1/13/2026,3.6725,82.79,1467.510582,1.489691336,122.2,1.6667,0.377045472,6.9412,5.376672043,1.387701223,0.797654494,884.171649,6.973014434,3715.39,20.81412669,47.15,155.8494,0.857552032,0.742238964,7.798852653,331.8230606,16823.3,90.13194475,125.88,158.75,158.271,128.95,4020.38,1472.07,0.3076,510.74,21636.9,309.1190108,9.214520242,2097.270168,3560.359431,17.92276739,4.059994661,1424.370712,10.0693382,1.731339457,0.385,3.3608,59.303,3.61121,6623.21,3.6488,4.3651,78.325,3.7501,1.28622,31.291,43.1475,6.7981,31.616,2499.73,43.3314,3606.43,26275,16.3993
1/20/2026,3.6725,82.88,1435.997983,1.490357388,122.315,1.6667,0.377,6.9327,5.37038464,1.387489946,0.797445673,888.3394444,6.959966696,3677.25,20.87265964,47.42,156.004,0.858927586,0.745184247,7.7983,331.1787542,16945.9,90.932,125.57,157.754,157.9184924,129,4026.01,1475.55,0.308,509.4,21617.4,309.7146716,9.2139,2097.270168,3561.359431,17.59626517,4.0529,1419.27,10.05937008,1.723707004,0.385,3.3577,59.505,3.6277,6664.37,3.6544,4.3741,77.5053,3.7502,1.28535,31.259,43.2727,6.7848,31.601,2525.31,43.2594,3483.52,26265,16.3995
1/27/2026,3.6725,81.11,1437.742253,1.44697907,122.36,1.6667,0.377015628,6.9137,5.28241009,1.371735761,0.777345056,864.6971175,6.953873275,3689.75,20.41066452,47.06,156.0053,0.842025492,0.731314904,7.797285478,321.282,16747.4,91.7,122.365,157.162,154.3389548,128.95,4030,1451.299405,0.3067,503.49,21539.4,309.5975232,9.08,2097.270168,3569.214286,17.34933158,3.969164649,1412.774689,9.77779236,1.677015252,0.385,3.3482,59.08,3.54198,6709.89,3.6397,4.2916,76.5246,3.7498,1.2704,31.255,43.3867,6.7848,31.5,2535.47,43.0443,3539.37,26187.5,16.0409
2/3/2026,3.6725,81.865,1451.908,1.434905512,122.3,1.6667,0.377025628,6.9424,5.261728947,1.366318436,0.778517138,865.8008658,6.942527222,3622.05,20.58289888,47.09,155.25,0.846994655,0.731030224,7.810499687,322.5433226,16774.9,90.5133101,123.008115,157.179,155.5010929,129,4025.5,1447.73,0.3071,505.025,21495,309.5975232,9.1454,2097.270168,3569.714286,17.37390723,3.957080788,1391,9.683979076,1.661308946,0.385,3.366,58.84,3.57519,6656.12,3.6413,4.3149,76.71,3.7503,1.27095,31.459,43.4806,6.7777,31.594,2588.49,43.1125,3575.69,26020,16.0176
2/10/2026,3.6725,80.95,1416.477393,1.411866031,122.2,1.6667,0.377,6.9203,5.193952597,1.35627,0.767409854,851.7887564,6.922810661,3670.01,20.35196705,46.86,154.95,0.840097872,0.730912673,7.815456475,316.5400557,16803.9,90.722,121.82,156.314,155.9050059,128.95,4033,1457.492974,0.3069,493.7235802,21477.5,309.3579703,9.1334,2097.270168,3576.214286,17.19829482,3.927,1362.18391,9.591133373,1.653418651,0.385,3.3585,58.485,3.535,6589.34,3.6413,4.2753,77,3.7504,1.2658,31.135,43.601,6.7705,31.554,2583.6,43.0798,3557.37,25910,15.9154
2/17/2026,3.6725,81.4,1399.286364,1.414147128,122.315,1.6667,0.377,6.9368,5.244769245,1.364098297,0.769980385,862.8163848,6.908462867,3657.82,20.48592226,46.69,155.5955,0.844434124,0.734354576,7.815421475,318.8147755,16815.8,90.761,122.44,156.445,153.2980124,129,4019.92,1444.28,0.3066,491.325,21429.4,309.2145949,9.1274,2097.270168,3570.214286,17.16868919,3.9,1351.265676,9.501793299,1.658223559,0.385,3.3547,57.975,3.55825,6537.95,3.6456,4.302,76.76,3.7503,1.26238,31.163,43.718,6.7825,31.367,2609.33,43.2303,3540.93,25970,15.9863
2/24/2026,3.6725,81.675,1369.226146,1.41678178,122.2,1.6667,0.377101173,6.8925,5.1724,1.370418101,0.775118831,866.7255633,6.907985631,3693.69,20.55243613,47.76,155.2081,0.848647892,0.741416254,7.819084821,321.8584392,16845.5,90.985,122.9454894,155.401,154.9358348,129,4011.22,1445.058353,0.3067,496.905,21374.3,309.3102382,9.1838,2097.270168,3570.214286,17.2574277,3.892268573,1343.948011,9.580180584,1.678556446,0.385,3.3506,57.665,3.58225,6449.15,3.6358,4.3249,76.6716,3.7516,1.26694,31.062,43.8486,6.7518,31.464,2567.83,43.1689,3590.77,26120,16.0157
3/3/2026,3.6725,82.2,1393.989,1.406870471,122.2,1.6667,0.377287506,6.9325,5.171515409,1.366976999,0.779376613,882.4921076,6.882312457,3769.45,20.74089837,49.22,156.225,0.854973058,0.745771947,7.821643007,324.7794376,16870.9,91.631,122.86,156.838,157.5057594,129.125,4013,1462.469152,0.307181521,499.705,21415,309.2145949,9.228,2097.270168,3570.714286,17.3056,3.931931675,1369,9.562844932,1.681244461,0.3852,3.364,58.285,3.62208,6462.4,3.641,4.357,77.4859,3.7531,1.27264,31.392,43.9797,6.784,31.631,2550,43.3195,3633.85,26165,16.0632
3/10/2026,3.6725,82.65,1415.75,1.414647258,122.3,1.6667,0.3775,6.9351,5.205261036,1.3595,0.777382031,915.1165416,6.901156235,3763.92,20.95433323,52.79,157,0.860281667,0.744451974,7.822048924,333.3267407,16893,92.10921842,124.825,156.667,157.5841851,129.3,4015,1469.239391,0.30763937,498,21335,311.45,9.3693,2097.270168,3570.214286,17.6492,3.941531691,1398.24,9.604302728,1.688048616,0.385,3.4885,59.19,3.65468,6435.57,3.641,4.3847,79.4655,3.754,1.27483,31.685,44.0679,6.7858,31.832,2580,43.9505,3765.29,26277.5,16.3267
